partyId,party,issueId,question,status,stance,summary,sourceUrl,proposalIds,consultedSourceIds,lastVerified
ahi,Agrupación Herreña Independiente,jornada,¿Debería reducirse la jornada laboral máxima manteniendo el salario?,comparable,conditional,"Apoya reducir la jornada laboral, condicionado a diálogo social, acuerdo, adaptación de las empresas y mejoras de productividad.",https://www.parcan.es/pub/ds.py/2025/84/5/,ahi-jornada-canarias-jornada-2025-revision,ahi-vivienda-2025 | ahi-canarias-2023 | ahi-frontera-2023 | ahi-decreto-canarias-2025 | canarias-jornada-2025 | canarias-regularizacion-2026 | canarias-aborto-2025 | canarias-ganaderia-2026 | canarias-cannabis-2024,2026-10-07
asg,Agrupación Socialista Gomera,jornada,¿Debería reducirse la jornada laboral máxima manteniendo el salario?,comparable,conditional,"Apoya la reducción a 37,5 horas, con consenso social y compensación pública de los costes para pequeñas empresas.",https://www.parcan.es/pub/ds.py/2025/84/5/,asg-jornada-canarias-jornada-2025-revision,asg-pensiones-2018 | asg-vivienda-2026 | asg-transporte-2025 | canarias-jornada-2025 | canarias-regularizacion-2026 | canarias-aborto-2025 | senado-smi-2022 | canarias-infantil-2020 | canarias-ganaderia-2026 | canarias-cadena-julio-2022 | senado-permisos-2026 | canarias-cannabis-2024,2026-10-07
bng,Bloque Nacionalista Galego,jornada,¿Debería reducirse la jornada laboral máxima manteniendo el salario?,comparable,support,Propone una jornada de 35 horas sin reducción salarial.,https://www.bng.gal/media/bnggaliza/files/2023/07/05/23_bng_xerais_programa.pdf,bng-jornada | bng-jornada-iniciativa-2025,bng-2023 | congreso-jornada-35 | bng-galegas-2024,2026-10-07
cc,Coalición Canaria,jornada,¿Debería reducirse la jornada laboral máxima manteniendo el salario?,comparable,conditional,"Apoya el objetivo de reducir la jornada a 37,5 horas con diálogo y acuerdo social, y rechaza el diseño del proyecto entonces planteado.",https://www.parcan.es/pub/ds.py/2025/84/5/,cc-jornada-canarias-jornada-2025-revision,cc-menores-2024 | cc-pensiones | cc-fiscalidad | cc-canarias-2023 | cc-regularizacion-2026 | canarias-jornada-2025 | canarias-regularizacion-2026 | canarias-aborto-2025 | canarias-infantil-2020 | canarias-cannabis-2024,2026-10-07
compromis,Compromís,jornada,¿Debería reducirse la jornada laboral máxima manteniendo el salario?,comparable,support,Apoya el proyecto estatal de reducción de jornada debatido en septiembre de 2025.,https://www.congreso.es/public_oficiales/L15/CONG/DS/PL/DSCD-15-PL-135.PDF,compromis-jornada-compromis-sumar-2023 | compromis-jornada-compromis-generales-2011-societat-revision | compromis-jornada-compromis-corts-2023-revision | compromis-jornada-congreso-jornada-2025-revision,congreso-jornada-2025 | compromis-sumar-2023 | compromis-alquiler-2025 | compromis-corts-2023 | compromis-generales-2011-societat | compromis-aborto-2025 | compromis-mordaza-2019 | compromis-acuerdo-2016,2026-10-07
erc,Esquerra Republicana de Catalunya,jornada,¿Debería reducirse la jornada laboral máxima manteniendo el salario?,comparable,support,Propone reducir la jornada laboral legal sin reducir el salario de las personas trabajadoras.,https://www.esquerra.cat/esquerra-republicana-congres-reduccio-jornada-laboral/,erc-jornada-erc-europeas-2024-revision | erc-jornada-erc-jornada-2024-revision,erc-2023 | congreso-jornada-2025 | erc-dental-2026 | erc-cannabis-2021 | erc-vivienda-2018 | erc-palestina-2026 | erc-industria-2026 | erc-cuestionario-pensiones | erc-europeas-2024 | erc-jornada-2024 | erc-catalunya-2024,2026-10-07
eh-bildu,Euskal Herria Bildu,jornada,¿Debería reducirse la jornada laboral máxima manteniendo el salario?,comparable,support,Propone reducir la jornada semanal máxima a 32 horas sin pérdida salarial ni de condiciones.,https://ehbildu.eus/dokumentuak/23J-COMPROMISO-DE-EUSKAL-HERRIA-BILDU.pdf,eh-bildu-jornada,bildu-2023 | bildu-gasteiz-programa | bildu-euskadi-2024 | navarra-nuclear-2025 | navarra-ebau-2023,2026-10-07
pnv,Euzko Alderdi Jeltzalea–Partido Nacionalista Vasco,jornada,¿Debería reducirse la jornada laboral máxima manteniendo el salario?,comparable,conditional,"Apoya tramitar la reducción legal de jornada de 2025, con diálogo social, transición, apoyo a pymes y mejoras de productividad.",https://www.congreso.es/public_oficiales/L15/CONG/DS/PL/DSCD-15-PL-135.PDF,pnv-jornada-congreso-jornada-2025-revision,pnv-2023 | congreso-jornada-2025 | pnv-euskadi-2024 | senado-smi-2022 | senado-pelotas-2021 | pnv-mordaza-2024 | pnv-irpf-2022 | pnv-palestina-2024 | pnv-fortunas-acuerdo-2023,2026-10-07
geroa-bai,Geroa Bai,jornada,¿Debería reducirse la jornada laboral máxima manteniendo el salario?,related,,Propone explorar la semana de cuatro días y reducciones de jornada para conciliar.,https://geroabai.eus/files/2023/05/programa-parlamento-completo-pag-4.pdf,geroa-bai-jornada-geroa-bai-forales-2023-revision,geroa-bai-fiscalidad-2025 | geroa-bai-forales-2023 | geroa-bai-generales-2019 | navarra-nuclear-2025 | geroa-pensiones-enmienda-2014 | geroa-pelotas-2021 | navarra-ebau-2023 | geroa-irpf-2025 | geroa-bai-forales-2015,2026-10-07
iu,Izquierda Unida,jornada,¿Debería reducirse la jornada laboral máxima manteniendo el salario?,comparable,support,Apoya reducir la jornada laboral sin pérdida de salario.,https://izquierdaunida.org/2024/07/22/maillo-reclama-politicas-audaces-de-vivienda-y-una-aceleracion-legislativa-para-que-no-se-neutralicen-las-mejoras-salariales-y-en-el-empl/,iu-jornada-ampliacion-2026 | iu-jornada-iu-jornada-2024-revision,iu-2023 | iu-jornada-2024 | iu-palestina-2024 | iu-europeas-2019 | iu-nuclear-2026 | iu-mordaza-2025,2026-10-07
junts,Junts per Catalunya,jornada,¿Debería reducirse la jornada laboral máxima manteniendo el salario?,comparable,conditional,"Rechaza la reducción legal de jornada en los términos del proyecto de 2025, y reclama negociación, productividad y flexibilidad.",https://www.congreso.es/public_oficiales/L15/CONG/DS/PL/DSCD-15-PL-135.PDF,junts-jornada-devolucion-2025 | junts-jornada-congreso-jornada-2025-revision,congreso-jornada-2025 | junts-catalunya-2024 | senado-smi-2022 | senado-pelotas-2021 | senado-cooperacion-2022,2026-10-07
mas-madrid,Más Madrid,jornada,¿Debería reducirse la jornada laboral máxima manteniendo el salario?,comparable,support,"Defiende reducir la jornada sin perder salario, con una meta de treinta y dos horas semanales.",https://masmadrid.org/mas-madrid-se-reune-con-ugt-para-hablar-de-la-reduccion-de-la-jornada-laboral-sin-reduccion-de-salario-y-presenta-su-comision-de-estudio-sobre-conciliacion/,mas-madrid-jornada-mas-madrid-jornada-2024-revision,mas-madrid-aborto-2025 | mas-madrid-cm-2023 | mas-madrid-jornada-2024 | mas-madrid-alquiler-2026 | mas-madrid-mordaza | senado-cooperacion-2022 | mas-madrid-fortunas-carta-2023,2026-10-07
pp,Partido Popular,jornada,¿Debería reducirse la jornada laboral máxima manteniendo el salario?,comparable,conditional,Rechaza el proyecto de reducción legal de jornada de 2025; reclama negociación colectiva y mejoras de productividad.,https://www.pp.es/actualidad/articulos/bravo-denuncia-que-la-ley-de-reduccion-laboral-del-gobierno-esta-invadida-de-ideologia-y-supondria-un-duro-golpe-al-tejido-productivo/,pp-jornada-devolucion-2025 | pp-jornada-pp-jornada-2025-revision,pp-2023 | congreso-jornada-2025 | pp-pension-ipc-2026 | pp-banca-jornada | pp-jornada-2025 | canarias-regularizacion-2026 | senado-smi-2022 | canarias-cadena-julio-2022 | senado-pelotas-2021 | pp-mordaza-pnl-2021 | canarias-cannabis-2024 | pp-alquiler-2025 | pp-palestina-2024 | pp-murcia-2025,2026-10-07
psoe,Partido Socialista Obrero Español,jornada,¿Debería reducirse la jornada laboral máxima manteniendo el salario?,comparable,conditional,"Se compromete a pasar de cuarenta a 37,5 horas semanales sin reducir el sueldo, mediante diálogo social.",https://www.psoe.es/media-content/2024/04/Manifiesto-PSOE-1-mayo-2024.pdf,psoe-jornada-ampliacion-2026 | psoe-jornada-psoe-mayo-2024-revision,psoe-2023 | psoe-mayo-2024 | psoe-palestina-discurso | psoe-alquiler-2025 | psoe-defensa-plan-2025 | psoe-aborto-pnl-indexada-2025 | senado-pelotas-2021 | psoe-mordaza-2024 | psoe-mordaza-ppl-2024 | psoe-fortunas-2025 | psoe-desahucios-2026 | canarias-cannabis-2024 | psoe-regularizacion-2026,2026-10-07
podemos,Podemos,jornada,¿Debería reducirse la jornada laboral máxima manteniendo el salario?,comparable,support,Propone una jornada de 34 horas semanales sin reducción salarial.,https://podemos.info/medida/jornada-laboral-de-34-horas-semanales-y-reorganizacion-de-los-tiempos-de-trabajo-ocio-y-cuidados/,podemos-jornada-congreso-jornada-2025 | podemos-jornada-podemos-jornada-2019,congreso-jornada-2025 | podemos-jornada-2019 | podemos-infantil-programa | podemos-alquiler-programa | podemos-pensiones-programa | podemos-smi-programa | podemos-cie-programa | podemos-cannabis-programa | podemos-vivienda-publica-programa | podemos-desahucios-programa | podemos-hidroelectricas-programa | podemos-nuclear-programa | podemos-permiso-nacimiento-programa | podemos-transporte-joven-europa | podemos-murcia-dental-2023 | podemos-murcia-regularizacion-2026 | podemos-andalucia-aborto-2023 | podemos-software-2015 | podemos-palestina-2016 | podemos-mordaza-declaracion | podemos-ganaderia-europa | podemos-tpan-europa | podemos-justicia-fiscal | podemos-murcia-igualdad-2017 | podemos-jubilacion-declaracion | podemos-cgpj-programa | podemos-cooperacion-programa,2026-10-07
sumar-2023,Sumar · coalición electoral de 2023,jornada,¿Debería reducirse la jornada laboral máxima manteniendo el salario?,comparable,support,"Propone 37,5 horas en 2024 y diálogo social para avanzar hasta 32 horas semanales sin reducción salarial.",https://movimientosumar.es/wp-content/uploads/2023/07/Un-Programa-para-ti.pdf,sumar-2023-jornada,sumar-2023,2026-10-07
upn,Unión del Pueblo Navarro,jornada,¿Debería reducirse la jornada laboral máxima manteniendo el salario?,related,,Defiende la concertación social y las reducciones negociadas frente a la intervención y la imposición.,https://www.congreso.es/public_oficiales/L15/CONG/DS/PL/DSCD-15-PL-135.PDF,upn-jornada-congreso-jornada-2025-revision,upn-2023 | congreso-jornada-2025 | upn-forales-2023 | navarra-nuclear-votacion-2025 | navarra-ebau-2023 | upn-alquiler-2026,2026-10-07
vox,VOX,jornada,¿Debería reducirse la jornada laboral máxima manteniendo el salario?,comparable,oppose,Rechaza el proyecto de reducción de jornada de 2025 por considerar que empeoraría las condiciones de los trabajadores y aumentaría los costes.,https://www.congreso.es/public_oficiales/L15/CONG/DS/PL/DSCD-15-PL-135.PDF,vox-jornada-devolucion-2025 | vox-jornada-congreso-jornada-2025-revision,vox-2023 | congreso-jornada-2025 | vox-cannabis-2022 | vox-defensa-2025 | vox-regularizacion-2026 | senado-pelotas-2021 | vox-mordaza-2024 | canarias-cannabis-2024 | senado-cooperacion-2022 | vox-fortunas-2024,2026-10-07
ahi,Agrupación Herreña Independiente,smi,¿Debería fijarse el salario mínimo en al menos el 60 % del salario medio?,no_comparable_evidence,,No se ha encontrado una posición suficientemente clara en las fuentes consultadas.,,,ahi-vivienda-2025 | ahi-canarias-2023 | ahi-frontera-2023 | ahi-decreto-canarias-2025 | canarias-jornada-2025 | canarias-regularizacion-2026 | canarias-aborto-2025 | canarias-ganaderia-2026 | canarias-cannabis-2024,2026-10-07
asg,Agrupación Socialista Gomera,smi,¿Debería fijarse el salario mínimo en al menos el 60 % del salario medio?,comparable,support,Apoya elevar el SMI hasta el sesenta por ciento del salario medio.,https://www.senado.es/legis14/publicaciones/pdf/senado/ds/DS_P_14_112.PDF,asg-smi-senado-smi-2022-revision,asg-pensiones-2018 | asg-vivienda-2026 | asg-transporte-2025 | canarias-jornada-2025 | canarias-regularizacion-2026 | canarias-aborto-2025 | senado-smi-2022 | canarias-infantil-2020 | canarias-ganaderia-2026 | canarias-cadena-julio-2022 | senado-permisos-2026 | canarias-cannabis-2024,2026-10-07
bng,Bloque Nacionalista Galego,smi,¿Debería fijarse el salario mínimo en al menos el 60 % del salario medio?,comparable,support,Propone situar el salario mínimo en el 60 % del salario medio.,https://www.bng.gal/media/bnggaliza/files/2023/07/05/23_bng_xerais_programa.pdf,bng-smi,bng-2023 | congreso-jornada-35 | bng-galegas-2024,2026-10-07
cc,Coalición Canaria,smi,¿Debería fijarse el salario mínimo en al menos el 60 % del salario medio?,no_comparable_evidence,,No se ha encontrado una posición suficientemente clara en las fuentes consultadas.,,,cc-menores-2024 | cc-pensiones | cc-fiscalidad | cc-canarias-2023 | cc-regularizacion-2026 | canarias-jornada-2025 | canarias-regularizacion-2026 | canarias-aborto-2025 | canarias-infantil-2020 | canarias-cannabis-2024,2026-10-07
compromis,Compromís,smi,¿Debería fijarse el salario mínimo en al menos el 60 % del salario medio?,comparable,support,Defiende un salario mínimo equivalente al sesenta por ciento del salario medio español.,https://programa2011.compromis.net/?seccio=societat,compromis-smi-compromis-generales-2011-societat-revision,congreso-jornada-2025 | compromis-sumar-2023 | compromis-alquiler-2025 | compromis-corts-2023 | compromis-generales-2011-societat | compromis-aborto-2025 | compromis-mordaza-2019 | compromis-acuerdo-2016,2026-10-07
erc,Esquerra Republicana de Catalunya,smi,¿Debería fijarse el salario mínimo en al menos el 60 % del salario medio?,comparable,conditional,"Defiende que el salario mínimo de referencia de Catalunya represente el sesenta por ciento del salario medio, mediante concertación social.",https://static.esquerra.cat/uploads/20240529/c2024-programa.pdf,erc-smi-ampliacion-2026 | erc-smi-erc-catalunya-2024-revision,erc-2023 | congreso-jornada-2025 | erc-dental-2026 | erc-cannabis-2021 | erc-vivienda-2018 | erc-palestina-2026 | erc-industria-2026 | erc-cuestionario-pensiones | erc-europeas-2024 | erc-jornada-2024 | erc-catalunya-2024,2026-10-07
eh-bildu,Euskal Herria Bildu,smi,¿Debería fijarse el salario mínimo en al menos el 60 % del salario medio?,comparable,conditional,Propone salario mínimo propio basado en el 60 % del salario medio de cada territorio; ámbito distinto del SMI estatal.,https://ehbildu.eus/dokumentuak/23J-COMPROMISO-DE-EUSKAL-HERRIA-BILDU.pdf,eh-bildu-smi,bildu-2023 | bildu-gasteiz-programa | bildu-euskadi-2024 | navarra-nuclear-2025 | navarra-ebau-2023,2026-10-07
pnv,Euzko Alderdi Jeltzalea–Partido Nacionalista Vasco,smi,¿Debería fijarse el salario mínimo en al menos el 60 % del salario medio?,comparable,conditional,Apoya que el salario mínimo alcance el sesenta por ciento del salario medio y pide atender el impacto en pequeñas empresas.,https://www.senado.es/legis14/publicaciones/pdf/senado/ds/DS_P_14_112.PDF,pnv-smi-senado-smi-2022-revision,pnv-2023 | congreso-jornada-2025 | pnv-euskadi-2024 | senado-smi-2022 | senado-pelotas-2021 | pnv-mordaza-2024 | pnv-irpf-2022 | pnv-palestina-2024 | pnv-fortunas-acuerdo-2023,2026-10-07
geroa-bai,Geroa Bai,smi,¿Debería fijarse el salario mínimo en al menos el 60 % del salario medio?,no_comparable_evidence,,No se ha encontrado una posición suficientemente clara en las fuentes consultadas.,,,geroa-bai-fiscalidad-2025 | geroa-bai-forales-2023 | geroa-bai-generales-2019 | navarra-nuclear-2025 | geroa-pensiones-enmienda-2014 | geroa-pelotas-2021 | navarra-ebau-2023 | geroa-irpf-2025 | geroa-bai-forales-2015,2026-10-07
iu,Izquierda Unida,smi,¿Debería fijarse el salario mínimo en al menos el 60 % del salario medio?,comparable,support,Defiende que el salario mínimo se sitúe al menos en el sesenta por ciento del salario medio para todos los sectores y territorios.,https://izquierdaunida.org/wp-content/uploads/2023/07/Programa-IU-Elecciones-Generales-Jl2023.pdf,iu-smi-iu-2023-revision,iu-2023 | iu-jornada-2024 | iu-palestina-2024 | iu-europeas-2019 | iu-nuclear-2026 | iu-mordaza-2025,2026-10-07
junts,Junts per Catalunya,smi,¿Debería fijarse el salario mínimo en al menos el 60 % del salario medio?,comparable,conditional,"Propone elevar progresivamente el SMI hacia el 60 % del salario medio, con diálogo social y apoyo a los sectores con dificultades.",https://carlespuigdemont.cat/wp-content/uploads/2024/04/PROGRAMA-DE-GOVERN.pdf,junts-smi-junts-catalunya-2024-revision | junts-smi-senado-smi-2022-revision,congreso-jornada-2025 | junts-catalunya-2024 | senado-smi-2022 | senado-pelotas-2021 | senado-cooperacion-2022,2026-10-07
mas-madrid,Más Madrid,smi,¿Debería fijarse el salario mínimo en al menos el 60 % del salario medio?,no_comparable_evidence,,No se ha encontrado una posición suficientemente clara en las fuentes consultadas.,,,mas-madrid-aborto-2025 | mas-madrid-cm-2023 | mas-madrid-jornada-2024 | mas-madrid-alquiler-2026 | mas-madrid-mordaza | senado-cooperacion-2022 | mas-madrid-fortunas-carta-2023,2026-10-07
pp,Partido Popular,smi,¿Debería fijarse el salario mínimo en al menos el 60 % del salario medio?,comparable,conditional,Propone que el SMI de 2023 alcance el sesenta por ciento del salario medio mediante diálogo social y consulta con patronal y sindicatos.,https://www.senado.es/legis14/publicaciones/pdf/senado/ds/DS_P_14_112.PDF,pp-smi-ampliacion-2026 | pp-smi-senado-smi-2022-revision,pp-2023 | congreso-jornada-2025 | pp-pension-ipc-2026 | pp-banca-jornada | pp-jornada-2025 | canarias-regularizacion-2026 | senado-smi-2022 | canarias-cadena-julio-2022 | senado-pelotas-2021 | pp-mordaza-pnl-2021 | canarias-cannabis-2024 | pp-alquiler-2025 | pp-palestina-2024 | pp-murcia-2025,2026-10-07
psoe,Partido Socialista Obrero Español,smi,¿Debería fijarse el salario mínimo en al menos el 60 % del salario medio?,comparable,support,Propone garantizar en el Estatuto de los Trabajadores que el SMI se acompase al 60 % del salario medio.,https://xn--espaaavanza-4db.es/wp-content/uploads/2023/07/PROGRAMA_ELECTORAL-GENERALES-2023.pdf,psoe-smi,psoe-2023 | psoe-mayo-2024 | psoe-palestina-discurso | psoe-alquiler-2025 | psoe-defensa-plan-2025 | psoe-aborto-pnl-indexada-2025 | senado-pelotas-2021 | psoe-mordaza-2024 | psoe-mordaza-ppl-2024 | psoe-fortunas-2025 | psoe-desahucios-2026 | canarias-cannabis-2024 | psoe-regularizacion-2026,2026-10-07
podemos,Podemos,smi,¿Debería fijarse el salario mínimo en al menos el 60 % del salario medio?,comparable,support,Propone que el salario mínimo sea al menos el 60 % del salario medio.,https://podemos.info/eu/medida/alcanzar-un-salario-minimo-interprofesional-de-1200-euros-en-la-proxima-legislatura/,podemos-smi-podemos-smi-programa-revision,congreso-jornada-2025 | podemos-jornada-2019 | podemos-infantil-programa | podemos-alquiler-programa | podemos-pensiones-programa | podemos-smi-programa | podemos-cie-programa | podemos-cannabis-programa | podemos-vivienda-publica-programa | podemos-desahucios-programa | podemos-hidroelectricas-programa | podemos-nuclear-programa | podemos-permiso-nacimiento-programa | podemos-transporte-joven-europa | podemos-murcia-dental-2023 | podemos-murcia-regularizacion-2026 | podemos-andalucia-aborto-2023 | podemos-software-2015 | podemos-palestina-2016 | podemos-mordaza-declaracion | podemos-ganaderia-europa | podemos-tpan-europa | podemos-justicia-fiscal | podemos-murcia-igualdad-2017 | podemos-jubilacion-declaracion | podemos-cgpj-programa | podemos-cooperacion-programa,2026-10-07
sumar-2023,Sumar · coalición electoral de 2023,smi,¿Debería fijarse el salario mínimo en al menos el 60 % del salario medio?,comparable,support,Propone seguir elevando el salario mínimo y considera insuficiente el 60 % del salario medio alcanzado según su documento.,https://movimientosumar.es/wp-content/uploads/2023/07/Un-Programa-para-ti.pdf,sumar-2023-smi-ampliacion-2026,sumar-2023,2026-10-07
upn,Unión del Pueblo Navarro,smi,¿Debería fijarse el salario mínimo en al menos el 60 % del salario medio?,no_comparable_evidence,,No se ha encontrado una posición suficientemente clara en las fuentes consultadas.,,,upn-2023 | congreso-jornada-2025 | upn-forales-2023 | navarra-nuclear-votacion-2025 | navarra-ebau-2023 | upn-alquiler-2026,2026-10-07
vox,VOX,smi,¿Debería fijarse el salario mínimo en al menos el 60 % del salario medio?,no_comparable_evidence,,No se ha encontrado una posición suficientemente clara en las fuentes consultadas.,,,vox-2023 | congreso-jornada-2025 | vox-cannabis-2022 | vox-defensa-2025 | vox-regularizacion-2026 | senado-pelotas-2021 | vox-mordaza-2024 | canarias-cannabis-2024 | senado-cooperacion-2022 | vox-fortunas-2024,2026-10-07
ahi,Agrupación Herreña Independiente,fortunas,¿Debería mantenerse un impuesto específico sobre las grandes fortunas?,no_comparable_evidence,,No se ha encontrado una posición suficientemente clara en las fuentes consultadas.,,,ahi-vivienda-2025 | ahi-canarias-2023 | ahi-frontera-2023 | ahi-decreto-canarias-2025 | canarias-jornada-2025 | canarias-regularizacion-2026 | canarias-aborto-2025 | canarias-ganaderia-2026 | canarias-cannabis-2024,2026-10-07
asg,Agrupación Socialista Gomera,fortunas,¿Debería mantenerse un impuesto específico sobre las grandes fortunas?,no_comparable_evidence,,No se ha encontrado una posición suficientemente clara en las fuentes consultadas.,,,asg-pensiones-2018 | asg-vivienda-2026 | asg-transporte-2025 | canarias-jornada-2025 | canarias-regularizacion-2026 | canarias-aborto-2025 | senado-smi-2022 | canarias-infantil-2020 | canarias-ganaderia-2026 | canarias-cadena-julio-2022 | senado-permisos-2026 | canarias-cannabis-2024,2026-10-07
bng,Bloque Nacionalista Galego,fortunas,¿Debería mantenerse un impuesto específico sobre las grandes fortunas?,comparable,support,Propone un gravamen permanente a grandes fortunas.,https://www.bng.gal/media/bnggaliza/files/2023/07/05/23_bng_xerais_programa.pdf,bng-fortunas,bng-2023 | congreso-jornada-35 | bng-galegas-2024,2026-10-07
cc,Coalición Canaria,fortunas,¿Debería mantenerse un impuesto específico sobre las grandes fortunas?,no_comparable_evidence,,No se ha encontrado una posición suficientemente clara en las fuentes consultadas.,,,cc-menores-2024 | cc-pensiones | cc-fiscalidad | cc-canarias-2023 | cc-regularizacion-2026 | canarias-jornada-2025 | canarias-regularizacion-2026 | canarias-aborto-2025 | canarias-infantil-2020 | canarias-cannabis-2024,2026-10-07
compromis,Compromís,fortunas,¿Debería mantenerse un impuesto específico sobre las grandes fortunas?,no_comparable_evidence,,No se ha encontrado una posición suficientemente clara en las fuentes consultadas.,,,congreso-jornada-2025 | compromis-sumar-2023 | compromis-alquiler-2025 | compromis-corts-2023 | compromis-generales-2011-societat | compromis-aborto-2025 | compromis-mordaza-2019 | compromis-acuerdo-2016,2026-10-07
erc,Esquerra Republicana de Catalunya,fortunas,¿Debería mantenerse un impuesto específico sobre las grandes fortunas?,comparable,support,Propone mejorar el funcionamiento del impuesto a las grandes fortunas para garantizar ingresos y evitar competencia fiscal interna.,https://static.esquerra.cat/uploads/20230905/e2023-programa.pdf,erc-fortunas-ampliacion-2026,erc-2023 | congreso-jornada-2025 | erc-dental-2026 | erc-cannabis-2021 | erc-vivienda-2018 | erc-palestina-2026 | erc-industria-2026 | erc-cuestionario-pensiones | erc-europeas-2024 | erc-jornada-2024 | erc-catalunya-2024,2026-10-07
eh-bildu,Euskal Herria Bildu,fortunas,¿Debería mantenerse un impuesto específico sobre las grandes fortunas?,comparable,support,Propone mantener permanentemente el gravamen a grandes fortunas con respeto a competencias forales.,https://ehbildu.eus/dokumentuak/23J-COMPROMISO-DE-EUSKAL-HERRIA-BILDU.pdf,eh-bildu-fortunas,bildu-2023 | bildu-gasteiz-programa | bildu-euskadi-2024 | navarra-nuclear-2025 | navarra-ebau-2023,2026-10-07
pnv,Euzko Alderdi Jeltzalea–Partido Nacionalista Vasco,fortunas,¿Debería mantenerse un impuesto específico sobre las grandes fortunas?,comparable,conditional,Respalda conservar y regular en los territorios forales el impuesto de solidaridad de las grandes fortunas concertado en 2022.,https://www.eaj-pnv.eus/es/adjuntos-documentos/20680/pdf/230131_eajpnv-pse,pnv-fortunas-pnv-fortunas-acuerdo-2023-revision,pnv-2023 | congreso-jornada-2025 | pnv-euskadi-2024 | senado-smi-2022 | senado-pelotas-2021 | pnv-mordaza-2024 | pnv-irpf-2022 | pnv-palestina-2024 | pnv-fortunas-acuerdo-2023,2026-10-07
geroa-bai,Geroa Bai,fortunas,¿Debería mantenerse un impuesto específico sobre las grandes fortunas?,no_comparable_evidence,,No se ha encontrado una posición suficientemente clara en las fuentes consultadas.,,,geroa-bai-fiscalidad-2025 | geroa-bai-forales-2023 | geroa-bai-generales-2019 | navarra-nuclear-2025 | geroa-pensiones-enmienda-2014 | geroa-pelotas-2021 | navarra-ebau-2023 | geroa-irpf-2025 | geroa-bai-forales-2015,2026-10-07
iu,Izquierda Unida,fortunas,¿Debería mantenerse un impuesto específico sobre las grandes fortunas?,comparable,support,Propone convertir Patrimonio en un impuesto sobre la riqueza y grandes fortunas sin bonificaciones autonómicas.,https://izquierdaunida.org/wp-content/uploads/2023/07/Programa-IU-Elecciones-Generales-Jl2023.pdf,iu-fortunas-ampliacion-2026,iu-2023 | iu-jornada-2024 | iu-palestina-2024 | iu-europeas-2019 | iu-nuclear-2026 | iu-mordaza-2025,2026-10-07
junts,Junts per Catalunya,fortunas,¿Debería mantenerse un impuesto específico sobre las grandes fortunas?,no_comparable_evidence,,No se ha encontrado una posición suficientemente clara en las fuentes consultadas.,,,congreso-jornada-2025 | junts-catalunya-2024 | senado-smi-2022 | senado-pelotas-2021 | senado-cooperacion-2022,2026-10-07
mas-madrid,Más Madrid,fortunas,¿Debería mantenerse un impuesto específico sobre las grandes fortunas?,comparable,support,"Defiende consolidar los avances del Gobierno de coalición, entre los que identifica el impuesto a las grandes fortunas.",https://masmadrid.org/monica-garcia-ministra-de-sanidad-del-gobierno-de-espana/,mas-madrid-fortunas-mas-madrid-fortunas-carta-2023-revision,mas-madrid-aborto-2025 | mas-madrid-cm-2023 | mas-madrid-jornada-2024 | mas-madrid-alquiler-2026 | mas-madrid-mordaza | senado-cooperacion-2022 | mas-madrid-fortunas-carta-2023,2026-10-07
pp,Partido Popular,fortunas,¿Debería mantenerse un impuesto específico sobre las grandes fortunas?,comparable,oppose,Propone eliminar el impuesto a las grandes fortunas.,https://www.pp.es/storage/2023/07/programa_electoral_pp_23j_feijoo_2023.pdf,pp-fortunas,pp-2023 | congreso-jornada-2025 | pp-pension-ipc-2026 | pp-banca-jornada | pp-jornada-2025 | canarias-regularizacion-2026 | senado-smi-2022 | canarias-cadena-julio-2022 | senado-pelotas-2021 | pp-mordaza-pnl-2021 | canarias-cannabis-2024 | pp-alquiler-2025 | pp-palestina-2024 | pp-murcia-2025,2026-10-07
psoe,Partido Socialista Obrero Español,fortunas,¿Debería mantenerse un impuesto específico sobre las grandes fortunas?,comparable,support,Defiende el impuesto a las grandes fortunas como contribución a la justicia fiscal y al sostenimiento de los servicios públicos.,https://www.psoe.es/congreso/noticias-congreso/el-grupo-socialista-reprocha-a-pp-vox-y-junts-que-den-la-espalda-a-los-pensionistas-y-a-los-colectivos-mas-vulnerables/,psoe-fortunas-ampliacion-2026 | psoe-fortunas-psoe-fortunas-2025-revision,psoe-2023 | psoe-mayo-2024 | psoe-palestina-discurso | psoe-alquiler-2025 | psoe-defensa-plan-2025 | psoe-aborto-pnl-indexada-2025 | senado-pelotas-2021 | psoe-mordaza-2024 | psoe-mordaza-ppl-2024 | psoe-fortunas-2025 | psoe-desahucios-2026 | canarias-cannabis-2024 | psoe-regularizacion-2026,2026-10-07
podemos,Podemos,fortunas,¿Debería mantenerse un impuesto específico sobre las grandes fortunas?,comparable,support,"Defiende un impuesto progresivo específico sobre grandes fortunas, sin bonificaciones autonómicas.",https://podemos.info/eu/bloque/garantias-justicia-fiscal/,podemos-fortunas-podemos-justicia-fiscal-revision,congreso-jornada-2025 | podemos-jornada-2019 | podemos-infantil-programa | podemos-alquiler-programa | podemos-pensiones-programa | podemos-smi-programa | podemos-cie-programa | podemos-cannabis-programa | podemos-vivienda-publica-programa | podemos-desahucios-programa | podemos-hidroelectricas-programa | podemos-nuclear-programa | podemos-permiso-nacimiento-programa | podemos-transporte-joven-europa | podemos-murcia-dental-2023 | podemos-murcia-regularizacion-2026 | podemos-andalucia-aborto-2023 | podemos-software-2015 | podemos-palestina-2016 | podemos-mordaza-declaracion | podemos-ganaderia-europa | podemos-tpan-europa | podemos-justicia-fiscal | podemos-murcia-igualdad-2017 | podemos-jubilacion-declaracion | podemos-cgpj-programa | podemos-cooperacion-programa,2026-10-07
sumar-2023,Sumar · coalición electoral de 2023,fortunas,¿Debería mantenerse un impuesto específico sobre las grandes fortunas?,comparable,support,Propone un impuesto permanente a grandes fortunas.,https://movimientosumar.es/wp-content/uploads/2023/07/Un-Programa-para-ti.pdf,sumar-2023-fortunas,sumar-2023,2026-10-07
upn,Unión del Pueblo Navarro,fortunas,¿Debería mantenerse un impuesto específico sobre las grandes fortunas?,no_comparable_evidence,,No se ha encontrado una posición suficientemente clara en las fuentes consultadas.,,,upn-2023 | congreso-jornada-2025 | upn-forales-2023 | navarra-nuclear-votacion-2025 | navarra-ebau-2023 | upn-alquiler-2026,2026-10-07
vox,VOX,fortunas,¿Debería mantenerse un impuesto específico sobre las grandes fortunas?,comparable,oppose,Propone eliminar el impuesto temporal de solidaridad de las grandes fortunas.,https://www.voxespana.es/noticias/vox-solicita-pp-moreno-bonilla-reformar-ley-tributos-cedidos-ante-inoperancia-gobierno-nacion-crear-empleo-digno-proteger-familias-20240402?provincia=almeria-cadiz-cordoba-granada-huelva-jaen-malaga-sevilla,vox-fortunas-vox-fortunas-2024-revision,vox-2023 | congreso-jornada-2025 | vox-cannabis-2022 | vox-defensa-2025 | vox-regularizacion-2026 | senado-pelotas-2021 | vox-mordaza-2024 | canarias-cannabis-2024 | senado-cooperacion-2022 | vox-fortunas-2024,2026-10-07
ahi,Agrupación Herreña Independiente,banca-energia,¿Deberían hacerse permanentes los gravámenes extraordinarios a banca y empresas energéticas?,no_comparable_evidence,,No se ha encontrado una posición suficientemente clara en las fuentes consultadas.,,,ahi-vivienda-2025 | ahi-canarias-2023 | ahi-frontera-2023 | ahi-decreto-canarias-2025 | canarias-jornada-2025 | canarias-regularizacion-2026 | canarias-aborto-2025 | canarias-ganaderia-2026 | canarias-cannabis-2024,2026-10-07
asg,Agrupación Socialista Gomera,banca-energia,¿Deberían hacerse permanentes los gravámenes extraordinarios a banca y empresas energéticas?,no_comparable_evidence,,No se ha encontrado una posición suficientemente clara en las fuentes consultadas.,,,asg-pensiones-2018 | asg-vivienda-2026 | asg-transporte-2025 | canarias-jornada-2025 | canarias-regularizacion-2026 | canarias-aborto-2025 | senado-smi-2022 | canarias-infantil-2020 | canarias-ganaderia-2026 | canarias-cadena-julio-2022 | senado-permisos-2026 | canarias-cannabis-2024,2026-10-07
bng,Bloque Nacionalista Galego,banca-energia,¿Deberían hacerse permanentes los gravámenes extraordinarios a banca y empresas energéticas?,comparable,support,Propone hacer permanentes los impuestos extraordinarios a banca y eléctricas.,https://www.bng.gal/media/bnggaliza/files/2023/07/05/23_bng_xerais_programa.pdf,bng-banca-energia,bng-2023 | congreso-jornada-35 | bng-galegas-2024,2026-10-07
cc,Coalición Canaria,banca-energia,¿Deberían hacerse permanentes los gravámenes extraordinarios a banca y empresas energéticas?,no_comparable_evidence,,No se ha encontrado una posición suficientemente clara en las fuentes consultadas.,,,cc-menores-2024 | cc-pensiones | cc-fiscalidad | cc-canarias-2023 | cc-regularizacion-2026 | canarias-jornada-2025 | canarias-regularizacion-2026 | canarias-aborto-2025 | canarias-infantil-2020 | canarias-cannabis-2024,2026-10-07
compromis,Compromís,banca-energia,¿Deberían hacerse permanentes los gravámenes extraordinarios a banca y empresas energéticas?,no_comparable_evidence,,No se ha encontrado una posición suficientemente clara en las fuentes consultadas.,,,congreso-jornada-2025 | compromis-sumar-2023 | compromis-alquiler-2025 | compromis-corts-2023 | compromis-generales-2011-societat | compromis-aborto-2025 | compromis-mordaza-2019 | compromis-acuerdo-2016,2026-10-07
erc,Esquerra Republicana de Catalunya,banca-energia,¿Deberían hacerse permanentes los gravámenes extraordinarios a banca y empresas energéticas?,comparable,support,Propone convertir los impuestos extraordinarios a banca y energéticas en permanentes y transferir la mitad de la recaudación a las comunidades.,https://static.esquerra.cat/uploads/20230905/e2023-programa.pdf,erc-banca-energia-ampliacion-2026,erc-2023 | congreso-jornada-2025 | erc-dental-2026 | erc-cannabis-2021 | erc-vivienda-2018 | erc-palestina-2026 | erc-industria-2026 | erc-cuestionario-pensiones | erc-europeas-2024 | erc-jornada-2024 | erc-catalunya-2024,2026-10-07
eh-bildu,Euskal Herria Bildu,banca-energia,¿Deberían hacerse permanentes los gravámenes extraordinarios a banca y empresas energéticas?,comparable,support,Propone hacer permanentes los impuestos a banca y energéticas respetando competencias forales.,https://ehbildu.eus/dokumentuak/23J-COMPROMISO-DE-EUSKAL-HERRIA-BILDU.pdf,eh-bildu-banca-energia,bildu-2023 | bildu-gasteiz-programa | bildu-euskadi-2024 | navarra-nuclear-2025 | navarra-ebau-2023,2026-10-07
pnv,Euzko Alderdi Jeltzalea–Partido Nacionalista Vasco,banca-energia,¿Deberían hacerse permanentes los gravámenes extraordinarios a banca y empresas energéticas?,no_comparable_evidence,,No se ha encontrado una posición suficientemente clara en las fuentes consultadas.,,,pnv-2023 | congreso-jornada-2025 | pnv-euskadi-2024 | senado-smi-2022 | senado-pelotas-2021 | pnv-mordaza-2024 | pnv-irpf-2022 | pnv-palestina-2024 | pnv-fortunas-acuerdo-2023,2026-10-07
geroa-bai,Geroa Bai,banca-energia,¿Deberían hacerse permanentes los gravámenes extraordinarios a banca y empresas energéticas?,no_comparable_evidence,,No se ha encontrado una posición suficientemente clara en las fuentes consultadas.,,,geroa-bai-fiscalidad-2025 | geroa-bai-forales-2023 | geroa-bai-generales-2019 | navarra-nuclear-2025 | geroa-pensiones-enmienda-2014 | geroa-pelotas-2021 | navarra-ebau-2023 | geroa-irpf-2025 | geroa-bai-forales-2015,2026-10-07
iu,Izquierda Unida,banca-energia,¿Deberían hacerse permanentes los gravámenes extraordinarios a banca y empresas energéticas?,no_comparable_evidence,,No se ha encontrado una posición suficientemente clara en las fuentes consultadas.,,,iu-2023 | iu-jornada-2024 | iu-palestina-2024 | iu-europeas-2019 | iu-nuclear-2026 | iu-mordaza-2025,2026-10-07
junts,Junts per Catalunya,banca-energia,¿Deberían hacerse permanentes los gravámenes extraordinarios a banca y empresas energéticas?,no_comparable_evidence,,No se ha encontrado una posición suficientemente clara en las fuentes consultadas.,,,congreso-jornada-2025 | junts-catalunya-2024 | senado-smi-2022 | senado-pelotas-2021 | senado-cooperacion-2022,2026-10-07
mas-madrid,Más Madrid,banca-energia,¿Deberían hacerse permanentes los gravámenes extraordinarios a banca y empresas energéticas?,no_comparable_evidence,,No se ha encontrado una posición suficientemente clara en las fuentes consultadas.,,,mas-madrid-aborto-2025 | mas-madrid-cm-2023 | mas-madrid-jornada-2024 | mas-madrid-alquiler-2026 | mas-madrid-mordaza | senado-cooperacion-2022 | mas-madrid-fortunas-carta-2023,2026-10-07
pp,Partido Popular,banca-energia,¿Deberían hacerse permanentes los gravámenes extraordinarios a banca y empresas energéticas?,comparable,oppose,Propone eliminar el impuesto a la banca y adaptar el energético a la normativa europea.,https://www.pp.es/actualidad/articulos/juan-bravo-critica-afan-prohibicionista-gobierno-estan-permitidas-jornadas/,pp-banca-energia-pp-banca-jornada-revision,pp-2023 | congreso-jornada-2025 | pp-pension-ipc-2026 | pp-banca-jornada | pp-jornada-2025 | canarias-regularizacion-2026 | senado-smi-2022 | canarias-cadena-julio-2022 | senado-pelotas-2021 | pp-mordaza-pnl-2021 | canarias-cannabis-2024 | pp-alquiler-2025 | pp-palestina-2024 | pp-murcia-2025,2026-10-07
psoe,Partido Socialista Obrero Español,banca-energia,¿Deberían hacerse permanentes los gravámenes extraordinarios a banca y empresas energéticas?,related,,Propone evaluar la prórroga y los ajustes de los gravámenes temporales a banca y energéticas. | Defiende los impuestos a banca y grandes fortunas y un gravamen energético temporal para 2025.,https://xn--espaaavanza-4db.es/wp-content/uploads/2023/07/PROGRAMA_ELECTORAL-GENERALES-2023.pdf | https://www.psoe.es/congreso/noticias-congreso/el-grupo-socialista-reprocha-a-pp-vox-y-junts-que-den-la-espalda-a-los-pensionistas-y-a-los-colectivos-mas-vulnerables/,psoe-banca-energia-ampliacion-2026 | psoe-banca-energia-psoe-fortunas-2025-revision,psoe-2023 | psoe-mayo-2024 | psoe-palestina-discurso | psoe-alquiler-2025 | psoe-defensa-plan-2025 | psoe-aborto-pnl-indexada-2025 | senado-pelotas-2021 | psoe-mordaza-2024 | psoe-mordaza-ppl-2024 | psoe-fortunas-2025 | psoe-desahucios-2026 | canarias-cannabis-2024 | psoe-regularizacion-2026,2026-10-07
podemos,Podemos,banca-energia,¿Deberían hacerse permanentes los gravámenes extraordinarios a banca y empresas energéticas?,no_comparable_evidence,,No se ha encontrado una posición suficientemente clara en las fuentes consultadas.,,,congreso-jornada-2025 | podemos-jornada-2019 | podemos-infantil-programa | podemos-alquiler-programa | podemos-pensiones-programa | podemos-smi-programa | podemos-cie-programa | podemos-cannabis-programa | podemos-vivienda-publica-programa | podemos-desahucios-programa | podemos-hidroelectricas-programa | podemos-nuclear-programa | podemos-permiso-nacimiento-programa | podemos-transporte-joven-europa | podemos-murcia-dental-2023 | podemos-murcia-regularizacion-2026 | podemos-andalucia-aborto-2023 | podemos-software-2015 | podemos-palestina-2016 | podemos-mordaza-declaracion | podemos-ganaderia-europa | podemos-tpan-europa | podemos-justicia-fiscal | podemos-murcia-igualdad-2017 | podemos-jubilacion-declaracion | podemos-cgpj-programa | podemos-cooperacion-programa,2026-10-07
sumar-2023,Sumar · coalición electoral de 2023,banca-energia,¿Deberían hacerse permanentes los gravámenes extraordinarios a banca y empresas energéticas?,related,,Propone mantener los gravámenes hasta completar la reforma del impuesto de sociedades; no acredita permanencia indefinida.,https://movimientosumar.es/wp-content/uploads/2023/07/Un-Programa-para-ti.pdf,sumar-2023-banca-energia,sumar-2023,2026-10-07
upn,Unión del Pueblo Navarro,banca-energia,¿Deberían hacerse permanentes los gravámenes extraordinarios a banca y empresas energéticas?,no_comparable_evidence,,No se ha encontrado una posición suficientemente clara en las fuentes consultadas.,,,upn-2023 | congreso-jornada-2025 | upn-forales-2023 | navarra-nuclear-votacion-2025 | navarra-ebau-2023 | upn-alquiler-2026,2026-10-07
vox,VOX,banca-energia,¿Deberían hacerse permanentes los gravámenes extraordinarios a banca y empresas energéticas?,comparable,conditional,Rechaza hacer permanentes los gravámenes bancario y energético; exige limitar su duración a las ayudas y aplicarlos a beneficios extraordinarios.,https://www.senado.es/legis14/publicaciones/pdf/senado/ds/DS_P_14_116.PDF,vox-banca-energia-senado-cooperacion-2022-revision,vox-2023 | congreso-jornada-2025 | vox-cannabis-2022 | vox-defensa-2025 | vox-regularizacion-2026 | senado-pelotas-2021 | vox-mordaza-2024 | canarias-cannabis-2024 | senado-cooperacion-2022 | vox-fortunas-2024,2026-10-07
ahi,Agrupación Herreña Independiente,irpf-inflacion,¿Deberían ajustarse los tramos del IRPF a la inflación?,no_comparable_evidence,,No se ha encontrado una posición suficientemente clara en las fuentes consultadas.,,,ahi-vivienda-2025 | ahi-canarias-2023 | ahi-frontera-2023 | ahi-decreto-canarias-2025 | canarias-jornada-2025 | canarias-regularizacion-2026 | canarias-aborto-2025 | canarias-ganaderia-2026 | canarias-cannabis-2024,2026-10-07
asg,Agrupación Socialista Gomera,irpf-inflacion,¿Deberían ajustarse los tramos del IRPF a la inflación?,comparable,conditional,"Apoya deflactar un 2,1 % todos los tramos del IRPF en las cuentas canarias para 2026.",https://www.agrupacionsocialistagomera.es/asg-avala-los-presupuestos-de-2026-por-ser-las-mejores-cuentas-posibles-para-responder-a-las-necesidades-de-la-ciudadania-canaria/,asg-irpf-inflacion-asg-vivienda-2026-revision,asg-pensiones-2018 | asg-vivienda-2026 | asg-transporte-2025 | canarias-jornada-2025 | canarias-regularizacion-2026 | canarias-aborto-2025 | senado-smi-2022 | canarias-infantil-2020 | canarias-ganaderia-2026 | canarias-cadena-julio-2022 | senado-permisos-2026 | canarias-cannabis-2024,2026-10-07
bng,Bloque Nacionalista Galego,irpf-inflacion,¿Deberían ajustarse los tramos del IRPF a la inflación?,comparable,conditional,Propone deflactar las tarifas del IRPF según la inflación en Galicia.,https://www.bng.gal/media/bnggaliza/files/2023/07/05/23_bng_xerais_programa.pdf,bng-irpf-inflacion-ampliacion-2026,bng-2023 | congreso-jornada-35 | bng-galegas-2024,2026-10-07
cc,Coalición Canaria,irpf-inflacion,¿Deberían ajustarse los tramos del IRPF a la inflación?,comparable,conditional,"Propone deflactar las tarifas del IRPF de acuerdo con los precios, dentro de sus medidas fiscales para Canarias de marzo de 2022.",https://coalicioncanaria.org/cc-propone-una-bateria-de-medidas-fiscales-y-economicas-para-mitigar-el-alza-de-precios/,cc-irpf-inflacion-cc-fiscalidad,cc-menores-2024 | cc-pensiones | cc-fiscalidad | cc-canarias-2023 | cc-regularizacion-2026 | canarias-jornada-2025 | canarias-regularizacion-2026 | canarias-aborto-2025 | canarias-infantil-2020 | canarias-cannabis-2024,2026-10-07
compromis,Compromís,irpf-inflacion,¿Deberían ajustarse los tramos del IRPF a la inflación?,no_comparable_evidence,,No se ha encontrado una posición suficientemente clara en las fuentes consultadas.,,,congreso-jornada-2025 | compromis-sumar-2023 | compromis-alquiler-2025 | compromis-corts-2023 | compromis-generales-2011-societat | compromis-aborto-2025 | compromis-mordaza-2019 | compromis-acuerdo-2016,2026-10-07
erc,Esquerra Republicana de Catalunya,irpf-inflacion,¿Deberían ajustarse los tramos del IRPF a la inflación?,no_comparable_evidence,,No se ha encontrado una posición suficientemente clara en las fuentes consultadas.,,,erc-2023 | congreso-jornada-2025 | erc-dental-2026 | erc-cannabis-2021 | erc-vivienda-2018 | erc-palestina-2026 | erc-industria-2026 | erc-cuestionario-pensiones | erc-europeas-2024 | erc-jornada-2024 | erc-catalunya-2024,2026-10-07
eh-bildu,Euskal Herria Bildu,irpf-inflacion,¿Deberían ajustarse los tramos del IRPF a la inflación?,no_comparable_evidence,,No se ha encontrado una posición suficientemente clara en las fuentes consultadas.,,,bildu-2023 | bildu-gasteiz-programa | bildu-euskadi-2024 | navarra-nuclear-2025 | navarra-ebau-2023,2026-10-07
pnv,Euzko Alderdi Jeltzalea–Partido Nacionalista Vasco,irpf-inflacion,¿Deberían ajustarse los tramos del IRPF a la inflación?,comparable,conditional,Respalda deflactar el IRPF para compensar el encarecimiento de la vida en el País Vasco.,https://www.eaj-pnv.eus/es/noticias/53464/ortuzar-traslada-a-la-ciudadania-vasca-un-mensaje-,pnv-irpf-inflacion-pnv-irpf-2022-revision,pnv-2023 | congreso-jornada-2025 | pnv-euskadi-2024 | senado-smi-2022 | senado-pelotas-2021 | pnv-mordaza-2024 | pnv-irpf-2022 | pnv-palestina-2024 | pnv-fortunas-acuerdo-2023,2026-10-07
geroa-bai,Geroa Bai,irpf-inflacion,¿Deberían ajustarse los tramos del IRPF a la inflación?,related,,Propone estudiar una deflactación del IRPF para rentas medias y bajas en función de la evolución del IPC.,https://geroabai.eus/es/actualidad/geroa-bai-valora-positivamente-las-medidas-y-los-compromisos-fiscales-adquiridos-para-2025,geroa-bai-irpf-inflacion-geroa-irpf-2025-revision,geroa-bai-fiscalidad-2025 | geroa-bai-forales-2023 | geroa-bai-generales-2019 | navarra-nuclear-2025 | geroa-pensiones-enmienda-2014 | geroa-pelotas-2021 | navarra-ebau-2023 | geroa-irpf-2025 | geroa-bai-forales-2015,2026-10-07
iu,Izquierda Unida,irpf-inflacion,¿Deberían ajustarse los tramos del IRPF a la inflación?,no_comparable_evidence,,No se ha encontrado una posición suficientemente clara en las fuentes consultadas.,,,iu-2023 | iu-jornada-2024 | iu-palestina-2024 | iu-europeas-2019 | iu-nuclear-2026 | iu-mordaza-2025,2026-10-07
junts,Junts per Catalunya,irpf-inflacion,¿Deberían ajustarse los tramos del IRPF a la inflación?,comparable,conditional,Propone deflactar los tramos estatales y autonómicos del IRPF según la inflación.,https://carlespuigdemont.cat/wp-content/uploads/2024/04/PROGRAMA-DE-GOVERN.pdf,junts-irpf-inflacion-junts-catalunya-2024-revision,congreso-jornada-2025 | junts-catalunya-2024 | senado-smi-2022 | senado-pelotas-2021 | senado-cooperacion-2022,2026-10-07
mas-madrid,Más Madrid,irpf-inflacion,¿Deberían ajustarse los tramos del IRPF a la inflación?,no_comparable_evidence,,No se ha encontrado una posición suficientemente clara en las fuentes consultadas.,,,mas-madrid-aborto-2025 | mas-madrid-cm-2023 | mas-madrid-jornada-2024 | mas-madrid-alquiler-2026 | mas-madrid-mordaza | senado-cooperacion-2022 | mas-madrid-fortunas-carta-2023,2026-10-07
pp,Partido Popular,irpf-inflacion,¿Deberían ajustarse los tramos del IRPF a la inflación?,comparable,support,Propone compensar los efectos de la inflación en la tarifa del IRPF.,https://www.pp.es/storage/2023/07/programa_electoral_pp_23j_feijoo_2023.pdf,pp-irpf-inflacion,pp-2023 | congreso-jornada-2025 | pp-pension-ipc-2026 | pp-banca-jornada | pp-jornada-2025 | canarias-regularizacion-2026 | senado-smi-2022 | canarias-cadena-julio-2022 | senado-pelotas-2021 | pp-mordaza-pnl-2021 | canarias-cannabis-2024 | pp-alquiler-2025 | pp-palestina-2024 | pp-murcia-2025,2026-10-07
psoe,Partido Socialista Obrero Español,irpf-inflacion,¿Deberían ajustarse los tramos del IRPF a la inflación?,no_comparable_evidence,,No se ha encontrado una posición suficientemente clara en las fuentes consultadas.,,,psoe-2023 | psoe-mayo-2024 | psoe-palestina-discurso | psoe-alquiler-2025 | psoe-defensa-plan-2025 | psoe-aborto-pnl-indexada-2025 | senado-pelotas-2021 | psoe-mordaza-2024 | psoe-mordaza-ppl-2024 | psoe-fortunas-2025 | psoe-desahucios-2026 | canarias-cannabis-2024 | psoe-regularizacion-2026,2026-10-07
podemos,Podemos,irpf-inflacion,¿Deberían ajustarse los tramos del IRPF a la inflación?,no_comparable_evidence,,No se ha encontrado una posición suficientemente clara en las fuentes consultadas.,,,congreso-jornada-2025 | podemos-jornada-2019 | podemos-infantil-programa | podemos-alquiler-programa | podemos-pensiones-programa | podemos-smi-programa | podemos-cie-programa | podemos-cannabis-programa | podemos-vivienda-publica-programa | podemos-desahucios-programa | podemos-hidroelectricas-programa | podemos-nuclear-programa | podemos-permiso-nacimiento-programa | podemos-transporte-joven-europa | podemos-murcia-dental-2023 | podemos-murcia-regularizacion-2026 | podemos-andalucia-aborto-2023 | podemos-software-2015 | podemos-palestina-2016 | podemos-mordaza-declaracion | podemos-ganaderia-europa | podemos-tpan-europa | podemos-justicia-fiscal | podemos-murcia-igualdad-2017 | podemos-jubilacion-declaracion | podemos-cgpj-programa | podemos-cooperacion-programa,2026-10-07
sumar-2023,Sumar · coalición electoral de 2023,irpf-inflacion,¿Deberían ajustarse los tramos del IRPF a la inflación?,no_comparable_evidence,,No se ha encontrado una posición suficientemente clara en las fuentes consultadas.,,,sumar-2023,2026-10-07
upn,Unión del Pueblo Navarro,irpf-inflacion,¿Deberían ajustarse los tramos del IRPF a la inflación?,comparable,support,Propone deflactar la tarifa del IRPF para combatir los efectos de la inflación.,https://www.upn.org/wp-content/uploads/2023/07/Programa-Generales-23J_V2-1.pdf,upn-irpf-inflacion,upn-2023 | congreso-jornada-2025 | upn-forales-2023 | navarra-nuclear-votacion-2025 | navarra-ebau-2023 | upn-alquiler-2026,2026-10-07
vox,VOX,irpf-inflacion,¿Deberían ajustarse los tramos del IRPF a la inflación?,comparable,support,Propone deflactar el IRPF con carácter retroactivo desde enero de 2023.,https://www.voxespana.es/noticias/vox-solicita-pp-moreno-bonilla-reformar-ley-tributos-cedidos-ante-inoperancia-gobierno-nacion-crear-empleo-digno-proteger-familias-20240402?provincia=almeria-cadiz-cordoba-granada-huelva-jaen-malaga-sevilla,vox-irpf-inflacion | vox-irpf-inflacion-vox-fortunas-2024-revision,vox-2023 | congreso-jornada-2025 | vox-cannabis-2022 | vox-defensa-2025 | vox-regularizacion-2026 | senado-pelotas-2021 | vox-mordaza-2024 | canarias-cannabis-2024 | senado-cooperacion-2022 | vox-fortunas-2024,2026-10-07
ahi,Agrupación Herreña Independiente,iva-general,¿Debería reducirse el tipo general del IVA?,no_comparable_evidence,,No se ha encontrado una posición suficientemente clara en las fuentes consultadas.,,,ahi-vivienda-2025 | ahi-canarias-2023 | ahi-frontera-2023 | ahi-decreto-canarias-2025 | canarias-jornada-2025 | canarias-regularizacion-2026 | canarias-aborto-2025 | canarias-ganaderia-2026 | canarias-cannabis-2024,2026-10-07
asg,Agrupación Socialista Gomera,iva-general,¿Debería reducirse el tipo general del IVA?,no_comparable_evidence,,No se ha encontrado una posición suficientemente clara en las fuentes consultadas.,,,asg-pensiones-2018 | asg-vivienda-2026 | asg-transporte-2025 | canarias-jornada-2025 | canarias-regularizacion-2026 | canarias-aborto-2025 | senado-smi-2022 | canarias-infantil-2020 | canarias-ganaderia-2026 | canarias-cadena-julio-2022 | senado-permisos-2026 | canarias-cannabis-2024,2026-10-07
bng,Bloque Nacionalista Galego,iva-general,¿Debería reducirse el tipo general del IVA?,no_comparable_evidence,,No se ha encontrado una posición suficientemente clara en las fuentes consultadas.,,,bng-2023 | congreso-jornada-35 | bng-galegas-2024,2026-10-07
cc,Coalición Canaria,iva-general,¿Debería reducirse el tipo general del IVA?,no_comparable_evidence,,No se ha encontrado una posición suficientemente clara en las fuentes consultadas.,,,cc-menores-2024 | cc-pensiones | cc-fiscalidad | cc-canarias-2023 | cc-regularizacion-2026 | canarias-jornada-2025 | canarias-regularizacion-2026 | canarias-aborto-2025 | canarias-infantil-2020 | canarias-cannabis-2024,2026-10-07
compromis,Compromís,iva-general,¿Debería reducirse el tipo general del IVA?,no_comparable_evidence,,No se ha encontrado una posición suficientemente clara en las fuentes consultadas.,,,congreso-jornada-2025 | compromis-sumar-2023 | compromis-alquiler-2025 | compromis-corts-2023 | compromis-generales-2011-societat | compromis-aborto-2025 | compromis-mordaza-2019 | compromis-acuerdo-2016,2026-10-07
erc,Esquerra Republicana de Catalunya,iva-general,¿Debería reducirse el tipo general del IVA?,no_comparable_evidence,,No se ha encontrado una posición suficientemente clara en las fuentes consultadas.,,,erc-2023 | congreso-jornada-2025 | erc-dental-2026 | erc-cannabis-2021 | erc-vivienda-2018 | erc-palestina-2026 | erc-industria-2026 | erc-cuestionario-pensiones | erc-europeas-2024 | erc-jornada-2024 | erc-catalunya-2024,2026-10-07
eh-bildu,Euskal Herria Bildu,iva-general,¿Debería reducirse el tipo general del IVA?,no_comparable_evidence,,No se ha encontrado una posición suficientemente clara en las fuentes consultadas.,,,bildu-2023 | bildu-gasteiz-programa | bildu-euskadi-2024 | navarra-nuclear-2025 | navarra-ebau-2023,2026-10-07
pnv,Euzko Alderdi Jeltzalea–Partido Nacionalista Vasco,iva-general,¿Debería reducirse el tipo general del IVA?,no_comparable_evidence,,No se ha encontrado una posición suficientemente clara en las fuentes consultadas.,,,pnv-2023 | congreso-jornada-2025 | pnv-euskadi-2024 | senado-smi-2022 | senado-pelotas-2021 | pnv-mordaza-2024 | pnv-irpf-2022 | pnv-palestina-2024 | pnv-fortunas-acuerdo-2023,2026-10-07
geroa-bai,Geroa Bai,iva-general,¿Debería reducirse el tipo general del IVA?,no_comparable_evidence,,No se ha encontrado una posición suficientemente clara en las fuentes consultadas.,,,geroa-bai-fiscalidad-2025 | geroa-bai-forales-2023 | geroa-bai-generales-2019 | navarra-nuclear-2025 | geroa-pensiones-enmienda-2014 | geroa-pelotas-2021 | navarra-ebau-2023 | geroa-irpf-2025 | geroa-bai-forales-2015,2026-10-07
iu,Izquierda Unida,iva-general,¿Debería reducirse el tipo general del IVA?,no_comparable_evidence,,No se ha encontrado una posición suficientemente clara en las fuentes consultadas.,,,iu-2023 | iu-jornada-2024 | iu-palestina-2024 | iu-europeas-2019 | iu-nuclear-2026 | iu-mordaza-2025,2026-10-07
junts,Junts per Catalunya,iva-general,¿Debería reducirse el tipo general del IVA?,no_comparable_evidence,,No se ha encontrado una posición suficientemente clara en las fuentes consultadas.,,,congreso-jornada-2025 | junts-catalunya-2024 | senado-smi-2022 | senado-pelotas-2021 | senado-cooperacion-2022,2026-10-07
mas-madrid,Más Madrid,iva-general,¿Debería reducirse el tipo general del IVA?,no_comparable_evidence,,No se ha encontrado una posición suficientemente clara en las fuentes consultadas.,,,mas-madrid-aborto-2025 | mas-madrid-cm-2023 | mas-madrid-jornada-2024 | mas-madrid-alquiler-2026 | mas-madrid-mordaza | senado-cooperacion-2022 | mas-madrid-fortunas-carta-2023,2026-10-07
pp,Partido Popular,iva-general,¿Debería reducirse el tipo general del IVA?,no_comparable_evidence,,No se ha encontrado una posición suficientemente clara en las fuentes consultadas.,,,pp-2023 | congreso-jornada-2025 | pp-pension-ipc-2026 | pp-banca-jornada | pp-jornada-2025 | canarias-regularizacion-2026 | senado-smi-2022 | canarias-cadena-julio-2022 | senado-pelotas-2021 | pp-mordaza-pnl-2021 | canarias-cannabis-2024 | pp-alquiler-2025 | pp-palestina-2024 | pp-murcia-2025,2026-10-07
psoe,Partido Socialista Obrero Español,iva-general,¿Debería reducirse el tipo general del IVA?,no_comparable_evidence,,No se ha encontrado una posición suficientemente clara en las fuentes consultadas.,,,psoe-2023 | psoe-mayo-2024 | psoe-palestina-discurso | psoe-alquiler-2025 | psoe-defensa-plan-2025 | psoe-aborto-pnl-indexada-2025 | senado-pelotas-2021 | psoe-mordaza-2024 | psoe-mordaza-ppl-2024 | psoe-fortunas-2025 | psoe-desahucios-2026 | canarias-cannabis-2024 | psoe-regularizacion-2026,2026-10-07
podemos,Podemos,iva-general,¿Debería reducirse el tipo general del IVA?,no_comparable_evidence,,No se ha encontrado una posición suficientemente clara en las fuentes consultadas.,,,congreso-jornada-2025 | podemos-jornada-2019 | podemos-infantil-programa | podemos-alquiler-programa | podemos-pensiones-programa | podemos-smi-programa | podemos-cie-programa | podemos-cannabis-programa | podemos-vivienda-publica-programa | podemos-desahucios-programa | podemos-hidroelectricas-programa | podemos-nuclear-programa | podemos-permiso-nacimiento-programa | podemos-transporte-joven-europa | podemos-murcia-dental-2023 | podemos-murcia-regularizacion-2026 | podemos-andalucia-aborto-2023 | podemos-software-2015 | podemos-palestina-2016 | podemos-mordaza-declaracion | podemos-ganaderia-europa | podemos-tpan-europa | podemos-justicia-fiscal | podemos-murcia-igualdad-2017 | podemos-jubilacion-declaracion | podemos-cgpj-programa | podemos-cooperacion-programa,2026-10-07
sumar-2023,Sumar · coalición electoral de 2023,iva-general,¿Debería reducirse el tipo general del IVA?,no_comparable_evidence,,No se ha encontrado una posición suficientemente clara en las fuentes consultadas.,,,sumar-2023,2026-10-07
upn,Unión del Pueblo Navarro,iva-general,¿Debería reducirse el tipo general del IVA?,no_comparable_evidence,,No se ha encontrado una posición suficientemente clara en las fuentes consultadas.,,,upn-2023 | congreso-jornada-2025 | upn-forales-2023 | navarra-nuclear-votacion-2025 | navarra-ebau-2023 | upn-alquiler-2026,2026-10-07
vox,VOX,iva-general,¿Debería reducirse el tipo general del IVA?,comparable,support,Propone reducir el tipo general de IVA al 18 % y el reducido al 8 %.,https://www.votaabascal.es/assets/pdf/Programa-VOX-2023.pdf,vox-iva-general,vox-2023 | congreso-jornada-2025 | vox-cannabis-2022 | vox-defensa-2025 | vox-regularizacion-2026 | senado-pelotas-2021 | vox-mordaza-2024 | canarias-cannabis-2024 | senado-cooperacion-2022 | vox-fortunas-2024,2026-10-07
ahi,Agrupación Herreña Independiente,pension-irpf,¿Deberían estar exentas de IRPF las pensiones contributivas?,no_comparable_evidence,,No se ha encontrado una posición suficientemente clara en las fuentes consultadas.,,,ahi-vivienda-2025 | ahi-canarias-2023 | ahi-frontera-2023 | ahi-decreto-canarias-2025 | canarias-jornada-2025 | canarias-regularizacion-2026 | canarias-aborto-2025 | canarias-ganaderia-2026 | canarias-cannabis-2024,2026-10-07
asg,Agrupación Socialista Gomera,pension-irpf,¿Deberían estar exentas de IRPF las pensiones contributivas?,no_comparable_evidence,,No se ha encontrado una posición suficientemente clara en las fuentes consultadas.,,,asg-pensiones-2018 | asg-vivienda-2026 | asg-transporte-2025 | canarias-jornada-2025 | canarias-regularizacion-2026 | canarias-aborto-2025 | senado-smi-2022 | canarias-infantil-2020 | canarias-ganaderia-2026 | canarias-cadena-julio-2022 | senado-permisos-2026 | canarias-cannabis-2024,2026-10-07
bng,Bloque Nacionalista Galego,pension-irpf,¿Deberían estar exentas de IRPF las pensiones contributivas?,no_comparable_evidence,,No se ha encontrado una posición suficientemente clara en las fuentes consultadas.,,,bng-2023 | congreso-jornada-35 | bng-galegas-2024,2026-10-07
cc,Coalición Canaria,pension-irpf,¿Deberían estar exentas de IRPF las pensiones contributivas?,no_comparable_evidence,,No se ha encontrado una posición suficientemente clara en las fuentes consultadas.,,,cc-menores-2024 | cc-pensiones | cc-fiscalidad | cc-canarias-2023 | cc-regularizacion-2026 | canarias-jornada-2025 | canarias-regularizacion-2026 | canarias-aborto-2025 | canarias-infantil-2020 | canarias-cannabis-2024,2026-10-07
compromis,Compromís,pension-irpf,¿Deberían estar exentas de IRPF las pensiones contributivas?,no_comparable_evidence,,No se ha encontrado una posición suficientemente clara en las fuentes consultadas.,,,congreso-jornada-2025 | compromis-sumar-2023 | compromis-alquiler-2025 | compromis-corts-2023 | compromis-generales-2011-societat | compromis-aborto-2025 | compromis-mordaza-2019 | compromis-acuerdo-2016,2026-10-07
erc,Esquerra Republicana de Catalunya,pension-irpf,¿Deberían estar exentas de IRPF las pensiones contributivas?,no_comparable_evidence,,No se ha encontrado una posición suficientemente clara en las fuentes consultadas.,,,erc-2023 | congreso-jornada-2025 | erc-dental-2026 | erc-cannabis-2021 | erc-vivienda-2018 | erc-palestina-2026 | erc-industria-2026 | erc-cuestionario-pensiones | erc-europeas-2024 | erc-jornada-2024 | erc-catalunya-2024,2026-10-07
eh-bildu,Euskal Herria Bildu,pension-irpf,¿Deberían estar exentas de IRPF las pensiones contributivas?,no_comparable_evidence,,No se ha encontrado una posición suficientemente clara en las fuentes consultadas.,,,bildu-2023 | bildu-gasteiz-programa | bildu-euskadi-2024 | navarra-nuclear-2025 | navarra-ebau-2023,2026-10-07
pnv,Euzko Alderdi Jeltzalea–Partido Nacionalista Vasco,pension-irpf,¿Deberían estar exentas de IRPF las pensiones contributivas?,no_comparable_evidence,,No se ha encontrado una posición suficientemente clara en las fuentes consultadas.,,,pnv-2023 | congreso-jornada-2025 | pnv-euskadi-2024 | senado-smi-2022 | senado-pelotas-2021 | pnv-mordaza-2024 | pnv-irpf-2022 | pnv-palestina-2024 | pnv-fortunas-acuerdo-2023,2026-10-07
geroa-bai,Geroa Bai,pension-irpf,¿Deberían estar exentas de IRPF las pensiones contributivas?,no_comparable_evidence,,No se ha encontrado una posición suficientemente clara en las fuentes consultadas.,,,geroa-bai-fiscalidad-2025 | geroa-bai-forales-2023 | geroa-bai-generales-2019 | navarra-nuclear-2025 | geroa-pensiones-enmienda-2014 | geroa-pelotas-2021 | navarra-ebau-2023 | geroa-irpf-2025 | geroa-bai-forales-2015,2026-10-07
iu,Izquierda Unida,pension-irpf,¿Deberían estar exentas de IRPF las pensiones contributivas?,no_comparable_evidence,,No se ha encontrado una posición suficientemente clara en las fuentes consultadas.,,,iu-2023 | iu-jornada-2024 | iu-palestina-2024 | iu-europeas-2019 | iu-nuclear-2026 | iu-mordaza-2025,2026-10-07
junts,Junts per Catalunya,pension-irpf,¿Deberían estar exentas de IRPF las pensiones contributivas?,no_comparable_evidence,,No se ha encontrado una posición suficientemente clara en las fuentes consultadas.,,,congreso-jornada-2025 | junts-catalunya-2024 | senado-smi-2022 | senado-pelotas-2021 | senado-cooperacion-2022,2026-10-07
mas-madrid,Más Madrid,pension-irpf,¿Deberían estar exentas de IRPF las pensiones contributivas?,no_comparable_evidence,,No se ha encontrado una posición suficientemente clara en las fuentes consultadas.,,,mas-madrid-aborto-2025 | mas-madrid-cm-2023 | mas-madrid-jornada-2024 | mas-madrid-alquiler-2026 | mas-madrid-mordaza | senado-cooperacion-2022 | mas-madrid-fortunas-carta-2023,2026-10-07
pp,Partido Popular,pension-irpf,¿Deberían estar exentas de IRPF las pensiones contributivas?,no_comparable_evidence,,No se ha encontrado una posición suficientemente clara en las fuentes consultadas.,,,pp-2023 | congreso-jornada-2025 | pp-pension-ipc-2026 | pp-banca-jornada | pp-jornada-2025 | canarias-regularizacion-2026 | senado-smi-2022 | canarias-cadena-julio-2022 | senado-pelotas-2021 | pp-mordaza-pnl-2021 | canarias-cannabis-2024 | pp-alquiler-2025 | pp-palestina-2024 | pp-murcia-2025,2026-10-07
psoe,Partido Socialista Obrero Español,pension-irpf,¿Deberían estar exentas de IRPF las pensiones contributivas?,no_comparable_evidence,,No se ha encontrado una posición suficientemente clara en las fuentes consultadas.,,,psoe-2023 | psoe-mayo-2024 | psoe-palestina-discurso | psoe-alquiler-2025 | psoe-defensa-plan-2025 | psoe-aborto-pnl-indexada-2025 | senado-pelotas-2021 | psoe-mordaza-2024 | psoe-mordaza-ppl-2024 | psoe-fortunas-2025 | psoe-desahucios-2026 | canarias-cannabis-2024 | psoe-regularizacion-2026,2026-10-07
podemos,Podemos,pension-irpf,¿Deberían estar exentas de IRPF las pensiones contributivas?,no_comparable_evidence,,No se ha encontrado una posición suficientemente clara en las fuentes consultadas.,,,congreso-jornada-2025 | podemos-jornada-2019 | podemos-infantil-programa | podemos-alquiler-programa | podemos-pensiones-programa | podemos-smi-programa | podemos-cie-programa | podemos-cannabis-programa | podemos-vivienda-publica-programa | podemos-desahucios-programa | podemos-hidroelectricas-programa | podemos-nuclear-programa | podemos-permiso-nacimiento-programa | podemos-transporte-joven-europa | podemos-murcia-dental-2023 | podemos-murcia-regularizacion-2026 | podemos-andalucia-aborto-2023 | podemos-software-2015 | podemos-palestina-2016 | podemos-mordaza-declaracion | podemos-ganaderia-europa | podemos-tpan-europa | podemos-justicia-fiscal | podemos-murcia-igualdad-2017 | podemos-jubilacion-declaracion | podemos-cgpj-programa | podemos-cooperacion-programa,2026-10-07
sumar-2023,Sumar · coalición electoral de 2023,pension-irpf,¿Deberían estar exentas de IRPF las pensiones contributivas?,no_comparable_evidence,,No se ha encontrado una posición suficientemente clara en las fuentes consultadas.,,,sumar-2023,2026-10-07
upn,Unión del Pueblo Navarro,pension-irpf,¿Deberían estar exentas de IRPF las pensiones contributivas?,no_comparable_evidence,,No se ha encontrado una posición suficientemente clara en las fuentes consultadas.,,,upn-2023 | congreso-jornada-2025 | upn-forales-2023 | navarra-nuclear-votacion-2025 | navarra-ebau-2023 | upn-alquiler-2026,2026-10-07
vox,VOX,pension-irpf,¿Deberían estar exentas de IRPF las pensiones contributivas?,comparable,support,Propone exención de IRPF para las pensiones contributivas.,https://www.votaabascal.es/assets/pdf/Programa-VOX-2023.pdf,vox-pension-irpf,vox-2023 | congreso-jornada-2025 | vox-cannabis-2022 | vox-defensa-2025 | vox-regularizacion-2026 | senado-pelotas-2021 | vox-mordaza-2024 | canarias-cannabis-2024 | senado-cooperacion-2022 | vox-fortunas-2024,2026-10-07
ahi,Agrupación Herreña Independiente,sociedades,¿Debería reducirse el tipo general del impuesto de sociedades al 15 %?,no_comparable_evidence,,No se ha encontrado una posición suficientemente clara en las fuentes consultadas.,,,ahi-vivienda-2025 | ahi-canarias-2023 | ahi-frontera-2023 | ahi-decreto-canarias-2025 | canarias-jornada-2025 | canarias-regularizacion-2026 | canarias-aborto-2025 | canarias-ganaderia-2026 | canarias-cannabis-2024,2026-10-07
asg,Agrupación Socialista Gomera,sociedades,¿Debería reducirse el tipo general del impuesto de sociedades al 15 %?,no_comparable_evidence,,No se ha encontrado una posición suficientemente clara en las fuentes consultadas.,,,asg-pensiones-2018 | asg-vivienda-2026 | asg-transporte-2025 | canarias-jornada-2025 | canarias-regularizacion-2026 | canarias-aborto-2025 | senado-smi-2022 | canarias-infantil-2020 | canarias-ganaderia-2026 | canarias-cadena-julio-2022 | senado-permisos-2026 | canarias-cannabis-2024,2026-10-07
bng,Bloque Nacionalista Galego,sociedades,¿Debería reducirse el tipo general del impuesto de sociedades al 15 %?,no_comparable_evidence,,No se ha encontrado una posición suficientemente clara en las fuentes consultadas.,,,bng-2023 | congreso-jornada-35 | bng-galegas-2024,2026-10-07
cc,Coalición Canaria,sociedades,¿Debería reducirse el tipo general del impuesto de sociedades al 15 %?,no_comparable_evidence,,No se ha encontrado una posición suficientemente clara en las fuentes consultadas.,,,cc-menores-2024 | cc-pensiones | cc-fiscalidad | cc-canarias-2023 | cc-regularizacion-2026 | canarias-jornada-2025 | canarias-regularizacion-2026 | canarias-aborto-2025 | canarias-infantil-2020 | canarias-cannabis-2024,2026-10-07
compromis,Compromís,sociedades,¿Debería reducirse el tipo general del impuesto de sociedades al 15 %?,no_comparable_evidence,,No se ha encontrado una posición suficientemente clara en las fuentes consultadas.,,,congreso-jornada-2025 | compromis-sumar-2023 | compromis-alquiler-2025 | compromis-corts-2023 | compromis-generales-2011-societat | compromis-aborto-2025 | compromis-mordaza-2019 | compromis-acuerdo-2016,2026-10-07
erc,Esquerra Republicana de Catalunya,sociedades,¿Debería reducirse el tipo general del impuesto de sociedades al 15 %?,no_comparable_evidence,,No se ha encontrado una posición suficientemente clara en las fuentes consultadas.,,,erc-2023 | congreso-jornada-2025 | erc-dental-2026 | erc-cannabis-2021 | erc-vivienda-2018 | erc-palestina-2026 | erc-industria-2026 | erc-cuestionario-pensiones | erc-europeas-2024 | erc-jornada-2024 | erc-catalunya-2024,2026-10-07
eh-bildu,Euskal Herria Bildu,sociedades,¿Debería reducirse el tipo general del impuesto de sociedades al 15 %?,no_comparable_evidence,,No se ha encontrado una posición suficientemente clara en las fuentes consultadas.,,,bildu-2023 | bildu-gasteiz-programa | bildu-euskadi-2024 | navarra-nuclear-2025 | navarra-ebau-2023,2026-10-07
pnv,Euzko Alderdi Jeltzalea–Partido Nacionalista Vasco,sociedades,¿Debería reducirse el tipo general del impuesto de sociedades al 15 %?,no_comparable_evidence,,No se ha encontrado una posición suficientemente clara en las fuentes consultadas.,,,pnv-2023 | congreso-jornada-2025 | pnv-euskadi-2024 | senado-smi-2022 | senado-pelotas-2021 | pnv-mordaza-2024 | pnv-irpf-2022 | pnv-palestina-2024 | pnv-fortunas-acuerdo-2023,2026-10-07
geroa-bai,Geroa Bai,sociedades,¿Debería reducirse el tipo general del impuesto de sociedades al 15 %?,no_comparable_evidence,,No se ha encontrado una posición suficientemente clara en las fuentes consultadas.,,,geroa-bai-fiscalidad-2025 | geroa-bai-forales-2023 | geroa-bai-generales-2019 | navarra-nuclear-2025 | geroa-pensiones-enmienda-2014 | geroa-pelotas-2021 | navarra-ebau-2023 | geroa-irpf-2025 | geroa-bai-forales-2015,2026-10-07
iu,Izquierda Unida,sociedades,¿Debería reducirse el tipo general del impuesto de sociedades al 15 %?,related,,Propone tributación mínima efectiva del 15 % del resultado contable; no es reducir el tipo general al 15 %.,https://izquierdaunida.org/wp-content/uploads/2023/07/Programa-IU-Elecciones-Generales-Jl2023.pdf,iu-sociedades,iu-2023 | iu-jornada-2024 | iu-palestina-2024 | iu-europeas-2019 | iu-nuclear-2026 | iu-mordaza-2025,2026-10-07
junts,Junts per Catalunya,sociedades,¿Debería reducirse el tipo general del impuesto de sociedades al 15 %?,no_comparable_evidence,,No se ha encontrado una posición suficientemente clara en las fuentes consultadas.,,,congreso-jornada-2025 | junts-catalunya-2024 | senado-smi-2022 | senado-pelotas-2021 | senado-cooperacion-2022,2026-10-07
mas-madrid,Más Madrid,sociedades,¿Debería reducirse el tipo general del impuesto de sociedades al 15 %?,no_comparable_evidence,,No se ha encontrado una posición suficientemente clara en las fuentes consultadas.,,,mas-madrid-aborto-2025 | mas-madrid-cm-2023 | mas-madrid-jornada-2024 | mas-madrid-alquiler-2026 | mas-madrid-mordaza | senado-cooperacion-2022 | mas-madrid-fortunas-carta-2023,2026-10-07
pp,Partido Popular,sociedades,¿Debería reducirse el tipo general del impuesto de sociedades al 15 %?,no_comparable_evidence,,No se ha encontrado una posición suficientemente clara en las fuentes consultadas.,,,pp-2023 | congreso-jornada-2025 | pp-pension-ipc-2026 | pp-banca-jornada | pp-jornada-2025 | canarias-regularizacion-2026 | senado-smi-2022 | canarias-cadena-julio-2022 | senado-pelotas-2021 | pp-mordaza-pnl-2021 | canarias-cannabis-2024 | pp-alquiler-2025 | pp-palestina-2024 | pp-murcia-2025,2026-10-07
psoe,Partido Socialista Obrero Español,sociedades,¿Debería reducirse el tipo general del impuesto de sociedades al 15 %?,no_comparable_evidence,,No se ha encontrado una posición suficientemente clara en las fuentes consultadas.,,,psoe-2023 | psoe-mayo-2024 | psoe-palestina-discurso | psoe-alquiler-2025 | psoe-defensa-plan-2025 | psoe-aborto-pnl-indexada-2025 | senado-pelotas-2021 | psoe-mordaza-2024 | psoe-mordaza-ppl-2024 | psoe-fortunas-2025 | psoe-desahucios-2026 | canarias-cannabis-2024 | psoe-regularizacion-2026,2026-10-07
podemos,Podemos,sociedades,¿Debería reducirse el tipo general del impuesto de sociedades al 15 %?,no_comparable_evidence,,No se ha encontrado una posición suficientemente clara en las fuentes consultadas.,,,congreso-jornada-2025 | podemos-jornada-2019 | podemos-infantil-programa | podemos-alquiler-programa | podemos-pensiones-programa | podemos-smi-programa | podemos-cie-programa | podemos-cannabis-programa | podemos-vivienda-publica-programa | podemos-desahucios-programa | podemos-hidroelectricas-programa | podemos-nuclear-programa | podemos-permiso-nacimiento-programa | podemos-transporte-joven-europa | podemos-murcia-dental-2023 | podemos-murcia-regularizacion-2026 | podemos-andalucia-aborto-2023 | podemos-software-2015 | podemos-palestina-2016 | podemos-mordaza-declaracion | podemos-ganaderia-europa | podemos-tpan-europa | podemos-justicia-fiscal | podemos-murcia-igualdad-2017 | podemos-jubilacion-declaracion | podemos-cgpj-programa | podemos-cooperacion-programa,2026-10-07
sumar-2023,Sumar · coalición electoral de 2023,sociedades,¿Debería reducirse el tipo general del impuesto de sociedades al 15 %?,no_comparable_evidence,,No se ha encontrado una posición suficientemente clara en las fuentes consultadas.,,,sumar-2023,2026-10-07
upn,Unión del Pueblo Navarro,sociedades,¿Debería reducirse el tipo general del impuesto de sociedades al 15 %?,no_comparable_evidence,,No se ha encontrado una posición suficientemente clara en las fuentes consultadas.,,,upn-2023 | congreso-jornada-2025 | upn-forales-2023 | navarra-nuclear-votacion-2025 | navarra-ebau-2023 | upn-alquiler-2026,2026-10-07
vox,VOX,sociedades,¿Debería reducirse el tipo general del impuesto de sociedades al 15 %?,comparable,conditional,Propone reducir sociedades al 15 %; la reducción efectiva depende de relocalizar beneficios y crear empleo.,https://www.votaabascal.es/assets/pdf/Programa-VOX-2023.pdf,vox-sociedades,vox-2023 | congreso-jornada-2025 | vox-cannabis-2022 | vox-defensa-2025 | vox-regularizacion-2026 | senado-pelotas-2021 | vox-mordaza-2024 | canarias-cannabis-2024 | senado-cooperacion-2022 | vox-fortunas-2024,2026-10-07
ahi,Agrupación Herreña Independiente,cuota-autonomos,¿Deberían pagar cuota cero los nuevos autónomos durante su primer año?,no_comparable_evidence,,No se ha encontrado una posición suficientemente clara en las fuentes consultadas.,,,ahi-vivienda-2025 | ahi-canarias-2023 | ahi-frontera-2023 | ahi-decreto-canarias-2025 | canarias-jornada-2025 | canarias-regularizacion-2026 | canarias-aborto-2025 | canarias-ganaderia-2026 | canarias-cannabis-2024,2026-10-07
asg,Agrupación Socialista Gomera,cuota-autonomos,¿Deberían pagar cuota cero los nuevos autónomos durante su primer año?,no_comparable_evidence,,No se ha encontrado una posición suficientemente clara en las fuentes consultadas.,,,asg-pensiones-2018 | asg-vivienda-2026 | asg-transporte-2025 | canarias-jornada-2025 | canarias-regularizacion-2026 | canarias-aborto-2025 | senado-smi-2022 | canarias-infantil-2020 | canarias-ganaderia-2026 | canarias-cadena-julio-2022 | senado-permisos-2026 | canarias-cannabis-2024,2026-10-07
bng,Bloque Nacionalista Galego,cuota-autonomos,¿Deberían pagar cuota cero los nuevos autónomos durante su primer año?,no_comparable_evidence,,No se ha encontrado una posición suficientemente clara en las fuentes consultadas.,,,bng-2023 | congreso-jornada-35 | bng-galegas-2024,2026-10-07
cc,Coalición Canaria,cuota-autonomos,¿Deberían pagar cuota cero los nuevos autónomos durante su primer año?,no_comparable_evidence,,No se ha encontrado una posición suficientemente clara en las fuentes consultadas.,,,cc-menores-2024 | cc-pensiones | cc-fiscalidad | cc-canarias-2023 | cc-regularizacion-2026 | canarias-jornada-2025 | canarias-regularizacion-2026 | canarias-aborto-2025 | canarias-infantil-2020 | canarias-cannabis-2024,2026-10-07
compromis,Compromís,cuota-autonomos,¿Deberían pagar cuota cero los nuevos autónomos durante su primer año?,no_comparable_evidence,,No se ha encontrado una posición suficientemente clara en las fuentes consultadas.,,,congreso-jornada-2025 | compromis-sumar-2023 | compromis-alquiler-2025 | compromis-corts-2023 | compromis-generales-2011-societat | compromis-aborto-2025 | compromis-mordaza-2019 | compromis-acuerdo-2016,2026-10-07
erc,Esquerra Republicana de Catalunya,cuota-autonomos,¿Deberían pagar cuota cero los nuevos autónomos durante su primer año?,no_comparable_evidence,,No se ha encontrado una posición suficientemente clara en las fuentes consultadas.,,,erc-2023 | congreso-jornada-2025 | erc-dental-2026 | erc-cannabis-2021 | erc-vivienda-2018 | erc-palestina-2026 | erc-industria-2026 | erc-cuestionario-pensiones | erc-europeas-2024 | erc-jornada-2024 | erc-catalunya-2024,2026-10-07
eh-bildu,Euskal Herria Bildu,cuota-autonomos,¿Deberían pagar cuota cero los nuevos autónomos durante su primer año?,no_comparable_evidence,,No se ha encontrado una posición suficientemente clara en las fuentes consultadas.,,,bildu-2023 | bildu-gasteiz-programa | bildu-euskadi-2024 | navarra-nuclear-2025 | navarra-ebau-2023,2026-10-07
pnv,Euzko Alderdi Jeltzalea–Partido Nacionalista Vasco,cuota-autonomos,¿Deberían pagar cuota cero los nuevos autónomos durante su primer año?,no_comparable_evidence,,No se ha encontrado una posición suficientemente clara en las fuentes consultadas.,,,pnv-2023 | congreso-jornada-2025 | pnv-euskadi-2024 | senado-smi-2022 | senado-pelotas-2021 | pnv-mordaza-2024 | pnv-irpf-2022 | pnv-palestina-2024 | pnv-fortunas-acuerdo-2023,2026-10-07
geroa-bai,Geroa Bai,cuota-autonomos,¿Deberían pagar cuota cero los nuevos autónomos durante su primer año?,no_comparable_evidence,,No se ha encontrado una posición suficientemente clara en las fuentes consultadas.,,,geroa-bai-fiscalidad-2025 | geroa-bai-forales-2023 | geroa-bai-generales-2019 | navarra-nuclear-2025 | geroa-pensiones-enmienda-2014 | geroa-pelotas-2021 | navarra-ebau-2023 | geroa-irpf-2025 | geroa-bai-forales-2015,2026-10-07
iu,Izquierda Unida,cuota-autonomos,¿Deberían pagar cuota cero los nuevos autónomos durante su primer año?,no_comparable_evidence,,No se ha encontrado una posición suficientemente clara en las fuentes consultadas.,,,iu-2023 | iu-jornada-2024 | iu-palestina-2024 | iu-europeas-2019 | iu-nuclear-2026 | iu-mordaza-2025,2026-10-07
junts,Junts per Catalunya,cuota-autonomos,¿Deberían pagar cuota cero los nuevos autónomos durante su primer año?,no_comparable_evidence,,No se ha encontrado una posición suficientemente clara en las fuentes consultadas.,,,congreso-jornada-2025 | junts-catalunya-2024 | senado-smi-2022 | senado-pelotas-2021 | senado-cooperacion-2022,2026-10-07
mas-madrid,Más Madrid,cuota-autonomos,¿Deberían pagar cuota cero los nuevos autónomos durante su primer año?,no_comparable_evidence,,No se ha encontrado una posición suficientemente clara en las fuentes consultadas.,,,mas-madrid-aborto-2025 | mas-madrid-cm-2023 | mas-madrid-jornada-2024 | mas-madrid-alquiler-2026 | mas-madrid-mordaza | senado-cooperacion-2022 | mas-madrid-fortunas-carta-2023,2026-10-07
pp,Partido Popular,cuota-autonomos,¿Deberían pagar cuota cero los nuevos autónomos durante su primer año?,comparable,support,Propone cuota cero durante el primer año de actividad autónoma.,https://www.pp.es/storage/2023/07/programa_electoral_pp_23j_feijoo_2023.pdf,pp-cuota-autonomos,pp-2023 | congreso-jornada-2025 | pp-pension-ipc-2026 | pp-banca-jornada | pp-jornada-2025 | canarias-regularizacion-2026 | senado-smi-2022 | canarias-cadena-julio-2022 | senado-pelotas-2021 | pp-mordaza-pnl-2021 | canarias-cannabis-2024 | pp-alquiler-2025 | pp-palestina-2024 | pp-murcia-2025,2026-10-07
psoe,Partido Socialista Obrero Español,cuota-autonomos,¿Deberían pagar cuota cero los nuevos autónomos durante su primer año?,no_comparable_evidence,,No se ha encontrado una posición suficientemente clara en las fuentes consultadas.,,,psoe-2023 | psoe-mayo-2024 | psoe-palestina-discurso | psoe-alquiler-2025 | psoe-defensa-plan-2025 | psoe-aborto-pnl-indexada-2025 | senado-pelotas-2021 | psoe-mordaza-2024 | psoe-mordaza-ppl-2024 | psoe-fortunas-2025 | psoe-desahucios-2026 | canarias-cannabis-2024 | psoe-regularizacion-2026,2026-10-07
podemos,Podemos,cuota-autonomos,¿Deberían pagar cuota cero los nuevos autónomos durante su primer año?,no_comparable_evidence,,No se ha encontrado una posición suficientemente clara en las fuentes consultadas.,,,congreso-jornada-2025 | podemos-jornada-2019 | podemos-infantil-programa | podemos-alquiler-programa | podemos-pensiones-programa | podemos-smi-programa | podemos-cie-programa | podemos-cannabis-programa | podemos-vivienda-publica-programa | podemos-desahucios-programa | podemos-hidroelectricas-programa | podemos-nuclear-programa | podemos-permiso-nacimiento-programa | podemos-transporte-joven-europa | podemos-murcia-dental-2023 | podemos-murcia-regularizacion-2026 | podemos-andalucia-aborto-2023 | podemos-software-2015 | podemos-palestina-2016 | podemos-mordaza-declaracion | podemos-ganaderia-europa | podemos-tpan-europa | podemos-justicia-fiscal | podemos-murcia-igualdad-2017 | podemos-jubilacion-declaracion | podemos-cgpj-programa | podemos-cooperacion-programa,2026-10-07
sumar-2023,Sumar · coalición electoral de 2023,cuota-autonomos,¿Deberían pagar cuota cero los nuevos autónomos durante su primer año?,no_comparable_evidence,,No se ha encontrado una posición suficientemente clara en las fuentes consultadas.,,,sumar-2023,2026-10-07
upn,Unión del Pueblo Navarro,cuota-autonomos,¿Deberían pagar cuota cero los nuevos autónomos durante su primer año?,comparable,conditional,"Propone cuota cero para nuevos autónomos, jóvenes y mayores de sesenta años durante dos años, prorrogables otros dos.",https://www.upn.org/wp-content/uploads/2024/01/programacastellano.pdf,upn-cuota-autonomos-upn-forales-2023-revision,upn-2023 | congreso-jornada-2025 | upn-forales-2023 | navarra-nuclear-votacion-2025 | navarra-ebau-2023 | upn-alquiler-2026,2026-10-07
vox,VOX,cuota-autonomos,¿Deberían pagar cuota cero los nuevos autónomos durante su primer año?,related,,"Propone exonerar de cuota a autónomos por debajo del SMI, no a todos los nuevos autónomos.",https://www.votaabascal.es/assets/pdf/Programa-VOX-2023.pdf,vox-cuota-autonomos,vox-2023 | congreso-jornada-2025 | vox-cannabis-2022 | vox-defensa-2025 | vox-regularizacion-2026 | senado-pelotas-2021 | vox-mordaza-2024 | canarias-cannabis-2024 | senado-cooperacion-2022 | vox-fortunas-2024,2026-10-07
ahi,Agrupación Herreña Independiente,contratos-paraisos,¿Debería impedirse contratar con empresas que usan paraísos fiscales sin actividad real allí?,no_comparable_evidence,,No se ha encontrado una posición suficientemente clara en las fuentes consultadas.,,,ahi-vivienda-2025 | ahi-canarias-2023 | ahi-frontera-2023 | ahi-decreto-canarias-2025 | canarias-jornada-2025 | canarias-regularizacion-2026 | canarias-aborto-2025 | canarias-ganaderia-2026 | canarias-cannabis-2024,2026-10-07
asg,Agrupación Socialista Gomera,contratos-paraisos,¿Debería impedirse contratar con empresas que usan paraísos fiscales sin actividad real allí?,no_comparable_evidence,,No se ha encontrado una posición suficientemente clara en las fuentes consultadas.,,,asg-pensiones-2018 | asg-vivienda-2026 | asg-transporte-2025 | canarias-jornada-2025 | canarias-regularizacion-2026 | canarias-aborto-2025 | senado-smi-2022 | canarias-infantil-2020 | canarias-ganaderia-2026 | canarias-cadena-julio-2022 | senado-permisos-2026 | canarias-cannabis-2024,2026-10-07
bng,Bloque Nacionalista Galego,contratos-paraisos,¿Debería impedirse contratar con empresas que usan paraísos fiscales sin actividad real allí?,comparable,support,Propone impedir contratación pública con sociedades en paraísos fiscales sin actividad económica real.,https://www.bng.gal/media/bnggaliza/files/2023/07/05/23_bng_xerais_programa.pdf,bng-contratos-paraisos,bng-2023 | congreso-jornada-35 | bng-galegas-2024,2026-10-07
cc,Coalición Canaria,contratos-paraisos,¿Debería impedirse contratar con empresas que usan paraísos fiscales sin actividad real allí?,no_comparable_evidence,,No se ha encontrado una posición suficientemente clara en las fuentes consultadas.,,,cc-menores-2024 | cc-pensiones | cc-fiscalidad | cc-canarias-2023 | cc-regularizacion-2026 | canarias-jornada-2025 | canarias-regularizacion-2026 | canarias-aborto-2025 | canarias-infantil-2020 | canarias-cannabis-2024,2026-10-07
compromis,Compromís,contratos-paraisos,¿Debería impedirse contratar con empresas que usan paraísos fiscales sin actividad real allí?,no_comparable_evidence,,No se ha encontrado una posición suficientemente clara en las fuentes consultadas.,,,congreso-jornada-2025 | compromis-sumar-2023 | compromis-alquiler-2025 | compromis-corts-2023 | compromis-generales-2011-societat | compromis-aborto-2025 | compromis-mordaza-2019 | compromis-acuerdo-2016,2026-10-07
erc,Esquerra Republicana de Catalunya,contratos-paraisos,¿Debería impedirse contratar con empresas que usan paraísos fiscales sin actividad real allí?,comparable,conditional,"Propone impedir la contratación pública de empresas que operen en paraísos fiscales, directamente o mediante filiales.",https://static.esquerra.cat/uploads/20230905/e2023-programa.pdf,erc-contratos-paraisos-ampliacion-2026,erc-2023 | congreso-jornada-2025 | erc-dental-2026 | erc-cannabis-2021 | erc-vivienda-2018 | erc-palestina-2026 | erc-industria-2026 | erc-cuestionario-pensiones | erc-europeas-2024 | erc-jornada-2024 | erc-catalunya-2024,2026-10-07
eh-bildu,Euskal Herria Bildu,contratos-paraisos,¿Debería impedirse contratar con empresas que usan paraísos fiscales sin actividad real allí?,no_comparable_evidence,,No se ha encontrado una posición suficientemente clara en las fuentes consultadas.,,,bildu-2023 | bildu-gasteiz-programa | bildu-euskadi-2024 | navarra-nuclear-2025 | navarra-ebau-2023,2026-10-07
pnv,Euzko Alderdi Jeltzalea–Partido Nacionalista Vasco,contratos-paraisos,¿Debería impedirse contratar con empresas que usan paraísos fiscales sin actividad real allí?,no_comparable_evidence,,No se ha encontrado una posición suficientemente clara en las fuentes consultadas.,,,pnv-2023 | congreso-jornada-2025 | pnv-euskadi-2024 | senado-smi-2022 | senado-pelotas-2021 | pnv-mordaza-2024 | pnv-irpf-2022 | pnv-palestina-2024 | pnv-fortunas-acuerdo-2023,2026-10-07
geroa-bai,Geroa Bai,contratos-paraisos,¿Debería impedirse contratar con empresas que usan paraísos fiscales sin actividad real allí?,no_comparable_evidence,,No se ha encontrado una posición suficientemente clara en las fuentes consultadas.,,,geroa-bai-fiscalidad-2025 | geroa-bai-forales-2023 | geroa-bai-generales-2019 | navarra-nuclear-2025 | geroa-pensiones-enmienda-2014 | geroa-pelotas-2021 | navarra-ebau-2023 | geroa-irpf-2025 | geroa-bai-forales-2015,2026-10-07
iu,Izquierda Unida,contratos-paraisos,¿Debería impedirse contratar con empresas que usan paraísos fiscales sin actividad real allí?,comparable,support,Propone excluir de licitaciones públicas a empresas que operen en paraísos fiscales.,https://izquierdaunida.org/wp-content/uploads/2019/05/Programa-completo-IU-Europeas-2019.pdf,iu-contratos-paraisos-iu-europeas-2019-revision,iu-2023 | iu-jornada-2024 | iu-palestina-2024 | iu-europeas-2019 | iu-nuclear-2026 | iu-mordaza-2025,2026-10-07
junts,Junts per Catalunya,contratos-paraisos,¿Debería impedirse contratar con empresas que usan paraísos fiscales sin actividad real allí?,no_comparable_evidence,,No se ha encontrado una posición suficientemente clara en las fuentes consultadas.,,,congreso-jornada-2025 | junts-catalunya-2024 | senado-smi-2022 | senado-pelotas-2021 | senado-cooperacion-2022,2026-10-07
mas-madrid,Más Madrid,contratos-paraisos,¿Debería impedirse contratar con empresas que usan paraísos fiscales sin actividad real allí?,no_comparable_evidence,,No se ha encontrado una posición suficientemente clara en las fuentes consultadas.,,,mas-madrid-aborto-2025 | mas-madrid-cm-2023 | mas-madrid-jornada-2024 | mas-madrid-alquiler-2026 | mas-madrid-mordaza | senado-cooperacion-2022 | mas-madrid-fortunas-carta-2023,2026-10-07
pp,Partido Popular,contratos-paraisos,¿Debería impedirse contratar con empresas que usan paraísos fiscales sin actividad real allí?,no_comparable_evidence,,No se ha encontrado una posición suficientemente clara en las fuentes consultadas.,,,pp-2023 | congreso-jornada-2025 | pp-pension-ipc-2026 | pp-banca-jornada | pp-jornada-2025 | canarias-regularizacion-2026 | senado-smi-2022 | canarias-cadena-julio-2022 | senado-pelotas-2021 | pp-mordaza-pnl-2021 | canarias-cannabis-2024 | pp-alquiler-2025 | pp-palestina-2024 | pp-murcia-2025,2026-10-07
psoe,Partido Socialista Obrero Español,contratos-paraisos,¿Debería impedirse contratar con empresas que usan paraísos fiscales sin actividad real allí?,no_comparable_evidence,,No se ha encontrado una posición suficientemente clara en las fuentes consultadas.,,,psoe-2023 | psoe-mayo-2024 | psoe-palestina-discurso | psoe-alquiler-2025 | psoe-defensa-plan-2025 | psoe-aborto-pnl-indexada-2025 | senado-pelotas-2021 | psoe-mordaza-2024 | psoe-mordaza-ppl-2024 | psoe-fortunas-2025 | psoe-desahucios-2026 | canarias-cannabis-2024 | psoe-regularizacion-2026,2026-10-07
podemos,Podemos,contratos-paraisos,¿Debería impedirse contratar con empresas que usan paraísos fiscales sin actividad real allí?,comparable,support,Defiende excluir de contratos autonómicos a empresas con establecimientos o cuentas bancarias en paraísos fiscales.,https://regiondemurcia.podemos.info/podemos-logra-incorporar-dictamen-empleo-haya-evaluacion-los-planes-igualdad-las-empresas-la-region-murcia/,podemos-contratos-paraisos-podemos-murcia-igualdad-2017-revision,congreso-jornada-2025 | podemos-jornada-2019 | podemos-infantil-programa | podemos-alquiler-programa | podemos-pensiones-programa | podemos-smi-programa | podemos-cie-programa | podemos-cannabis-programa | podemos-vivienda-publica-programa | podemos-desahucios-programa | podemos-hidroelectricas-programa | podemos-nuclear-programa | podemos-permiso-nacimiento-programa | podemos-transporte-joven-europa | podemos-murcia-dental-2023 | podemos-murcia-regularizacion-2026 | podemos-andalucia-aborto-2023 | podemos-software-2015 | podemos-palestina-2016 | podemos-mordaza-declaracion | podemos-ganaderia-europa | podemos-tpan-europa | podemos-justicia-fiscal | podemos-murcia-igualdad-2017 | podemos-jubilacion-declaracion | podemos-cgpj-programa | podemos-cooperacion-programa,2026-10-07
sumar-2023,Sumar · coalición electoral de 2023,contratos-paraisos,¿Debería impedirse contratar con empresas que usan paraísos fiscales sin actividad real allí?,no_comparable_evidence,,No se ha encontrado una posición suficientemente clara en las fuentes consultadas.,,,sumar-2023,2026-10-07
upn,Unión del Pueblo Navarro,contratos-paraisos,¿Debería impedirse contratar con empresas que usan paraísos fiscales sin actividad real allí?,no_comparable_evidence,,No se ha encontrado una posición suficientemente clara en las fuentes consultadas.,,,upn-2023 | congreso-jornada-2025 | upn-forales-2023 | navarra-nuclear-votacion-2025 | navarra-ebau-2023 | upn-alquiler-2026,2026-10-07
vox,VOX,contratos-paraisos,¿Debería impedirse contratar con empresas que usan paraísos fiscales sin actividad real allí?,no_comparable_evidence,,No se ha encontrado una posición suficientemente clara en las fuentes consultadas.,,,vox-2023 | congreso-jornada-2025 | vox-cannabis-2022 | vox-defensa-2025 | vox-regularizacion-2026 | senado-pelotas-2021 | vox-mordaza-2024 | canarias-cannabis-2024 | senado-cooperacion-2022 | vox-fortunas-2024,2026-10-07
ahi,Agrupación Herreña Independiente,alquiler,¿Deberían limitarse los precios del alquiler en zonas con dificultades de acceso a vivienda?,no_comparable_evidence,,No se ha encontrado una posición suficientemente clara en las fuentes consultadas.,,,ahi-vivienda-2025 | ahi-canarias-2023 | ahi-frontera-2023 | ahi-decreto-canarias-2025 | canarias-jornada-2025 | canarias-regularizacion-2026 | canarias-aborto-2025 | canarias-ganaderia-2026 | canarias-cannabis-2024,2026-10-07
asg,Agrupación Socialista Gomera,alquiler,¿Deberían limitarse los precios del alquiler en zonas con dificultades de acceso a vivienda?,no_comparable_evidence,,No se ha encontrado una posición suficientemente clara en las fuentes consultadas.,,,asg-pensiones-2018 | asg-vivienda-2026 | asg-transporte-2025 | canarias-jornada-2025 | canarias-regularizacion-2026 | canarias-aborto-2025 | senado-smi-2022 | canarias-infantil-2020 | canarias-ganaderia-2026 | canarias-cadena-julio-2022 | senado-permisos-2026 | canarias-cannabis-2024,2026-10-07
bng,Bloque Nacionalista Galego,alquiler,¿Deberían limitarse los precios del alquiler en zonas con dificultades de acceso a vivienda?,comparable,conditional,Propone intervenir los precios y declarar zonas tensionadas para facilitar la limitación de alquileres en Galicia.,https://www.bng.gal/media/bnggaliza/files/2024/01/24/24_bng_galegas_programa_goberno.pdf,bng-alquiler-bng-galegas-2024-revision,bng-2023 | congreso-jornada-35 | bng-galegas-2024,2026-10-07
cc,Coalición Canaria,alquiler,¿Deberían limitarse los precios del alquiler en zonas con dificultades de acceso a vivienda?,no_comparable_evidence,,No se ha encontrado una posición suficientemente clara en las fuentes consultadas.,,,cc-menores-2024 | cc-pensiones | cc-fiscalidad | cc-canarias-2023 | cc-regularizacion-2026 | canarias-jornada-2025 | canarias-regularizacion-2026 | canarias-aborto-2025 | canarias-infantil-2020 | canarias-cannabis-2024,2026-10-07
compromis,Compromís,alquiler,¿Deberían limitarse los precios del alquiler en zonas con dificultades de acceso a vivienda?,comparable,conditional,Compromís per València reclama limitar los precios del alquiler.,https://valencia.compromis.net/2025/03/27/compromis-exigeix-a-catala-que-limite-el-preus-del-lloguer-en-compte-de-crear-oficines-fantasma/,compromis-alquiler-compromis-alquiler-2025,congreso-jornada-2025 | compromis-sumar-2023 | compromis-alquiler-2025 | compromis-corts-2023 | compromis-generales-2011-societat | compromis-aborto-2025 | compromis-mordaza-2019 | compromis-acuerdo-2016,2026-10-07
erc,Esquerra Republicana de Catalunya,alquiler,¿Deberían limitarse los precios del alquiler en zonas con dificultades de acceso a vivienda?,comparable,support,Propone defender límites y reducción de los precios del alquiler.,https://static.esquerra.cat/uploads/20230905/e2023-programa.pdf,erc-alquiler,erc-2023 | congreso-jornada-2025 | erc-dental-2026 | erc-cannabis-2021 | erc-vivienda-2018 | erc-palestina-2026 | erc-industria-2026 | erc-cuestionario-pensiones | erc-europeas-2024 | erc-jornada-2024 | erc-catalunya-2024,2026-10-07
eh-bildu,Euskal Herria Bildu,alquiler,¿Deberían limitarse los precios del alquiler en zonas con dificultades de acceso a vivienda?,comparable,conditional,Propone prorrogar automáticamente los contratos de alquiler manteniendo condiciones y renta.,https://ehbildu.eus/dokumentuak/23J-COMPROMISO-DE-EUSKAL-HERRIA-BILDU.pdf,eh-bildu-alquiler-ampliacion-2026,bildu-2023 | bildu-gasteiz-programa | bildu-euskadi-2024 | navarra-nuclear-2025 | navarra-ebau-2023,2026-10-07
pnv,Euzko Alderdi Jeltzalea–Partido Nacionalista Vasco,alquiler,¿Deberían limitarse los precios del alquiler en zonas con dificultades de acceso a vivienda?,no_comparable_evidence,,No se ha encontrado una posición suficientemente clara en las fuentes consultadas.,,,pnv-2023 | congreso-jornada-2025 | pnv-euskadi-2024 | senado-smi-2022 | senado-pelotas-2021 | pnv-mordaza-2024 | pnv-irpf-2022 | pnv-palestina-2024 | pnv-fortunas-acuerdo-2023,2026-10-07
geroa-bai,Geroa Bai,alquiler,¿Deberían limitarse los precios del alquiler en zonas con dificultades de acceso a vivienda?,no_comparable_evidence,,No se ha encontrado una posición suficientemente clara en las fuentes consultadas.,,,geroa-bai-fiscalidad-2025 | geroa-bai-forales-2023 | geroa-bai-generales-2019 | navarra-nuclear-2025 | geroa-pensiones-enmienda-2014 | geroa-pelotas-2021 | navarra-ebau-2023 | geroa-irpf-2025 | geroa-bai-forales-2015,2026-10-07
iu,Izquierda Unida,alquiler,¿Deberían limitarse los precios del alquiler en zonas con dificultades de acceso a vivienda?,comparable,support,"Propone declarar zonas tensionadas y limitar los alquileres, con un máximo del 25 % del ingreso medio de los hogares en esas zonas.",https://izquierdaunida.org/wp-content/uploads/2023/07/Programa-IU-Elecciones-Generales-Jl2023.pdf,iu-alquiler-ampliacion-2026,iu-2023 | iu-jornada-2024 | iu-palestina-2024 | iu-europeas-2019 | iu-nuclear-2026 | iu-mordaza-2025,2026-10-07
junts,Junts per Catalunya,alquiler,¿Deberían limitarse los precios del alquiler en zonas con dificultades de acceso a vivienda?,related,,El programa critica el control de precios del alquiler y afirma que perjudica a propietarios e inquilinos vulnerables.,https://carlespuigdemont.cat/wp-content/uploads/2024/04/PROGRAMA-DE-GOVERN.pdf,junts-alquiler-junts-catalunya-2024-revision,congreso-jornada-2025 | junts-catalunya-2024 | senado-smi-2022 | senado-pelotas-2021 | senado-cooperacion-2022,2026-10-07
mas-madrid,Más Madrid,alquiler,¿Deberían limitarse los precios del alquiler en zonas con dificultades de acceso a vivienda?,comparable,support,Defiende poner topes a los precios de alquiler en Madrid.,https://masmadrid.org/bergerot-acusa-a-ayuso-de-irse-de-vacaciones-a-mexico-y-pide-que-pague-con-su-dinero-el-viaje/,mas-madrid-alquiler-mas-madrid-alquiler-2026-revision,mas-madrid-aborto-2025 | mas-madrid-cm-2023 | mas-madrid-jornada-2024 | mas-madrid-alquiler-2026 | mas-madrid-mordaza | senado-cooperacion-2022 | mas-madrid-fortunas-carta-2023,2026-10-07
pp,Partido Popular,alquiler,¿Deberían limitarse los precios del alquiler en zonas con dificultades de acceso a vivienda?,comparable,oppose,Propone eliminar la intervención de precios del alquiler y derogar las zonas tensionadas y su índice de precios.,https://www.pp.es/sites/default/files/documentos/250112.-_declaracion_de_asturias_.pdf,pp-alquiler-ampliacion-2026 | pp-alquiler-pp-alquiler-2025-revision,pp-2023 | congreso-jornada-2025 | pp-pension-ipc-2026 | pp-banca-jornada | pp-jornada-2025 | canarias-regularizacion-2026 | senado-smi-2022 | canarias-cadena-julio-2022 | senado-pelotas-2021 | pp-mordaza-pnl-2021 | canarias-cannabis-2024 | pp-alquiler-2025 | pp-palestina-2024 | pp-murcia-2025,2026-10-07
psoe,Partido Socialista Obrero Español,alquiler,¿Deberían limitarse los precios del alquiler en zonas con dificultades de acceso a vivienda?,comparable,support,El portavoz del PSOE de Vivienda defiende aplicar la Ley de Vivienda en zonas tensionadas para reducir los alquileres.,https://www.psoe.es/senado/notas-de-prensa/psoe-comparecencia-collboni-ley-vivienda/,psoe-alquiler-psoe-alquiler-2025-revision,psoe-2023 | psoe-mayo-2024 | psoe-palestina-discurso | psoe-alquiler-2025 | psoe-defensa-plan-2025 | psoe-aborto-pnl-indexada-2025 | senado-pelotas-2021 | psoe-mordaza-2024 | psoe-mordaza-ppl-2024 | psoe-fortunas-2025 | psoe-desahucios-2026 | canarias-cannabis-2024 | psoe-regularizacion-2026,2026-10-07
podemos,Podemos,alquiler,¿Deberían limitarse los precios del alquiler en zonas con dificultades de acceso a vivienda?,comparable,support,Propone índices de referencia y habilitar a los ayuntamientos para regular alquileres en zonas tensionadas.,https://podemos.info/medida/intervenir-el-mercado-del-alquiler-para-impedir-subidas-abusivas-mediante-el-control-de-precios-y-garantizar-un-alquiler-estable-y-seguro-para-personas-inquilinas-y-pequenas-propietarias/,podemos-alquiler-podemos-alquiler-programa,congreso-jornada-2025 | podemos-jornada-2019 | podemos-infantil-programa | podemos-alquiler-programa | podemos-pensiones-programa | podemos-smi-programa | podemos-cie-programa | podemos-cannabis-programa | podemos-vivienda-publica-programa | podemos-desahucios-programa | podemos-hidroelectricas-programa | podemos-nuclear-programa | podemos-permiso-nacimiento-programa | podemos-transporte-joven-europa | podemos-murcia-dental-2023 | podemos-murcia-regularizacion-2026 | podemos-andalucia-aborto-2023 | podemos-software-2015 | podemos-palestina-2016 | podemos-mordaza-declaracion | podemos-ganaderia-europa | podemos-tpan-europa | podemos-justicia-fiscal | podemos-murcia-igualdad-2017 | podemos-jubilacion-declaracion | podemos-cgpj-programa | podemos-cooperacion-programa,2026-10-07
sumar-2023,Sumar · coalición electoral de 2023,alquiler,¿Deberían limitarse los precios del alquiler en zonas con dificultades de acceso a vivienda?,comparable,support,Propone declarar obligatorias las zonas tensionadas que cumplan los requisitos y aplicar allí la regulación de alquileres.,https://movimientosumar.es/wp-content/uploads/2023/07/Un-Programa-para-ti.pdf,sumar-2023-alquiler,sumar-2023,2026-10-07
upn,Unión del Pueblo Navarro,alquiler,¿Deberían limitarse los precios del alquiler en zonas con dificultades de acceso a vivienda?,comparable,oppose,Propone suprimir las zonas tensionadas y sus medidas de intervención en alquiler en Navarra.,https://www.upn.org/ibarrola-anuncia-una-nueva-ley-foral-de-medidas-urgentes-y-un-plan-de-choque-para-movilizar-con-celeridad-mas-de-20-000-viviendas/,upn-alquiler | upn-alquiler-upn-alquiler-2026-revision,upn-2023 | congreso-jornada-2025 | upn-forales-2023 | navarra-nuclear-votacion-2025 | navarra-ebau-2023 | upn-alquiler-2026,2026-10-07
vox,VOX,alquiler,¿Deberían limitarse los precios del alquiler en zonas con dificultades de acceso a vivienda?,comparable,oppose,El programa recoge una iniciativa de 2021 que rechaza el control de precios del alquiler.,https://www.votaabascal.es/assets/pdf/Programa-VOX-2023.pdf,vox-alquiler-ampliacion-2026,vox-2023 | congreso-jornada-2025 | vox-cannabis-2022 | vox-defensa-2025 | vox-regularizacion-2026 | senado-pelotas-2021 | vox-mordaza-2024 | canarias-cannabis-2024 | senado-cooperacion-2022 | vox-fortunas-2024,2026-10-07
ahi,Agrupación Herreña Independiente,vivienda-publica,¿Debería ampliarse el parque público de vivienda asequible?,comparable,conditional,Propone adquirir terrenos para construir viviendas públicas y otros equipamientos en La Frontera.,https://ahi-elhierro.es/lista-ahi-a-la-frontera/,ahi-vivienda-publica-ahi-vivienda-2025 | ahi-vivienda-publica-ahi-frontera-2023-revision,ahi-vivienda-2025 | ahi-canarias-2023 | ahi-frontera-2023 | ahi-decreto-canarias-2025 | canarias-jornada-2025 | canarias-regularizacion-2026 | canarias-aborto-2025 | canarias-ganaderia-2026 | canarias-cannabis-2024,2026-10-07
asg,Agrupación Socialista Gomera,vivienda-publica,¿Debería ampliarse el parque público de vivienda asequible?,comparable,conditional,Apoya invertir dos millones de euros en construir viviendas públicas para las islas no capitalinas.,https://www.agrupacionsocialistagomera.es/asg-avala-los-presupuestos-de-2026-por-ser-las-mejores-cuentas-posibles-para-responder-a-las-necesidades-de-la-ciudadania-canaria/,asg-vivienda-publica-asg-vivienda-2026-revision,asg-pensiones-2018 | asg-vivienda-2026 | asg-transporte-2025 | canarias-jornada-2025 | canarias-regularizacion-2026 | canarias-aborto-2025 | senado-smi-2022 | canarias-infantil-2020 | canarias-ganaderia-2026 | canarias-cadena-julio-2022 | senado-permisos-2026 | canarias-cannabis-2024,2026-10-07
bng,Bloque Nacionalista Galego,vivienda-publica,¿Debería ampliarse el parque público de vivienda asequible?,comparable,conditional,Propone transferir gratuitamente viviendas y suelo de la Sareb para ampliar el parque público gallego donde haya demanda.,https://www.bng.gal/media/bnggaliza/files/2023/07/05/23_bng_xerais_programa.pdf,bng-vivienda-publica-bng-2023-revision,bng-2023 | congreso-jornada-35 | bng-galegas-2024,2026-10-07
cc,Coalición Canaria,vivienda-publica,¿Debería ampliarse el parque público de vivienda asequible?,comparable,conditional,Propone aumentar el parque público canario construyendo y adquiriendo viviendas.,https://coalicioncanaria.org/wp-content/uploads/cc-pdf/programas-electorales/00%20Programa%20Electoral%20Elecciones%20auton%C3%B3micas%20y%20municipales%202023.pdf,cc-vivienda-publica-cc-canarias-2023-revision,cc-menores-2024 | cc-pensiones | cc-fiscalidad | cc-canarias-2023 | cc-regularizacion-2026 | canarias-jornada-2025 | canarias-regularizacion-2026 | canarias-aborto-2025 | canarias-infantil-2020 | canarias-cannabis-2024,2026-10-07
compromis,Compromís,vivienda-publica,¿Debería ampliarse el parque público de vivienda asequible?,comparable,conditional,Compromís per València propone construir vivienda pública en los solares vacíos.,https://valencia.compromis.net/2025/03/27/compromis-exigeix-a-catala-que-limite-el-preus-del-lloguer-en-compte-de-crear-oficines-fantasma/,compromis-vivienda-publica-compromis-sumar-2023 | compromis-vivienda-publica-compromis-alquiler-2025,congreso-jornada-2025 | compromis-sumar-2023 | compromis-alquiler-2025 | compromis-corts-2023 | compromis-generales-2011-societat | compromis-aborto-2025 | compromis-mordaza-2019 | compromis-acuerdo-2016,2026-10-07
erc,Esquerra Republicana de Catalunya,vivienda-publica,¿Debería ampliarse el parque público de vivienda asequible?,comparable,conditional,Defiende financiar la construcción y adquisición de vivienda para consolidar un parque público de alquiler social en Catalunya.,https://www.esquerra.cat/aragones-ajuts-habitatgesocial/,erc-vivienda-publica-ampliacion-2026 | erc-vivienda-publica-erc-vivienda-2018-revision,erc-2023 | congreso-jornada-2025 | erc-dental-2026 | erc-cannabis-2021 | erc-vivienda-2018 | erc-palestina-2026 | erc-industria-2026 | erc-cuestionario-pensiones | erc-europeas-2024 | erc-jornada-2024 | erc-catalunya-2024,2026-10-07
eh-bildu,Euskal Herria Bildu,vivienda-publica,¿Debería ampliarse el parque público de vivienda asequible?,related,,Propone prorrogar contratos de alquiler manteniendo sus condiciones; no acredita ampliar el parque público.,https://ehbildu.eus/dokumentuak/23J-COMPROMISO-DE-EUSKAL-HERRIA-BILDU.pdf,eh-bildu-vivienda-publica,bildu-2023 | bildu-gasteiz-programa | bildu-euskadi-2024 | navarra-nuclear-2025 | navarra-ebau-2023,2026-10-07
pnv,Euzko Alderdi Jeltzalea–Partido Nacionalista Vasco,vivienda-publica,¿Debería ampliarse el parque público de vivienda asequible?,comparable,support,Propone fomentar alquiler y promoción de vivienda pública suficiente.,https://www.eaj-pnv.eus/es/adjuntos-documentos/20945/pdf/con-voz-propia-programa-electoral-23-j,pnv-vivienda-publica,pnv-2023 | congreso-jornada-2025 | pnv-euskadi-2024 | senado-smi-2022 | senado-pelotas-2021 | pnv-mordaza-2024 | pnv-irpf-2022 | pnv-palestina-2024 | pnv-fortunas-acuerdo-2023,2026-10-07
geroa-bai,Geroa Bai,vivienda-publica,¿Debería ampliarse el parque público de vivienda asequible?,comparable,conditional,Propone ampliar el parque público de vivienda con las entidades locales para responder a emergencias habitacionales.,https://geroabai.eus/files/2023/05/programa-parlamento-completo-pag-4.pdf,geroa-bai-vivienda-publica-geroa-bai-fiscalidad-2025 | geroa-bai-vivienda-publica-geroa-bai-forales-2023-revision,geroa-bai-fiscalidad-2025 | geroa-bai-forales-2023 | geroa-bai-generales-2019 | navarra-nuclear-2025 | geroa-pensiones-enmienda-2014 | geroa-pelotas-2021 | navarra-ebau-2023 | geroa-irpf-2025 | geroa-bai-forales-2015,2026-10-07
iu,Izquierda Unida,vivienda-publica,¿Debería ampliarse el parque público de vivienda asequible?,comparable,support,Propone construir o rehabilitar 600.000 viviendas públicas mediante la SAREB para alquiler social.,https://izquierdaunida.org/wp-content/uploads/2023/07/Programa-IU-Elecciones-Generales-Jl2023.pdf,iu-vivienda-publica-ampliacion-2026,iu-2023 | iu-jornada-2024 | iu-palestina-2024 | iu-europeas-2019 | iu-nuclear-2026 | iu-mordaza-2025,2026-10-07
junts,Junts per Catalunya,vivienda-publica,¿Debería ampliarse el parque público de vivienda asequible?,comparable,conditional,Propone aumentar la vivienda pública de alquiler asequible y producir hasta 1.500 viviendas protegidas anuales desde la Generalitat.,https://carlespuigdemont.cat/wp-content/uploads/2024/04/PROGRAMA-DE-GOVERN.pdf,junts-vivienda-publica-junts-catalunya-2024-revision,congreso-jornada-2025 | junts-catalunya-2024 | senado-smi-2022 | senado-pelotas-2021 | senado-cooperacion-2022,2026-10-07
mas-madrid,Más Madrid,vivienda-publica,¿Debería ampliarse el parque público de vivienda asequible?,comparable,conditional,Propone adquirir viviendas para incorporarlas al parque público y reinvertir sus alquileres en ampliar vivienda asequible.,https://programa.masmadrid.org/pdf/Comunidad%20de%20Madrid/Programa%20M%C3%A1s%20Madrid%20-%20CM%202023.pdf,mas-madrid-vivienda-publica-mas-madrid-cm-2023-revision,mas-madrid-aborto-2025 | mas-madrid-cm-2023 | mas-madrid-jornada-2024 | mas-madrid-alquiler-2026 | mas-madrid-mordaza | senado-cooperacion-2022 | mas-madrid-fortunas-carta-2023,2026-10-07
pp,Partido Popular,vivienda-publica,¿Debería ampliarse el parque público de vivienda asequible?,comparable,conditional,"Propone construir vivienda asequible con suelo y entidades públicas autonómicas, o colaboración privada con reversión posterior al patrimonio público.",https://www.pp.es/sites/default/files/documentos/250112.-_declaracion_de_asturias_.pdf,pp-vivienda-publica | pp-vivienda-publica-pp-alquiler-2025-revision,pp-2023 | congreso-jornada-2025 | pp-pension-ipc-2026 | pp-banca-jornada | pp-jornada-2025 | canarias-regularizacion-2026 | senado-smi-2022 | canarias-cadena-julio-2022 | senado-pelotas-2021 | pp-mordaza-pnl-2021 | canarias-cannabis-2024 | pp-alquiler-2025 | pp-palestina-2024 | pp-murcia-2025,2026-10-07
psoe,Partido Socialista Obrero Español,vivienda-publica,¿Debería ampliarse el parque público de vivienda asequible?,comparable,support,Propone ampliar el parque público de vivienda para alquiler asequible.,https://xn--espaaavanza-4db.es/wp-content/uploads/2023/07/PROGRAMA_ELECTORAL-GENERALES-2023.pdf,psoe-vivienda-publica,psoe-2023 | psoe-mayo-2024 | psoe-palestina-discurso | psoe-alquiler-2025 | psoe-defensa-plan-2025 | psoe-aborto-pnl-indexada-2025 | senado-pelotas-2021 | psoe-mordaza-2024 | psoe-mordaza-ppl-2024 | psoe-fortunas-2025 | psoe-desahucios-2026 | canarias-cannabis-2024 | psoe-regularizacion-2026,2026-10-07
podemos,Podemos,vivienda-publica,¿Debería ampliarse el parque público de vivienda asequible?,comparable,support,"Propone ampliar el parque público de alquiler asequible mediante cesiones, sanciones a grandes tenedores de vivienda vacía y construcción.",https://podemos.info/gal/medida/crear-un-gran-parque-de-alquiler-publico-de-precio-asequible-mediante-la-cesion-obligatoria-y-las-sanciones-a-los-grandes-tenedores-de-vivienda-vacia-asi-como-la-construccion-de-vivienda-donde-sea-ne/,podemos-vivienda-publica-podemos-vivienda-publica-programa-revision,congreso-jornada-2025 | podemos-jornada-2019 | podemos-infantil-programa | podemos-alquiler-programa | podemos-pensiones-programa | podemos-smi-programa | podemos-cie-programa | podemos-cannabis-programa | podemos-vivienda-publica-programa | podemos-desahucios-programa | podemos-hidroelectricas-programa | podemos-nuclear-programa | podemos-permiso-nacimiento-programa | podemos-transporte-joven-europa | podemos-murcia-dental-2023 | podemos-murcia-regularizacion-2026 | podemos-andalucia-aborto-2023 | podemos-software-2015 | podemos-palestina-2016 | podemos-mordaza-declaracion | podemos-ganaderia-europa | podemos-tpan-europa | podemos-justicia-fiscal | podemos-murcia-igualdad-2017 | podemos-jubilacion-declaracion | podemos-cgpj-programa | podemos-cooperacion-programa,2026-10-07
sumar-2023,Sumar · coalición electoral de 2023,vivienda-publica,¿Debería ampliarse el parque público de vivienda asequible?,comparable,support,Propone programas públicos de compra de viviendas para ampliar los parques públicos.,https://movimientosumar.es/wp-content/uploads/2023/07/Un-Programa-para-ti.pdf,sumar-2023-vivienda-publica,sumar-2023,2026-10-07
upn,Unión del Pueblo Navarro,vivienda-publica,¿Debería ampliarse el parque público de vivienda asequible?,comparable,conditional,Propone ampliar el parque de viviendas públicas de Navarra.,https://www.upn.org/wp-content/uploads/2024/01/programacastellano.pdf,upn-vivienda-publica-upn-forales-2023-revision,upn-2023 | congreso-jornada-2025 | upn-forales-2023 | navarra-nuclear-votacion-2025 | navarra-ebau-2023 | upn-alquiler-2026,2026-10-07
vox,VOX,vivienda-publica,¿Debería ampliarse el parque público de vivienda asequible?,comparable,support,Propone construir vivienda social pública en propiedad o alquiler con opción de compra.,https://www.votaabascal.es/assets/pdf/Programa-VOX-2023.pdf,vox-vivienda-publica,vox-2023 | congreso-jornada-2025 | vox-cannabis-2022 | vox-defensa-2025 | vox-regularizacion-2026 | senado-pelotas-2021 | vox-mordaza-2024 | canarias-cannabis-2024 | senado-cooperacion-2022 | vox-fortunas-2024,2026-10-07
ahi,Agrupación Herreña Independiente,hipotecas-jovenes,¿Debería el Estado avalar hipotecas de jóvenes para cubrir hasta el 95 % del precio de la vivienda?,no_comparable_evidence,,No se ha encontrado una posición suficientemente clara en las fuentes consultadas.,,,ahi-vivienda-2025 | ahi-canarias-2023 | ahi-frontera-2023 | ahi-decreto-canarias-2025 | canarias-jornada-2025 | canarias-regularizacion-2026 | canarias-aborto-2025 | canarias-ganaderia-2026 | canarias-cannabis-2024,2026-10-07
asg,Agrupación Socialista Gomera,hipotecas-jovenes,¿Debería el Estado avalar hipotecas de jóvenes para cubrir hasta el 95 % del precio de la vivienda?,no_comparable_evidence,,No se ha encontrado una posición suficientemente clara en las fuentes consultadas.,,,asg-pensiones-2018 | asg-vivienda-2026 | asg-transporte-2025 | canarias-jornada-2025 | canarias-regularizacion-2026 | canarias-aborto-2025 | senado-smi-2022 | canarias-infantil-2020 | canarias-ganaderia-2026 | canarias-cadena-julio-2022 | senado-permisos-2026 | canarias-cannabis-2024,2026-10-07
bng,Bloque Nacionalista Galego,hipotecas-jovenes,¿Debería el Estado avalar hipotecas de jóvenes para cubrir hasta el 95 % del precio de la vivienda?,no_comparable_evidence,,No se ha encontrado una posición suficientemente clara en las fuentes consultadas.,,,bng-2023 | congreso-jornada-35 | bng-galegas-2024,2026-10-07
cc,Coalición Canaria,hipotecas-jovenes,¿Debería el Estado avalar hipotecas de jóvenes para cubrir hasta el 95 % del precio de la vivienda?,no_comparable_evidence,,No se ha encontrado una posición suficientemente clara en las fuentes consultadas.,,,cc-menores-2024 | cc-pensiones | cc-fiscalidad | cc-canarias-2023 | cc-regularizacion-2026 | canarias-jornada-2025 | canarias-regularizacion-2026 | canarias-aborto-2025 | canarias-infantil-2020 | canarias-cannabis-2024,2026-10-07
compromis,Compromís,hipotecas-jovenes,¿Debería el Estado avalar hipotecas de jóvenes para cubrir hasta el 95 % del precio de la vivienda?,no_comparable_evidence,,No se ha encontrado una posición suficientemente clara en las fuentes consultadas.,,,congreso-jornada-2025 | compromis-sumar-2023 | compromis-alquiler-2025 | compromis-corts-2023 | compromis-generales-2011-societat | compromis-aborto-2025 | compromis-mordaza-2019 | compromis-acuerdo-2016,2026-10-07
erc,Esquerra Republicana de Catalunya,hipotecas-jovenes,¿Debería el Estado avalar hipotecas de jóvenes para cubrir hasta el 95 % del precio de la vivienda?,no_comparable_evidence,,No se ha encontrado una posición suficientemente clara en las fuentes consultadas.,,,erc-2023 | congreso-jornada-2025 | erc-dental-2026 | erc-cannabis-2021 | erc-vivienda-2018 | erc-palestina-2026 | erc-industria-2026 | erc-cuestionario-pensiones | erc-europeas-2024 | erc-jornada-2024 | erc-catalunya-2024,2026-10-07
eh-bildu,Euskal Herria Bildu,hipotecas-jovenes,¿Debería el Estado avalar hipotecas de jóvenes para cubrir hasta el 95 % del precio de la vivienda?,no_comparable_evidence,,No se ha encontrado una posición suficientemente clara en las fuentes consultadas.,,,bildu-2023 | bildu-gasteiz-programa | bildu-euskadi-2024 | navarra-nuclear-2025 | navarra-ebau-2023,2026-10-07
pnv,Euzko Alderdi Jeltzalea–Partido Nacionalista Vasco,hipotecas-jovenes,¿Debería el Estado avalar hipotecas de jóvenes para cubrir hasta el 95 % del precio de la vivienda?,no_comparable_evidence,,No se ha encontrado una posición suficientemente clara en las fuentes consultadas.,,,pnv-2023 | congreso-jornada-2025 | pnv-euskadi-2024 | senado-smi-2022 | senado-pelotas-2021 | pnv-mordaza-2024 | pnv-irpf-2022 | pnv-palestina-2024 | pnv-fortunas-acuerdo-2023,2026-10-07
geroa-bai,Geroa Bai,hipotecas-jovenes,¿Debería el Estado avalar hipotecas de jóvenes para cubrir hasta el 95 % del precio de la vivienda?,no_comparable_evidence,,No se ha encontrado una posición suficientemente clara en las fuentes consultadas.,,,geroa-bai-fiscalidad-2025 | geroa-bai-forales-2023 | geroa-bai-generales-2019 | navarra-nuclear-2025 | geroa-pensiones-enmienda-2014 | geroa-pelotas-2021 | navarra-ebau-2023 | geroa-irpf-2025 | geroa-bai-forales-2015,2026-10-07
iu,Izquierda Unida,hipotecas-jovenes,¿Debería el Estado avalar hipotecas de jóvenes para cubrir hasta el 95 % del precio de la vivienda?,no_comparable_evidence,,No se ha encontrado una posición suficientemente clara en las fuentes consultadas.,,,iu-2023 | iu-jornada-2024 | iu-palestina-2024 | iu-europeas-2019 | iu-nuclear-2026 | iu-mordaza-2025,2026-10-07
junts,Junts per Catalunya,hipotecas-jovenes,¿Debería el Estado avalar hipotecas de jóvenes para cubrir hasta el 95 % del precio de la vivienda?,related,,Propone avalar la entrada de compra de vivienda para menores de treinta y cinco años y negociar créditos favorables.,https://carlespuigdemont.cat/wp-content/uploads/2024/04/PROGRAMA-DE-GOVERN.pdf,junts-hipotecas-jovenes-junts-catalunya-2024-revision,congreso-jornada-2025 | junts-catalunya-2024 | senado-smi-2022 | senado-pelotas-2021 | senado-cooperacion-2022,2026-10-07
mas-madrid,Más Madrid,hipotecas-jovenes,¿Debería el Estado avalar hipotecas de jóvenes para cubrir hasta el 95 % del precio de la vivienda?,no_comparable_evidence,,No se ha encontrado una posición suficientemente clara en las fuentes consultadas.,,,mas-madrid-aborto-2025 | mas-madrid-cm-2023 | mas-madrid-jornada-2024 | mas-madrid-alquiler-2026 | mas-madrid-mordaza | senado-cooperacion-2022 | mas-madrid-fortunas-carta-2023,2026-10-07
pp,Partido Popular,hipotecas-jovenes,¿Debería el Estado avalar hipotecas de jóvenes para cubrir hasta el 95 % del precio de la vivienda?,comparable,support,Propone avales para jóvenes de hasta 35 años que permitan hipotecas de hasta el 95 % del precio.,https://www.pp.es/storage/2023/07/programa_electoral_pp_23j_feijoo_2023.pdf,pp-hipotecas-jovenes,pp-2023 | congreso-jornada-2025 | pp-pension-ipc-2026 | pp-banca-jornada | pp-jornada-2025 | canarias-regularizacion-2026 | senado-smi-2022 | canarias-cadena-julio-2022 | senado-pelotas-2021 | pp-mordaza-pnl-2021 | canarias-cannabis-2024 | pp-alquiler-2025 | pp-palestina-2024 | pp-murcia-2025,2026-10-07
psoe,Partido Socialista Obrero Español,hipotecas-jovenes,¿Debería el Estado avalar hipotecas de jóvenes para cubrir hasta el 95 % del precio de la vivienda?,no_comparable_evidence,,No se ha encontrado una posición suficientemente clara en las fuentes consultadas.,,,psoe-2023 | psoe-mayo-2024 | psoe-palestina-discurso | psoe-alquiler-2025 | psoe-defensa-plan-2025 | psoe-aborto-pnl-indexada-2025 | senado-pelotas-2021 | psoe-mordaza-2024 | psoe-mordaza-ppl-2024 | psoe-fortunas-2025 | psoe-desahucios-2026 | canarias-cannabis-2024 | psoe-regularizacion-2026,2026-10-07
podemos,Podemos,hipotecas-jovenes,¿Debería el Estado avalar hipotecas de jóvenes para cubrir hasta el 95 % del precio de la vivienda?,no_comparable_evidence,,No se ha encontrado una posición suficientemente clara en las fuentes consultadas.,,,congreso-jornada-2025 | podemos-jornada-2019 | podemos-infantil-programa | podemos-alquiler-programa | podemos-pensiones-programa | podemos-smi-programa | podemos-cie-programa | podemos-cannabis-programa | podemos-vivienda-publica-programa | podemos-desahucios-programa | podemos-hidroelectricas-programa | podemos-nuclear-programa | podemos-permiso-nacimiento-programa | podemos-transporte-joven-europa | podemos-murcia-dental-2023 | podemos-murcia-regularizacion-2026 | podemos-andalucia-aborto-2023 | podemos-software-2015 | podemos-palestina-2016 | podemos-mordaza-declaracion | podemos-ganaderia-europa | podemos-tpan-europa | podemos-justicia-fiscal | podemos-murcia-igualdad-2017 | podemos-jubilacion-declaracion | podemos-cgpj-programa | podemos-cooperacion-programa,2026-10-07
sumar-2023,Sumar · coalición electoral de 2023,hipotecas-jovenes,¿Debería el Estado avalar hipotecas de jóvenes para cubrir hasta el 95 % del precio de la vivienda?,no_comparable_evidence,,No se ha encontrado una posición suficientemente clara en las fuentes consultadas.,,,sumar-2023,2026-10-07
upn,Unión del Pueblo Navarro,hipotecas-jovenes,¿Debería el Estado avalar hipotecas de jóvenes para cubrir hasta el 95 % del precio de la vivienda?,no_comparable_evidence,,No se ha encontrado una posición suficientemente clara en las fuentes consultadas.,,,upn-2023 | congreso-jornada-2025 | upn-forales-2023 | navarra-nuclear-votacion-2025 | navarra-ebau-2023 | upn-alquiler-2026,2026-10-07
vox,VOX,hipotecas-jovenes,¿Debería el Estado avalar hipotecas de jóvenes para cubrir hasta el 95 % del precio de la vivienda?,no_comparable_evidence,,No se ha encontrado una posición suficientemente clara en las fuentes consultadas.,,,vox-2023 | congreso-jornada-2025 | vox-cannabis-2022 | vox-defensa-2025 | vox-regularizacion-2026 | senado-pelotas-2021 | vox-mordaza-2024 | canarias-cannabis-2024 | senado-cooperacion-2022 | vox-fortunas-2024,2026-10-07
ahi,Agrupación Herreña Independiente,desahucios,¿Deberían impedirse desahucios de hogares vulnerables sin una alternativa habitacional?,no_comparable_evidence,,No se ha encontrado una posición suficientemente clara en las fuentes consultadas.,,,ahi-vivienda-2025 | ahi-canarias-2023 | ahi-frontera-2023 | ahi-decreto-canarias-2025 | canarias-jornada-2025 | canarias-regularizacion-2026 | canarias-aborto-2025 | canarias-ganaderia-2026 | canarias-cannabis-2024,2026-10-07
asg,Agrupación Socialista Gomera,desahucios,¿Deberían impedirse desahucios de hogares vulnerables sin una alternativa habitacional?,no_comparable_evidence,,No se ha encontrado una posición suficientemente clara en las fuentes consultadas.,,,asg-pensiones-2018 | asg-vivienda-2026 | asg-transporte-2025 | canarias-jornada-2025 | canarias-regularizacion-2026 | canarias-aborto-2025 | senado-smi-2022 | canarias-infantil-2020 | canarias-ganaderia-2026 | canarias-cadena-julio-2022 | senado-permisos-2026 | canarias-cannabis-2024,2026-10-07
bng,Bloque Nacionalista Galego,desahucios,¿Deberían impedirse desahucios de hogares vulnerables sin una alternativa habitacional?,related,,"Propone un programa preventivo de asesoramiento, ayudas y búsqueda de soluciones habitacionales para familias vulnerables.",https://www.bng.gal/media/bnggaliza/files/2024/01/24/24_bng_galegas_programa_goberno.pdf,bng-desahucios-bng-galegas-2024-revision,bng-2023 | congreso-jornada-35 | bng-galegas-2024,2026-10-07
cc,Coalición Canaria,desahucios,¿Deberían impedirse desahucios de hogares vulnerables sin una alternativa habitacional?,no_comparable_evidence,,No se ha encontrado una posición suficientemente clara en las fuentes consultadas.,,,cc-menores-2024 | cc-pensiones | cc-fiscalidad | cc-canarias-2023 | cc-regularizacion-2026 | canarias-jornada-2025 | canarias-regularizacion-2026 | canarias-aborto-2025 | canarias-infantil-2020 | canarias-cannabis-2024,2026-10-07
compromis,Compromís,desahucios,¿Deberían impedirse desahucios de hogares vulnerables sin una alternativa habitacional?,comparable,support,Propone garantizar que no se produzcan desahucios sin alternativa habitacional dentro de las medidas contra la pobreza.,https://compromis.net/wp-content/uploads/2016/09/31_medidas_acuerdo_gobierno.pdf,compromis-desahucios-compromis-acuerdo-2016-revision,congreso-jornada-2025 | compromis-sumar-2023 | compromis-alquiler-2025 | compromis-corts-2023 | compromis-generales-2011-societat | compromis-aborto-2025 | compromis-mordaza-2019 | compromis-acuerdo-2016,2026-10-07
erc,Esquerra Republicana de Catalunya,desahucios,¿Deberían impedirse desahucios de hogares vulnerables sin una alternativa habitacional?,comparable,support,Propone evitar desahucios sin garantía habitacional.,https://static.esquerra.cat/uploads/20230905/e2023-programa.pdf,erc-desahucios,erc-2023 | congreso-jornada-2025 | erc-dental-2026 | erc-cannabis-2021 | erc-vivienda-2018 | erc-palestina-2026 | erc-industria-2026 | erc-cuestionario-pensiones | erc-europeas-2024 | erc-jornada-2024 | erc-catalunya-2024,2026-10-07
eh-bildu,Euskal Herria Bildu,desahucios,¿Deberían impedirse desahucios de hogares vulnerables sin una alternativa habitacional?,no_comparable_evidence,,No se ha encontrado una posición suficientemente clara en las fuentes consultadas.,,,bildu-2023 | bildu-gasteiz-programa | bildu-euskadi-2024 | navarra-nuclear-2025 | navarra-ebau-2023,2026-10-07
pnv,Euzko Alderdi Jeltzalea–Partido Nacionalista Vasco,desahucios,¿Deberían impedirse desahucios de hogares vulnerables sin una alternativa habitacional?,no_comparable_evidence,,No se ha encontrado una posición suficientemente clara en las fuentes consultadas.,,,pnv-2023 | congreso-jornada-2025 | pnv-euskadi-2024 | senado-smi-2022 | senado-pelotas-2021 | pnv-mordaza-2024 | pnv-irpf-2022 | pnv-palestina-2024 | pnv-fortunas-acuerdo-2023,2026-10-07
geroa-bai,Geroa Bai,desahucios,¿Deberían impedirse desahucios de hogares vulnerables sin una alternativa habitacional?,no_comparable_evidence,,No se ha encontrado una posición suficientemente clara en las fuentes consultadas.,,,geroa-bai-fiscalidad-2025 | geroa-bai-forales-2023 | geroa-bai-generales-2019 | navarra-nuclear-2025 | geroa-pensiones-enmienda-2014 | geroa-pelotas-2021 | navarra-ebau-2023 | geroa-irpf-2025 | geroa-bai-forales-2015,2026-10-07
iu,Izquierda Unida,desahucios,¿Deberían impedirse desahucios de hogares vulnerables sin una alternativa habitacional?,comparable,conditional,"Propone que el Estado adquiera vivienda e hipoteca para evitar desahucios hipotecarios de primera vivienda, manteniendo a la familia con alquiler social.",https://izquierdaunida.org/wp-content/uploads/2023/07/Programa-IU-Elecciones-Generales-Jl2023.pdf,iu-desahucios-ampliacion-2026,iu-2023 | iu-jornada-2024 | iu-palestina-2024 | iu-europeas-2019 | iu-nuclear-2026 | iu-mordaza-2025,2026-10-07
junts,Junts per Catalunya,desahucios,¿Deberían impedirse desahucios de hogares vulnerables sin una alternativa habitacional?,no_comparable_evidence,,No se ha encontrado una posición suficientemente clara en las fuentes consultadas.,,,congreso-jornada-2025 | junts-catalunya-2024 | senado-smi-2022 | senado-pelotas-2021 | senado-cooperacion-2022,2026-10-07
mas-madrid,Más Madrid,desahucios,¿Deberían impedirse desahucios de hogares vulnerables sin una alternativa habitacional?,related,,Propone una unidad antidesahucios con asesoramiento y mediación para ganar tiempo y reubicar a las familias.,https://programa.masmadrid.org/pdf/Comunidad%20de%20Madrid/Programa%20M%C3%A1s%20Madrid%20-%20CM%202023.pdf,mas-madrid-desahucios-mas-madrid-cm-2023-revision,mas-madrid-aborto-2025 | mas-madrid-cm-2023 | mas-madrid-jornada-2024 | mas-madrid-alquiler-2026 | mas-madrid-mordaza | senado-cooperacion-2022 | mas-madrid-fortunas-carta-2023,2026-10-07
pp,Partido Popular,desahucios,¿Deberían impedirse desahucios de hogares vulnerables sin una alternativa habitacional?,no_comparable_evidence,,No se ha encontrado una posición suficientemente clara en las fuentes consultadas.,,,pp-2023 | congreso-jornada-2025 | pp-pension-ipc-2026 | pp-banca-jornada | pp-jornada-2025 | canarias-regularizacion-2026 | senado-smi-2022 | canarias-cadena-julio-2022 | senado-pelotas-2021 | pp-mordaza-pnl-2021 | canarias-cannabis-2024 | pp-alquiler-2025 | pp-palestina-2024 | pp-murcia-2025,2026-10-07
psoe,Partido Socialista Obrero Español,desahucios,¿Deberían impedirse desahucios de hogares vulnerables sin una alternativa habitacional?,comparable,conditional,Respalda suspender los desahucios de familias vulnerables que no tienen alternativa habitacional.,https://www.psoe.es/congreso/noticias-congreso/patxi-lopez-ha-llegado-el-momento-de-echar-a-feijoo-por-sus-mentiras-sobre-la-dana/,psoe-desahucios-psoe-desahucios-2026-revision,psoe-2023 | psoe-mayo-2024 | psoe-palestina-discurso | psoe-alquiler-2025 | psoe-defensa-plan-2025 | psoe-aborto-pnl-indexada-2025 | senado-pelotas-2021 | psoe-mordaza-2024 | psoe-mordaza-ppl-2024 | psoe-fortunas-2025 | psoe-desahucios-2026 | canarias-cannabis-2024 | psoe-regularizacion-2026,2026-10-07
podemos,Podemos,desahucios,¿Deberían impedirse desahucios de hogares vulnerables sin una alternativa habitacional?,comparable,support,Propone impedir desahucios de personas vulnerables hasta que la Administración garantice un realojo digno.,https://podemos.info/eu/medida/prohibir-los-desalojos-sin-alternativa-habitacional/,podemos-desahucios-podemos-desahucios-programa-revision,congreso-jornada-2025 | podemos-jornada-2019 | podemos-infantil-programa | podemos-alquiler-programa | podemos-pensiones-programa | podemos-smi-programa | podemos-cie-programa | podemos-cannabis-programa | podemos-vivienda-publica-programa | podemos-desahucios-programa | podemos-hidroelectricas-programa | podemos-nuclear-programa | podemos-permiso-nacimiento-programa | podemos-transporte-joven-europa | podemos-murcia-dental-2023 | podemos-murcia-regularizacion-2026 | podemos-andalucia-aborto-2023 | podemos-software-2015 | podemos-palestina-2016 | podemos-mordaza-declaracion | podemos-ganaderia-europa | podemos-tpan-europa | podemos-justicia-fiscal | podemos-murcia-igualdad-2017 | podemos-jubilacion-declaracion | podemos-cgpj-programa | podemos-cooperacion-programa,2026-10-07
sumar-2023,Sumar · coalición electoral de 2023,desahucios,¿Deberían impedirse desahucios de hogares vulnerables sin una alternativa habitacional?,related,,"Propone vivienda alternativa frente a desahucios, junto a otras medidas de desarrollo de la Ley de Vivienda.",https://movimientosumar.es/wp-content/uploads/2023/07/Un-Programa-para-ti.pdf,sumar-2023-desahucios-ampliacion-2026,sumar-2023,2026-10-07
upn,Unión del Pueblo Navarro,desahucios,¿Deberían impedirse desahucios de hogares vulnerables sin una alternativa habitacional?,related,,Rechaza iniciativas que hagan recaer la vivienda de personas vulnerables en la propiedad privada de otras.,https://www.upn.org/ibarrola-anuncia-una-nueva-ley-foral-de-medidas-urgentes-y-un-plan-de-choque-para-movilizar-con-celeridad-mas-de-20-000-viviendas/,upn-desahucios-upn-alquiler-2026-revision,upn-2023 | congreso-jornada-2025 | upn-forales-2023 | navarra-nuclear-votacion-2025 | navarra-ebau-2023 | upn-alquiler-2026,2026-10-07
vox,VOX,desahucios,¿Deberían impedirse desahucios de hogares vulnerables sin una alternativa habitacional?,no_comparable_evidence,,No se ha encontrado una posición suficientemente clara en las fuentes consultadas.,,,vox-2023 | congreso-jornada-2025 | vox-cannabis-2022 | vox-defensa-2025 | vox-regularizacion-2026 | senado-pelotas-2021 | vox-mordaza-2024 | canarias-cannabis-2024 | senado-cooperacion-2022 | vox-fortunas-2024,2026-10-07
ahi,Agrupación Herreña Independiente,dental,¿Debería ampliarse la cobertura de salud bucodental de la sanidad pública?,no_comparable_evidence,,No se ha encontrado una posición suficientemente clara en las fuentes consultadas.,,,ahi-vivienda-2025 | ahi-canarias-2023 | ahi-frontera-2023 | ahi-decreto-canarias-2025 | canarias-jornada-2025 | canarias-regularizacion-2026 | canarias-aborto-2025 | canarias-ganaderia-2026 | canarias-cannabis-2024,2026-10-07
asg,Agrupación Socialista Gomera,dental,¿Debería ampliarse la cobertura de salud bucodental de la sanidad pública?,no_comparable_evidence,,No se ha encontrado una posición suficientemente clara en las fuentes consultadas.,,,asg-pensiones-2018 | asg-vivienda-2026 | asg-transporte-2025 | canarias-jornada-2025 | canarias-regularizacion-2026 | canarias-aborto-2025 | senado-smi-2022 | canarias-infantil-2020 | canarias-ganaderia-2026 | canarias-cadena-julio-2022 | senado-permisos-2026 | canarias-cannabis-2024,2026-10-07
bng,Bloque Nacionalista Galego,dental,¿Debería ampliarse la cobertura de salud bucodental de la sanidad pública?,comparable,support,Propone ampliar la cartera del sistema público de salud a la asistencia odontológica y otras prestaciones actualmente excluidas o parcialmente financiadas.,https://www.bng.gal/media/bnggaliza/files/2023/07/05/23_bng_xerais_programa.pdf,bng-dental-ampliacion-2026,bng-2023 | congreso-jornada-35 | bng-galegas-2024,2026-10-07
cc,Coalición Canaria,dental,¿Debería ampliarse la cobertura de salud bucodental de la sanidad pública?,no_comparable_evidence,,No se ha encontrado una posición suficientemente clara en las fuentes consultadas.,,,cc-menores-2024 | cc-pensiones | cc-fiscalidad | cc-canarias-2023 | cc-regularizacion-2026 | canarias-jornada-2025 | canarias-regularizacion-2026 | canarias-aborto-2025 | canarias-infantil-2020 | canarias-cannabis-2024,2026-10-07
compromis,Compromís,dental,¿Debería ampliarse la cobertura de salud bucodental de la sanidad pública?,comparable,conditional,Propone ampliar la cartera pública de salud bucodental para infancia y colectivos vulnerables en la Comunitat Valenciana.,https://28m.compromis.net/docs/PROGRAMA_ELECTORAL_2023_%20CAS.pdf,compromis-dental-compromis-corts-2023-revision,congreso-jornada-2025 | compromis-sumar-2023 | compromis-alquiler-2025 | compromis-corts-2023 | compromis-generales-2011-societat | compromis-aborto-2025 | compromis-mordaza-2019 | compromis-acuerdo-2016,2026-10-07
erc,Esquerra Republicana de Catalunya,dental,¿Debería ampliarse la cobertura de salud bucodental de la sanidad pública?,comparable,support,"Defiende ampliar progresivamente la atención bucodental pública, incluyendo la gratuidad para adolescentes de catorce a dieciocho años.",https://www.esquerra.cat/estrems-reivindica-lampliacio-de-la-salut-bucodental-publica-per-als-joves-i-celebra-que-la-ministra-obri-la-porta-a-estendre-aquesta-cobertura/,erc-dental-erc-dental-2026-revision,erc-2023 | congreso-jornada-2025 | erc-dental-2026 | erc-cannabis-2021 | erc-vivienda-2018 | erc-palestina-2026 | erc-industria-2026 | erc-cuestionario-pensiones | erc-europeas-2024 | erc-jornada-2024 | erc-catalunya-2024,2026-10-07
eh-bildu,Euskal Herria Bildu,dental,¿Debería ampliarse la cobertura de salud bucodental de la sanidad pública?,comparable,support,Propone incorporar cobertura dental y oftalmológica al sistema público.,https://ehbildu.eus/dokumentuak/23J-COMPROMISO-DE-EUSKAL-HERRIA-BILDU.pdf,eh-bildu-dental | eh-bildu-dental-bildu-gasteiz-programa-revision,bildu-2023 | bildu-gasteiz-programa | bildu-euskadi-2024 | navarra-nuclear-2025 | navarra-ebau-2023,2026-10-07
pnv,Euzko Alderdi Jeltzalea–Partido Nacionalista Vasco,dental,¿Debería ampliarse la cobertura de salud bucodental de la sanidad pública?,no_comparable_evidence,,No se ha encontrado una posición suficientemente clara en las fuentes consultadas.,,,pnv-2023 | congreso-jornada-2025 | pnv-euskadi-2024 | senado-smi-2022 | senado-pelotas-2021 | pnv-mordaza-2024 | pnv-irpf-2022 | pnv-palestina-2024 | pnv-fortunas-acuerdo-2023,2026-10-07
geroa-bai,Geroa Bai,dental,¿Debería ampliarse la cobertura de salud bucodental de la sanidad pública?,no_comparable_evidence,,No se ha encontrado una posición suficientemente clara en las fuentes consultadas.,,,geroa-bai-fiscalidad-2025 | geroa-bai-forales-2023 | geroa-bai-generales-2019 | navarra-nuclear-2025 | geroa-pensiones-enmienda-2014 | geroa-pelotas-2021 | navarra-ebau-2023 | geroa-irpf-2025 | geroa-bai-forales-2015,2026-10-07
iu,Izquierda Unida,dental,¿Debería ampliarse la cobertura de salud bucodental de la sanidad pública?,comparable,support,Propone incorporar odontología e higiene bucodental a la cartera común sanitaria sin copagos.,https://izquierdaunida.org/wp-content/uploads/2023/07/Programa-IU-Elecciones-Generales-Jl2023.pdf,iu-dental-ampliacion-2026,iu-2023 | iu-jornada-2024 | iu-palestina-2024 | iu-europeas-2019 | iu-nuclear-2026 | iu-mordaza-2025,2026-10-07
junts,Junts per Catalunya,dental,¿Debería ampliarse la cobertura de salud bucodental de la sanidad pública?,comparable,conditional,"Propone revisar la cartera sanitaria, incluyendo salud bucodental financiada al menos para rentas bajas.",https://carlespuigdemont.cat/wp-content/uploads/2024/04/PROGRAMA-DE-GOVERN.pdf,junts-dental-junts-catalunya-2024-revision,congreso-jornada-2025 | junts-catalunya-2024 | senado-smi-2022 | senado-pelotas-2021 | senado-cooperacion-2022,2026-10-07
mas-madrid,Más Madrid,dental,¿Debería ampliarse la cobertura de salud bucodental de la sanidad pública?,comparable,conditional,"Propone ampliar equipos, cobertura y prestaciones bucodentales del Servicio Madrileño de Salud.",https://programa.masmadrid.org/pdf/Comunidad%20de%20Madrid/Programa%20M%C3%A1s%20Madrid%20-%20CM%202023.pdf,mas-madrid-dental-mas-madrid-cm-2023-revision,mas-madrid-aborto-2025 | mas-madrid-cm-2023 | mas-madrid-jornada-2024 | mas-madrid-alquiler-2026 | mas-madrid-mordaza | senado-cooperacion-2022 | mas-madrid-fortunas-carta-2023,2026-10-07
pp,Partido Popular,dental,¿Debería ampliarse la cobertura de salud bucodental de la sanidad pública?,no_comparable_evidence,,No se ha encontrado una posición suficientemente clara en las fuentes consultadas.,,,pp-2023 | congreso-jornada-2025 | pp-pension-ipc-2026 | pp-banca-jornada | pp-jornada-2025 | canarias-regularizacion-2026 | senado-smi-2022 | canarias-cadena-julio-2022 | senado-pelotas-2021 | pp-mordaza-pnl-2021 | canarias-cannabis-2024 | pp-alquiler-2025 | pp-palestina-2024 | pp-murcia-2025,2026-10-07
psoe,Partido Socialista Obrero Español,dental,¿Debería ampliarse la cobertura de salud bucodental de la sanidad pública?,comparable,support,Propone ampliar la cartera pública de salud bucodental.,https://xn--espaaavanza-4db.es/wp-content/uploads/2023/07/PROGRAMA_ELECTORAL-GENERALES-2023.pdf,psoe-dental,psoe-2023 | psoe-mayo-2024 | psoe-palestina-discurso | psoe-alquiler-2025 | psoe-defensa-plan-2025 | psoe-aborto-pnl-indexada-2025 | senado-pelotas-2021 | psoe-mordaza-2024 | psoe-mordaza-ppl-2024 | psoe-fortunas-2025 | psoe-desahucios-2026 | canarias-cannabis-2024 | psoe-regularizacion-2026,2026-10-07
podemos,Podemos,dental,¿Debería ampliarse la cobertura de salud bucodental de la sanidad pública?,comparable,conditional,Propone ampliar la atención bucodental pública gratuita hasta los dieciocho años en Murcia.,https://regiondemurcia.podemos.info/podemos-quiere-que-los-comedores-escolares-y-el-dentista-sean-gratuitos-para-todos-los-menores/,podemos-dental-podemos-murcia-dental-2023-revision,congreso-jornada-2025 | podemos-jornada-2019 | podemos-infantil-programa | podemos-alquiler-programa | podemos-pensiones-programa | podemos-smi-programa | podemos-cie-programa | podemos-cannabis-programa | podemos-vivienda-publica-programa | podemos-desahucios-programa | podemos-hidroelectricas-programa | podemos-nuclear-programa | podemos-permiso-nacimiento-programa | podemos-transporte-joven-europa | podemos-murcia-dental-2023 | podemos-murcia-regularizacion-2026 | podemos-andalucia-aborto-2023 | podemos-software-2015 | podemos-palestina-2016 | podemos-mordaza-declaracion | podemos-ganaderia-europa | podemos-tpan-europa | podemos-justicia-fiscal | podemos-murcia-igualdad-2017 | podemos-jubilacion-declaracion | podemos-cgpj-programa | podemos-cooperacion-programa,2026-10-07
sumar-2023,Sumar · coalición electoral de 2023,dental,¿Debería ampliarse la cobertura de salud bucodental de la sanidad pública?,comparable,support,Propone añadir salud bucodental a los servicios públicos sanitarios.,https://movimientosumar.es/wp-content/uploads/2023/07/Un-Programa-para-ti.pdf,sumar-2023-dental,sumar-2023,2026-10-07
upn,Unión del Pueblo Navarro,dental,¿Debería ampliarse la cobertura de salud bucodental de la sanidad pública?,no_comparable_evidence,,No se ha encontrado una posición suficientemente clara en las fuentes consultadas.,,,upn-2023 | congreso-jornada-2025 | upn-forales-2023 | navarra-nuclear-votacion-2025 | navarra-ebau-2023 | upn-alquiler-2026,2026-10-07
vox,VOX,dental,¿Debería ampliarse la cobertura de salud bucodental de la sanidad pública?,comparable,support,Propone incluir prestaciones bucodentales y oftalmológicas en la cartera sanitaria.,https://www.votaabascal.es/assets/pdf/Programa-VOX-2023.pdf,vox-dental,vox-2023 | congreso-jornada-2025 | vox-cannabis-2022 | vox-defensa-2025 | vox-regularizacion-2026 | senado-pelotas-2021 | vox-mordaza-2024 | canarias-cannabis-2024 | senado-cooperacion-2022 | vox-fortunas-2024,2026-10-07
ahi,Agrupación Herreña Independiente,espera-sanitaria,¿Deberían fijarse por ley tiempos máximos de espera sanitaria?,no_comparable_evidence,,No se ha encontrado una posición suficientemente clara en las fuentes consultadas.,,,ahi-vivienda-2025 | ahi-canarias-2023 | ahi-frontera-2023 | ahi-decreto-canarias-2025 | canarias-jornada-2025 | canarias-regularizacion-2026 | canarias-aborto-2025 | canarias-ganaderia-2026 | canarias-cannabis-2024,2026-10-07
asg,Agrupación Socialista Gomera,espera-sanitaria,¿Deberían fijarse por ley tiempos máximos de espera sanitaria?,no_comparable_evidence,,No se ha encontrado una posición suficientemente clara en las fuentes consultadas.,,,asg-pensiones-2018 | asg-vivienda-2026 | asg-transporte-2025 | canarias-jornada-2025 | canarias-regularizacion-2026 | canarias-aborto-2025 | senado-smi-2022 | canarias-infantil-2020 | canarias-ganaderia-2026 | canarias-cadena-julio-2022 | senado-permisos-2026 | canarias-cannabis-2024,2026-10-07
bng,Bloque Nacionalista Galego,espera-sanitaria,¿Deberían fijarse por ley tiempos máximos de espera sanitaria?,comparable,conditional,Propone una nueva ley de garantías sanitarias dentro de un plan que combine prioridades clínicas y tiempos máximos de espera.,https://www.bng.gal/media/bnggaliza/files/2024/01/24/24_bng_galegas_programa_goberno.pdf,bng-espera-sanitaria-bng-galegas-2024-revision,bng-2023 | congreso-jornada-35 | bng-galegas-2024,2026-10-07
cc,Coalición Canaria,espera-sanitaria,¿Deberían fijarse por ley tiempos máximos de espera sanitaria?,no_comparable_evidence,,No se ha encontrado una posición suficientemente clara en las fuentes consultadas.,,,cc-menores-2024 | cc-pensiones | cc-fiscalidad | cc-canarias-2023 | cc-regularizacion-2026 | canarias-jornada-2025 | canarias-regularizacion-2026 | canarias-aborto-2025 | canarias-infantil-2020 | canarias-cannabis-2024,2026-10-07
compromis,Compromís,espera-sanitaria,¿Deberían fijarse por ley tiempos máximos de espera sanitaria?,no_comparable_evidence,,No se ha encontrado una posición suficientemente clara en las fuentes consultadas.,,,congreso-jornada-2025 | compromis-sumar-2023 | compromis-alquiler-2025 | compromis-corts-2023 | compromis-generales-2011-societat | compromis-aborto-2025 | compromis-mordaza-2019 | compromis-acuerdo-2016,2026-10-07
erc,Esquerra Republicana de Catalunya,espera-sanitaria,¿Deberían fijarse por ley tiempos máximos de espera sanitaria?,no_comparable_evidence,,No se ha encontrado una posición suficientemente clara en las fuentes consultadas.,,,erc-2023 | congreso-jornada-2025 | erc-dental-2026 | erc-cannabis-2021 | erc-vivienda-2018 | erc-palestina-2026 | erc-industria-2026 | erc-cuestionario-pensiones | erc-europeas-2024 | erc-jornada-2024 | erc-catalunya-2024,2026-10-07
eh-bildu,Euskal Herria Bildu,espera-sanitaria,¿Deberían fijarse por ley tiempos máximos de espera sanitaria?,no_comparable_evidence,,No se ha encontrado una posición suficientemente clara en las fuentes consultadas.,,,bildu-2023 | bildu-gasteiz-programa | bildu-euskadi-2024 | navarra-nuclear-2025 | navarra-ebau-2023,2026-10-07
pnv,Euzko Alderdi Jeltzalea–Partido Nacionalista Vasco,espera-sanitaria,¿Deberían fijarse por ley tiempos máximos de espera sanitaria?,no_comparable_evidence,,No se ha encontrado una posición suficientemente clara en las fuentes consultadas.,,,pnv-2023 | congreso-jornada-2025 | pnv-euskadi-2024 | senado-smi-2022 | senado-pelotas-2021 | pnv-mordaza-2024 | pnv-irpf-2022 | pnv-palestina-2024 | pnv-fortunas-acuerdo-2023,2026-10-07
geroa-bai,Geroa Bai,espera-sanitaria,¿Deberían fijarse por ley tiempos máximos de espera sanitaria?,related,,Propone un plan integral para reducir pacientes y tiempos en listas de espera.,https://geroabai.eus/files/2023/05/programa-parlamento-completo-pag-4.pdf,geroa-bai-espera-sanitaria-geroa-bai-forales-2023-revision,geroa-bai-fiscalidad-2025 | geroa-bai-forales-2023 | geroa-bai-generales-2019 | navarra-nuclear-2025 | geroa-pensiones-enmienda-2014 | geroa-pelotas-2021 | navarra-ebau-2023 | geroa-irpf-2025 | geroa-bai-forales-2015,2026-10-07
iu,Izquierda Unida,espera-sanitaria,¿Deberían fijarse por ley tiempos máximos de espera sanitaria?,no_comparable_evidence,,No se ha encontrado una posición suficientemente clara en las fuentes consultadas.,,,iu-2023 | iu-jornada-2024 | iu-palestina-2024 | iu-europeas-2019 | iu-nuclear-2026 | iu-mordaza-2025,2026-10-07
junts,Junts per Catalunya,espera-sanitaria,¿Deberían fijarse por ley tiempos máximos de espera sanitaria?,no_comparable_evidence,,No se ha encontrado una posición suficientemente clara en las fuentes consultadas.,,,congreso-jornada-2025 | junts-catalunya-2024 | senado-smi-2022 | senado-pelotas-2021 | senado-cooperacion-2022,2026-10-07
mas-madrid,Más Madrid,espera-sanitaria,¿Deberían fijarse por ley tiempos máximos de espera sanitaria?,comparable,conditional,"Propone una ley con garantías de tiempos máximos para cirugía, pruebas y consultas en Madrid.",https://programa.masmadrid.org/pdf/Comunidad%20de%20Madrid/Programa%20M%C3%A1s%20Madrid%20-%20CM%202023.pdf,mas-madrid-espera-sanitaria-mas-madrid-cm-2023-revision,mas-madrid-aborto-2025 | mas-madrid-cm-2023 | mas-madrid-jornada-2024 | mas-madrid-alquiler-2026 | mas-madrid-mordaza | senado-cooperacion-2022 | mas-madrid-fortunas-carta-2023,2026-10-07
pp,Partido Popular,espera-sanitaria,¿Deberían fijarse por ley tiempos máximos de espera sanitaria?,no_comparable_evidence,,No se ha encontrado una posición suficientemente clara en las fuentes consultadas.,,,pp-2023 | congreso-jornada-2025 | pp-pension-ipc-2026 | pp-banca-jornada | pp-jornada-2025 | canarias-regularizacion-2026 | senado-smi-2022 | canarias-cadena-julio-2022 | senado-pelotas-2021 | pp-mordaza-pnl-2021 | canarias-cannabis-2024 | pp-alquiler-2025 | pp-palestina-2024 | pp-murcia-2025,2026-10-07
psoe,Partido Socialista Obrero Español,espera-sanitaria,¿Deberían fijarse por ley tiempos máximos de espera sanitaria?,comparable,support,"Propone plazos legales de 120 días para cirugía, 60 para consulta especializada y 30 para pruebas.",https://xn--espaaavanza-4db.es/wp-content/uploads/2023/07/PROGRAMA_ELECTORAL-GENERALES-2023.pdf,psoe-espera-sanitaria,psoe-2023 | psoe-mayo-2024 | psoe-palestina-discurso | psoe-alquiler-2025 | psoe-defensa-plan-2025 | psoe-aborto-pnl-indexada-2025 | senado-pelotas-2021 | psoe-mordaza-2024 | psoe-mordaza-ppl-2024 | psoe-fortunas-2025 | psoe-desahucios-2026 | canarias-cannabis-2024 | psoe-regularizacion-2026,2026-10-07
podemos,Podemos,espera-sanitaria,¿Deberían fijarse por ley tiempos máximos de espera sanitaria?,no_comparable_evidence,,No se ha encontrado una posición suficientemente clara en las fuentes consultadas.,,,congreso-jornada-2025 | podemos-jornada-2019 | podemos-infantil-programa | podemos-alquiler-programa | podemos-pensiones-programa | podemos-smi-programa | podemos-cie-programa | podemos-cannabis-programa | podemos-vivienda-publica-programa | podemos-desahucios-programa | podemos-hidroelectricas-programa | podemos-nuclear-programa | podemos-permiso-nacimiento-programa | podemos-transporte-joven-europa | podemos-murcia-dental-2023 | podemos-murcia-regularizacion-2026 | podemos-andalucia-aborto-2023 | podemos-software-2015 | podemos-palestina-2016 | podemos-mordaza-declaracion | podemos-ganaderia-europa | podemos-tpan-europa | podemos-justicia-fiscal | podemos-murcia-igualdad-2017 | podemos-jubilacion-declaracion | podemos-cgpj-programa | podemos-cooperacion-programa,2026-10-07
sumar-2023,Sumar · coalición electoral de 2023,espera-sanitaria,¿Deberían fijarse por ley tiempos máximos de espera sanitaria?,comparable,support,Propone una ley de listas de espera con tiempos máximos y un registro homogéneo y transparente.,https://movimientosumar.es/wp-content/uploads/2023/07/Un-Programa-para-ti.pdf,sumar-2023-espera-sanitaria-sumar-2023-revision,sumar-2023,2026-10-07
upn,Unión del Pueblo Navarro,espera-sanitaria,¿Deberían fijarse por ley tiempos máximos de espera sanitaria?,comparable,conditional,Propone una ley de tiempos máximos de espera para revisiones y el inicio de tratamientos de procesos graves en Navarra.,https://www.upn.org/wp-content/uploads/2024/01/programacastellano.pdf,upn-espera-sanitaria-upn-forales-2023-revision,upn-2023 | congreso-jornada-2025 | upn-forales-2023 | navarra-nuclear-votacion-2025 | navarra-ebau-2023 | upn-alquiler-2026,2026-10-07
vox,VOX,espera-sanitaria,¿Deberían fijarse por ley tiempos máximos de espera sanitaria?,no_comparable_evidence,,No se ha encontrado una posición suficientemente clara en las fuentes consultadas.,,,vox-2023 | congreso-jornada-2025 | vox-cannabis-2022 | vox-defensa-2025 | vox-regularizacion-2026 | senado-pelotas-2021 | vox-mordaza-2024 | canarias-cannabis-2024 | senado-cooperacion-2022 | vox-fortunas-2024,2026-10-07
ahi,Agrupación Herreña Independiente,cannabis,¿Debería regularse el uso medicinal del cannabis?,comparable,conditional,Propone regular y facilitar la producción de principios activos del cannabis medicinal en Canarias para uso farmacéutico.,https://www.parcan.es/pub/ds.py/2024/38/7/,ahi-cannabis-canarias-cannabis-2024-revision,ahi-vivienda-2025 | ahi-canarias-2023 | ahi-frontera-2023 | ahi-decreto-canarias-2025 | canarias-jornada-2025 | canarias-regularizacion-2026 | canarias-aborto-2025 | canarias-ganaderia-2026 | canarias-cannabis-2024,2026-10-07
asg,Agrupación Socialista Gomera,cannabis,¿Debería regularse el uso medicinal del cannabis?,comparable,conditional,"Defiende que el Estado regule los principios activos del cannabis para uso farmacéutico, condicionado a mejorar la salud de los pacientes.",https://www.parcan.es/pub/ds.py/2024/38/7/,asg-cannabis-canarias-cannabis-2024-revision,asg-pensiones-2018 | asg-vivienda-2026 | asg-transporte-2025 | canarias-jornada-2025 | canarias-regularizacion-2026 | canarias-aborto-2025 | senado-smi-2022 | canarias-infantil-2020 | canarias-ganaderia-2026 | canarias-cadena-julio-2022 | senado-permisos-2026 | canarias-cannabis-2024,2026-10-07
bng,Bloque Nacionalista Galego,cannabis,¿Debería regularse el uso medicinal del cannabis?,no_comparable_evidence,,No se ha encontrado una posición suficientemente clara en las fuentes consultadas.,,,bng-2023 | congreso-jornada-35 | bng-galegas-2024,2026-10-07
cc,Coalición Canaria,cannabis,¿Debería regularse el uso medicinal del cannabis?,related,,"Defiende investigar los principios activos del cannabis y su aplicación farmacológica, con cooperación de centros públicos y privados.",https://www.parcan.es/pub/ds.py/2024/38/7/,cc-cannabis-canarias-cannabis-2024-revision,cc-menores-2024 | cc-pensiones | cc-fiscalidad | cc-canarias-2023 | cc-regularizacion-2026 | canarias-jornada-2025 | canarias-regularizacion-2026 | canarias-aborto-2025 | canarias-infantil-2020 | canarias-cannabis-2024,2026-10-07
compromis,Compromís,cannabis,¿Debería regularse el uso medicinal del cannabis?,no_comparable_evidence,,No se ha encontrado una posición suficientemente clara en las fuentes consultadas.,,,congreso-jornada-2025 | compromis-sumar-2023 | compromis-alquiler-2025 | compromis-corts-2023 | compromis-generales-2011-societat | compromis-aborto-2025 | compromis-mordaza-2019 | compromis-acuerdo-2016,2026-10-07
erc,Esquerra Republicana de Catalunya,cannabis,¿Debería regularse el uso medicinal del cannabis?,comparable,support,"Defiende regular el cannabis, incluido su uso terapéutico y reconocimiento como medicamento.",https://www.esquerra.cat/esquerra-llei-cannabis-congres/,erc-cannabis-erc-cannabis-2021-revision,erc-2023 | congreso-jornada-2025 | erc-dental-2026 | erc-cannabis-2021 | erc-vivienda-2018 | erc-palestina-2026 | erc-industria-2026 | erc-cuestionario-pensiones | erc-europeas-2024 | erc-jornada-2024 | erc-catalunya-2024,2026-10-07
eh-bildu,Euskal Herria Bildu,cannabis,¿Debería regularse el uso medicinal del cannabis?,no_comparable_evidence,,No se ha encontrado una posición suficientemente clara en las fuentes consultadas.,,,bildu-2023 | bildu-gasteiz-programa | bildu-euskadi-2024 | navarra-nuclear-2025 | navarra-ebau-2023,2026-10-07
pnv,Euzko Alderdi Jeltzalea–Partido Nacionalista Vasco,cannabis,¿Debería regularse el uso medicinal del cannabis?,comparable,support,Propone adaptar normativa para regular el uso medicinal del cannabis.,https://www.eaj-pnv.eus/es/adjuntos-documentos/20945/pdf/con-voz-propia-programa-electoral-23-j,pnv-cannabis,pnv-2023 | congreso-jornada-2025 | pnv-euskadi-2024 | senado-smi-2022 | senado-pelotas-2021 | pnv-mordaza-2024 | pnv-irpf-2022 | pnv-palestina-2024 | pnv-fortunas-acuerdo-2023,2026-10-07
geroa-bai,Geroa Bai,cannabis,¿Debería regularse el uso medicinal del cannabis?,no_comparable_evidence,,No se ha encontrado una posición suficientemente clara en las fuentes consultadas.,,,geroa-bai-fiscalidad-2025 | geroa-bai-forales-2023 | geroa-bai-generales-2019 | navarra-nuclear-2025 | geroa-pensiones-enmienda-2014 | geroa-pelotas-2021 | navarra-ebau-2023 | geroa-irpf-2025 | geroa-bai-forales-2015,2026-10-07
iu,Izquierda Unida,cannabis,¿Debería regularse el uso medicinal del cannabis?,comparable,support,"Propone regular el cannabis y sus derivados para legalizar el cultivo, la comercialización y los usos recreativo y terapéutico.",https://izquierdaunida.org/wp-content/uploads/2023/07/Programa-IU-Elecciones-Generales-Jl2023.pdf,iu-cannabis-ampliacion-2026,iu-2023 | iu-jornada-2024 | iu-palestina-2024 | iu-europeas-2019 | iu-nuclear-2026 | iu-mordaza-2025,2026-10-07
junts,Junts per Catalunya,cannabis,¿Debería regularse el uso medicinal del cannabis?,no_comparable_evidence,,No se ha encontrado una posición suficientemente clara en las fuentes consultadas.,,,congreso-jornada-2025 | junts-catalunya-2024 | senado-smi-2022 | senado-pelotas-2021 | senado-cooperacion-2022,2026-10-07
mas-madrid,Más Madrid,cannabis,¿Debería regularse el uso medicinal del cannabis?,comparable,conditional,"Propone incorporar el cannabis medicinal con formación, dispensación y farmacovigilancia conforme a la regulación estatal.",https://programa.masmadrid.org/pdf/Comunidad%20de%20Madrid/Programa%20M%C3%A1s%20Madrid%20-%20CM%202023.pdf,mas-madrid-cannabis-mas-madrid-cm-2023-revision,mas-madrid-aborto-2025 | mas-madrid-cm-2023 | mas-madrid-jornada-2024 | mas-madrid-alquiler-2026 | mas-madrid-mordaza | senado-cooperacion-2022 | mas-madrid-fortunas-carta-2023,2026-10-07
pp,Partido Popular,cannabis,¿Debería regularse el uso medicinal del cannabis?,comparable,conditional,En Canarias apoya regular el cannabis medicinal con prescripción y control estricto para proteger a los pacientes.,https://www.parcan.es/pub/ds.py/2024/38/7/,pp-cannabis-canarias-cannabis-2024-revision,pp-2023 | congreso-jornada-2025 | pp-pension-ipc-2026 | pp-banca-jornada | pp-jornada-2025 | canarias-regularizacion-2026 | senado-smi-2022 | canarias-cadena-julio-2022 | senado-pelotas-2021 | pp-mordaza-pnl-2021 | canarias-cannabis-2024 | pp-alquiler-2025 | pp-palestina-2024 | pp-murcia-2025,2026-10-07
psoe,Partido Socialista Obrero Español,cannabis,¿Debería regularse el uso medicinal del cannabis?,comparable,conditional,Apoya regular el cannabis medicinal y desarrollar las conclusiones de la subcomisión del Congreso con controles sanitarios.,https://www.parcan.es/pub/ds.py/2024/38/7/,psoe-cannabis-canarias-cannabis-2024-revision,psoe-2023 | psoe-mayo-2024 | psoe-palestina-discurso | psoe-alquiler-2025 | psoe-defensa-plan-2025 | psoe-aborto-pnl-indexada-2025 | senado-pelotas-2021 | psoe-mordaza-2024 | psoe-mordaza-ppl-2024 | psoe-fortunas-2025 | psoe-desahucios-2026 | canarias-cannabis-2024 | psoe-regularizacion-2026,2026-10-07
podemos,Podemos,cannabis,¿Debería regularse el uso medicinal del cannabis?,comparable,support,"Propone legalizar el uso medicinal del cannabis y regular producción, distribución y consumo.",https://podemos.info/bloque/garantias-democraticas-ciudadania/,podemos-cannabis-podemos-cannabis-programa-revision,congreso-jornada-2025 | podemos-jornada-2019 | podemos-infantil-programa | podemos-alquiler-programa | podemos-pensiones-programa | podemos-smi-programa | podemos-cie-programa | podemos-cannabis-programa | podemos-vivienda-publica-programa | podemos-desahucios-programa | podemos-hidroelectricas-programa | podemos-nuclear-programa | podemos-permiso-nacimiento-programa | podemos-transporte-joven-europa | podemos-murcia-dental-2023 | podemos-murcia-regularizacion-2026 | podemos-andalucia-aborto-2023 | podemos-software-2015 | podemos-palestina-2016 | podemos-mordaza-declaracion | podemos-ganaderia-europa | podemos-tpan-europa | podemos-justicia-fiscal | podemos-murcia-igualdad-2017 | podemos-jubilacion-declaracion | podemos-cgpj-programa | podemos-cooperacion-programa,2026-10-07
sumar-2023,Sumar · coalición electoral de 2023,cannabis,¿Debería regularse el uso medicinal del cannabis?,comparable,support,Propone legalizar el uso del cannabis con fines medicinales.,https://movimientosumar.es/wp-content/uploads/2023/07/Un-Programa-para-ti.pdf,sumar-2023-cannabis-ampliacion-2026,sumar-2023,2026-10-07
upn,Unión del Pueblo Navarro,cannabis,¿Debería regularse el uso medicinal del cannabis?,no_comparable_evidence,,No se ha encontrado una posición suficientemente clara en las fuentes consultadas.,,,upn-2023 | congreso-jornada-2025 | upn-forales-2023 | navarra-nuclear-votacion-2025 | navarra-ebau-2023 | upn-alquiler-2026,2026-10-07
vox,VOX,cannabis,¿Debería regularse el uso medicinal del cannabis?,comparable,conditional,Rechaza el uso medicinal de la planta de cannabis y lo distingue del uso farmacológico de sus principios activos.,https://www.voxespana.es/grupo_parlamentario/actividad-parlamentaria/vox-muestra-su-rechazo-al-uso-medicinal-del-cannabis-no-es-logico-consumir-una-planta-entera-pudiendo-tomar-el-principio-activo-20220308,vox-cannabis-vox-cannabis-2022-revision,vox-2023 | congreso-jornada-2025 | vox-cannabis-2022 | vox-defensa-2025 | vox-regularizacion-2026 | senado-pelotas-2021 | vox-mordaza-2024 | canarias-cannabis-2024 | senado-cooperacion-2022 | vox-fortunas-2024,2026-10-07
ahi,Agrupación Herreña Independiente,infantil,¿Debería ser universal y gratuita la educación de 0 a 3 años?,no_comparable_evidence,,No se ha encontrado una posición suficientemente clara en las fuentes consultadas.,,,ahi-vivienda-2025 | ahi-canarias-2023 | ahi-frontera-2023 | ahi-decreto-canarias-2025 | canarias-jornada-2025 | canarias-regularizacion-2026 | canarias-aborto-2025 | canarias-ganaderia-2026 | canarias-cannabis-2024,2026-10-07
asg,Agrupación Socialista Gomera,infantil,¿Debería ser universal y gratuita la educación de 0 a 3 años?,comparable,support,Defiende que la educación de cero a tres años sea una etapa universal y gratuita.,https://www.parcan.es/files/pub/diarios/10l/056/ds056.pdf,asg-infantil-canarias-infantil-2020-revision,asg-pensiones-2018 | asg-vivienda-2026 | asg-transporte-2025 | canarias-jornada-2025 | canarias-regularizacion-2026 | canarias-aborto-2025 | senado-smi-2022 | canarias-infantil-2020 | canarias-ganaderia-2026 | canarias-cadena-julio-2022 | senado-permisos-2026 | canarias-cannabis-2024,2026-10-07
bng,Bloque Nacionalista Galego,infantil,¿Debería ser universal y gratuita la educación de 0 a 3 años?,comparable,support,"Propone educación pública, universal y gratuita de 0 a 18 años, que incluye el ciclo de 0 a 3.",https://www.bng.gal/media/bnggaliza/files/2023/07/05/23_bng_xerais_programa.pdf,bng-infantil-ampliacion-2026,bng-2023 | congreso-jornada-35 | bng-galegas-2024,2026-10-07
cc,Coalición Canaria,infantil,¿Debería ser universal y gratuita la educación de 0 a 3 años?,comparable,conditional,Defiende la educación de cero a tres años universal y gratuita y financiación estatal a las comunidades autónomas.,https://www.parcan.es/files/pub/diarios/10l/056/ds056.pdf,cc-infantil-cc-canarias-2023-revision | cc-infantil-canarias-infantil-2020-revision,cc-menores-2024 | cc-pensiones | cc-fiscalidad | cc-canarias-2023 | cc-regularizacion-2026 | canarias-jornada-2025 | canarias-regularizacion-2026 | canarias-aborto-2025 | canarias-infantil-2020 | canarias-cannabis-2024,2026-10-07
compromis,Compromís,infantil,¿Debería ser universal y gratuita la educación de 0 a 3 años?,related,,Propone garantizar la educación pública gratuita de cero a tres años.,https://compromis.net/wp-content/uploads/2016/09/31_medidas_acuerdo_gobierno.pdf,compromis-infantil-compromis-acuerdo-2016-revision,congreso-jornada-2025 | compromis-sumar-2023 | compromis-alquiler-2025 | compromis-corts-2023 | compromis-generales-2011-societat | compromis-aborto-2025 | compromis-mordaza-2019 | compromis-acuerdo-2016,2026-10-07
erc,Esquerra Republicana de Catalunya,infantil,¿Debería ser universal y gratuita la educación de 0 a 3 años?,comparable,conditional,Propone ampliar y universalizar la educación gratuita de cero a tres años.,https://static.esquerra.cat/uploads/20230905/e2023-programa.pdf,erc-infantil | erc-infantil-erc-2023-revision,erc-2023 | congreso-jornada-2025 | erc-dental-2026 | erc-cannabis-2021 | erc-vivienda-2018 | erc-palestina-2026 | erc-industria-2026 | erc-cuestionario-pensiones | erc-europeas-2024 | erc-jornada-2024 | erc-catalunya-2024,2026-10-07
eh-bildu,Euskal Herria Bildu,infantil,¿Debería ser universal y gratuita la educación de 0 a 3 años?,no_comparable_evidence,,No se ha encontrado una posición suficientemente clara en las fuentes consultadas.,,,bildu-2023 | bildu-gasteiz-programa | bildu-euskadi-2024 | navarra-nuclear-2025 | navarra-ebau-2023,2026-10-07
pnv,Euzko Alderdi Jeltzalea–Partido Nacionalista Vasco,infantil,¿Debería ser universal y gratuita la educación de 0 a 3 años?,related,,"Defiende consolidar el consorcio de escuelas infantiles vascas como modelo gratuito, inclusivo y de calidad.",https://www.eaj-pnv.eus/es/adjuntos-documentos/21243/pdf/programa-electoral-21a,pnv-infantil-pnv-euskadi-2024-revision,pnv-2023 | congreso-jornada-2025 | pnv-euskadi-2024 | senado-smi-2022 | senado-pelotas-2021 | pnv-mordaza-2024 | pnv-irpf-2022 | pnv-palestina-2024 | pnv-fortunas-acuerdo-2023,2026-10-07
geroa-bai,Geroa Bai,infantil,¿Debería ser universal y gratuita la educación de 0 a 3 años?,comparable,conditional,Propone avanzar en la gratuidad y universalización de la educación de 0 a 3 años en Navarra.,https://geroabai.eus/files/2023/05/programa-parlamento-completo-pag-4.pdf,geroa-bai-infantil-geroa-bai-forales-2023-revision,geroa-bai-fiscalidad-2025 | geroa-bai-forales-2023 | geroa-bai-generales-2019 | navarra-nuclear-2025 | geroa-pensiones-enmienda-2014 | geroa-pelotas-2021 | navarra-ebau-2023 | geroa-irpf-2025 | geroa-bai-forales-2015,2026-10-07
iu,Izquierda Unida,infantil,¿Debería ser universal y gratuita la educación de 0 a 3 años?,comparable,support,"Propone escuela infantil universal, pública y gratuita desde los 0 años.",https://izquierdaunida.org/wp-content/uploads/2023/07/Programa-IU-Elecciones-Generales-Jl2023.pdf,iu-infantil,iu-2023 | iu-jornada-2024 | iu-palestina-2024 | iu-europeas-2019 | iu-nuclear-2026 | iu-mordaza-2025,2026-10-07
junts,Junts per Catalunya,infantil,¿Debería ser universal y gratuita la educación de 0 a 3 años?,comparable,conditional,Propone universalizar la educación de 0 a 3 años y avanzar hasta su gratuidad en Catalunya.,https://carlespuigdemont.cat/wp-content/uploads/2024/04/PROGRAMA-DE-GOVERN.pdf,junts-infantil-junts-catalunya-2024-revision,congreso-jornada-2025 | junts-catalunya-2024 | senado-smi-2022 | senado-pelotas-2021 | senado-cooperacion-2022,2026-10-07
mas-madrid,Más Madrid,infantil,¿Debería ser universal y gratuita la educación de 0 a 3 años?,comparable,conditional,Propone avanzar hacia una red pública de escuelas infantiles universal y gratuita en Madrid.,https://programa.masmadrid.org/pdf/Comunidad%20de%20Madrid/Programa%20M%C3%A1s%20Madrid%20-%20CM%202023.pdf,mas-madrid-infantil-mas-madrid-cm-2023-revision,mas-madrid-aborto-2025 | mas-madrid-cm-2023 | mas-madrid-jornada-2024 | mas-madrid-alquiler-2026 | mas-madrid-mordaza | senado-cooperacion-2022 | mas-madrid-fortunas-carta-2023,2026-10-07
pp,Partido Popular,infantil,¿Debería ser universal y gratuita la educación de 0 a 3 años?,comparable,support,"Propone educación de 0 a 3 universal y gratuita, con financiación estatal y autonómica al 50 %.",https://www.pp.es/storage/2023/07/programa_electoral_pp_23j_feijoo_2023.pdf,pp-infantil,pp-2023 | congreso-jornada-2025 | pp-pension-ipc-2026 | pp-banca-jornada | pp-jornada-2025 | canarias-regularizacion-2026 | senado-smi-2022 | canarias-cadena-julio-2022 | senado-pelotas-2021 | pp-mordaza-pnl-2021 | canarias-cannabis-2024 | pp-alquiler-2025 | pp-palestina-2024 | pp-murcia-2025,2026-10-07
psoe,Partido Socialista Obrero Español,infantil,¿Debería ser universal y gratuita la educación de 0 a 3 años?,comparable,support,Propone universalizar la educación de 0 a 3 años mediante una oferta gradual de plazas públicas gratuitas.,https://xn--espaaavanza-4db.es/wp-content/uploads/2023/07/PROGRAMA_ELECTORAL-GENERALES-2023.pdf,psoe-infantil | psoe-infantil-ampliacion-2026,psoe-2023 | psoe-mayo-2024 | psoe-palestina-discurso | psoe-alquiler-2025 | psoe-defensa-plan-2025 | psoe-aborto-pnl-indexada-2025 | senado-pelotas-2021 | psoe-mordaza-2024 | psoe-mordaza-ppl-2024 | psoe-fortunas-2025 | psoe-desahucios-2026 | canarias-cannabis-2024 | psoe-regularizacion-2026,2026-10-07
podemos,Podemos,infantil,¿Debería ser universal y gratuita la educación de 0 a 3 años?,comparable,support,Propone educación infantil de 0 a 3 años universal y gratuita.,https://podemos.info/medida/garantizar-la-cobertura-universal-y-gratuita-de-la-educacion-infantil-de-0-a-3-anos/,podemos-infantil-podemos-infantil-programa,congreso-jornada-2025 | podemos-jornada-2019 | podemos-infantil-programa | podemos-alquiler-programa | podemos-pensiones-programa | podemos-smi-programa | podemos-cie-programa | podemos-cannabis-programa | podemos-vivienda-publica-programa | podemos-desahucios-programa | podemos-hidroelectricas-programa | podemos-nuclear-programa | podemos-permiso-nacimiento-programa | podemos-transporte-joven-europa | podemos-murcia-dental-2023 | podemos-murcia-regularizacion-2026 | podemos-andalucia-aborto-2023 | podemos-software-2015 | podemos-palestina-2016 | podemos-mordaza-declaracion | podemos-ganaderia-europa | podemos-tpan-europa | podemos-justicia-fiscal | podemos-murcia-igualdad-2017 | podemos-jubilacion-declaracion | podemos-cgpj-programa | podemos-cooperacion-programa,2026-10-07
sumar-2023,Sumar · coalición electoral de 2023,infantil,¿Debería ser universal y gratuita la educación de 0 a 3 años?,comparable,support,Propone educación pública desde el nacimiento y plazas gratuitas de proximidad para toda la infancia.,https://movimientosumar.es/wp-content/uploads/2023/07/Un-Programa-para-ti.pdf,sumar-2023-infantil,sumar-2023,2026-10-07
upn,Unión del Pueblo Navarro,infantil,¿Debería ser universal y gratuita la educación de 0 a 3 años?,comparable,conditional,"Propone gratuidad de cero a tres años y avanzar en su universalización, con prioridad de acceso para familias trabajadoras y monoparentales.",https://www.upn.org/wp-content/uploads/2024/01/programacastellano.pdf,upn-infantil-upn-forales-2023-revision,upn-2023 | congreso-jornada-2025 | upn-forales-2023 | navarra-nuclear-votacion-2025 | navarra-ebau-2023 | upn-alquiler-2026,2026-10-07
vox,VOX,infantil,¿Debería ser universal y gratuita la educación de 0 a 3 años?,related,,Propone apoyar guarderías municipales gratuitas con horarios amplios; no explicita universalizar todo el ciclo educativo.,https://www.votaabascal.es/assets/pdf/Programa-VOX-2023.pdf,vox-infantil,vox-2023 | congreso-jornada-2025 | vox-cannabis-2022 | vox-defensa-2025 | vox-regularizacion-2026 | senado-pelotas-2021 | vox-mordaza-2024 | canarias-cannabis-2024 | senado-cooperacion-2022 | vox-fortunas-2024,2026-10-07
ahi,Agrupación Herreña Independiente,ebau,¿Debería haber una prueba de acceso a la universidad común para todo el territorio?,no_comparable_evidence,,No se ha encontrado una posición suficientemente clara en las fuentes consultadas.,,,ahi-vivienda-2025 | ahi-canarias-2023 | ahi-frontera-2023 | ahi-decreto-canarias-2025 | canarias-jornada-2025 | canarias-regularizacion-2026 | canarias-aborto-2025 | canarias-ganaderia-2026 | canarias-cannabis-2024,2026-10-07
asg,Agrupación Socialista Gomera,ebau,¿Debería haber una prueba de acceso a la universidad común para todo el territorio?,no_comparable_evidence,,No se ha encontrado una posición suficientemente clara en las fuentes consultadas.,,,asg-pensiones-2018 | asg-vivienda-2026 | asg-transporte-2025 | canarias-jornada-2025 | canarias-regularizacion-2026 | canarias-aborto-2025 | senado-smi-2022 | canarias-infantil-2020 | canarias-ganaderia-2026 | canarias-cadena-julio-2022 | senado-permisos-2026 | canarias-cannabis-2024,2026-10-07
bng,Bloque Nacionalista Galego,ebau,¿Debería haber una prueba de acceso a la universidad común para todo el territorio?,no_comparable_evidence,,No se ha encontrado una posición suficientemente clara en las fuentes consultadas.,,,bng-2023 | congreso-jornada-35 | bng-galegas-2024,2026-10-07
cc,Coalición Canaria,ebau,¿Debería haber una prueba de acceso a la universidad común para todo el territorio?,no_comparable_evidence,,No se ha encontrado una posición suficientemente clara en las fuentes consultadas.,,,cc-menores-2024 | cc-pensiones | cc-fiscalidad | cc-canarias-2023 | cc-regularizacion-2026 | canarias-jornada-2025 | canarias-regularizacion-2026 | canarias-aborto-2025 | canarias-infantil-2020 | canarias-cannabis-2024,2026-10-07
compromis,Compromís,ebau,¿Debería haber una prueba de acceso a la universidad común para todo el territorio?,no_comparable_evidence,,No se ha encontrado una posición suficientemente clara en las fuentes consultadas.,,,congreso-jornada-2025 | compromis-sumar-2023 | compromis-alquiler-2025 | compromis-corts-2023 | compromis-generales-2011-societat | compromis-aborto-2025 | compromis-mordaza-2019 | compromis-acuerdo-2016,2026-10-07
erc,Esquerra Republicana de Catalunya,ebau,¿Debería haber una prueba de acceso a la universidad común para todo el territorio?,no_comparable_evidence,,No se ha encontrado una posición suficientemente clara en las fuentes consultadas.,,,erc-2023 | congreso-jornada-2025 | erc-dental-2026 | erc-cannabis-2021 | erc-vivienda-2018 | erc-palestina-2026 | erc-industria-2026 | erc-cuestionario-pensiones | erc-europeas-2024 | erc-jornada-2024 | erc-catalunya-2024,2026-10-07
eh-bildu,Euskal Herria Bildu,ebau,¿Debería haber una prueba de acceso a la universidad común para todo el territorio?,related,,Anuncia voto contrario a la moción de EBAU única sin argumentar una posición sobre el sistema de acceso.,https://parlamentodenavarra.es/sites/default/files/diarios-sesiones/Plen11009.pdf,eh-bildu-ebau-navarra-ebau-2023-revision,bildu-2023 | bildu-gasteiz-programa | bildu-euskadi-2024 | navarra-nuclear-2025 | navarra-ebau-2023,2026-10-07
pnv,Euzko Alderdi Jeltzalea–Partido Nacionalista Vasco,ebau,¿Debería haber una prueba de acceso a la universidad común para todo el territorio?,related,,Defiende conservar el modelo vasco de EBAU y las competencias educativas en el acceso a la universidad.,https://www.eaj-pnv.eus/es/adjuntos-documentos/20945/pdf/con-voz-propia-programa-electoral-23-j,pnv-ebau-ampliacion-2026,pnv-2023 | congreso-jornada-2025 | pnv-euskadi-2024 | senado-smi-2022 | senado-pelotas-2021 | pnv-mordaza-2024 | pnv-irpf-2022 | pnv-palestina-2024 | pnv-fortunas-acuerdo-2023,2026-10-07
geroa-bai,Geroa Bai,ebau,¿Debería haber una prueba de acceso a la universidad común para todo el territorio?,related,,"Vota contra la moción de EBAU única sin desarrollar su postura educativa, por su decisión de no debatir iniciativas de VOX.",https://parlamentodenavarra.es/sites/default/files/diarios-sesiones/Plen11009.pdf,geroa-bai-ebau-navarra-ebau-2023-revision,geroa-bai-fiscalidad-2025 | geroa-bai-forales-2023 | geroa-bai-generales-2019 | navarra-nuclear-2025 | geroa-pensiones-enmienda-2014 | geroa-pelotas-2021 | navarra-ebau-2023 | geroa-irpf-2025 | geroa-bai-forales-2015,2026-10-07
iu,Izquierda Unida,ebau,¿Debería haber una prueba de acceso a la universidad común para todo el territorio?,no_comparable_evidence,,No se ha encontrado una posición suficientemente clara en las fuentes consultadas.,,,iu-2023 | iu-jornada-2024 | iu-palestina-2024 | iu-europeas-2019 | iu-nuclear-2026 | iu-mordaza-2025,2026-10-07
junts,Junts per Catalunya,ebau,¿Debería haber una prueba de acceso a la universidad común para todo el territorio?,no_comparable_evidence,,No se ha encontrado una posición suficientemente clara en las fuentes consultadas.,,,congreso-jornada-2025 | junts-catalunya-2024 | senado-smi-2022 | senado-pelotas-2021 | senado-cooperacion-2022,2026-10-07
mas-madrid,Más Madrid,ebau,¿Debería haber una prueba de acceso a la universidad común para todo el territorio?,no_comparable_evidence,,No se ha encontrado una posición suficientemente clara en las fuentes consultadas.,,,mas-madrid-aborto-2025 | mas-madrid-cm-2023 | mas-madrid-jornada-2024 | mas-madrid-alquiler-2026 | mas-madrid-mordaza | senado-cooperacion-2022 | mas-madrid-fortunas-carta-2023,2026-10-07
pp,Partido Popular,ebau,¿Debería haber una prueba de acceso a la universidad común para todo el territorio?,comparable,support,Propone una prueba de acceso universitaria con condiciones básicas y evaluación comunes.,https://www.pp.es/storage/2023/07/programa_electoral_pp_23j_feijoo_2023.pdf,pp-ebau,pp-2023 | congreso-jornada-2025 | pp-pension-ipc-2026 | pp-banca-jornada | pp-jornada-2025 | canarias-regularizacion-2026 | senado-smi-2022 | canarias-cadena-julio-2022 | senado-pelotas-2021 | pp-mordaza-pnl-2021 | canarias-cannabis-2024 | pp-alquiler-2025 | pp-palestina-2024 | pp-murcia-2025,2026-10-07
psoe,Partido Socialista Obrero Español,ebau,¿Debería haber una prueba de acceso a la universidad común para todo el territorio?,no_comparable_evidence,,No se ha encontrado una posición suficientemente clara en las fuentes consultadas.,,,psoe-2023 | psoe-mayo-2024 | psoe-palestina-discurso | psoe-alquiler-2025 | psoe-defensa-plan-2025 | psoe-aborto-pnl-indexada-2025 | senado-pelotas-2021 | psoe-mordaza-2024 | psoe-mordaza-ppl-2024 | psoe-fortunas-2025 | psoe-desahucios-2026 | canarias-cannabis-2024 | psoe-regularizacion-2026,2026-10-07
podemos,Podemos,ebau,¿Debería haber una prueba de acceso a la universidad común para todo el territorio?,no_comparable_evidence,,No se ha encontrado una posición suficientemente clara en las fuentes consultadas.,,,congreso-jornada-2025 | podemos-jornada-2019 | podemos-infantil-programa | podemos-alquiler-programa | podemos-pensiones-programa | podemos-smi-programa | podemos-cie-programa | podemos-cannabis-programa | podemos-vivienda-publica-programa | podemos-desahucios-programa | podemos-hidroelectricas-programa | podemos-nuclear-programa | podemos-permiso-nacimiento-programa | podemos-transporte-joven-europa | podemos-murcia-dental-2023 | podemos-murcia-regularizacion-2026 | podemos-andalucia-aborto-2023 | podemos-software-2015 | podemos-palestina-2016 | podemos-mordaza-declaracion | podemos-ganaderia-europa | podemos-tpan-europa | podemos-justicia-fiscal | podemos-murcia-igualdad-2017 | podemos-jubilacion-declaracion | podemos-cgpj-programa | podemos-cooperacion-programa,2026-10-07
sumar-2023,Sumar · coalición electoral de 2023,ebau,¿Debería haber una prueba de acceso a la universidad común para todo el territorio?,no_comparable_evidence,,No se ha encontrado una posición suficientemente clara en las fuentes consultadas.,,,sumar-2023,2026-10-07
upn,Unión del Pueblo Navarro,ebau,¿Debería haber una prueba de acceso a la universidad común para todo el territorio?,related,,"Defiende avanzar hacia pruebas más homogéneas con consenso, pero rechaza una EBAU única por dificultades competenciales.",https://parlamentodenavarra.es/sites/default/files/diarios-sesiones/Plen11009.pdf,upn-ebau-navarra-ebau-2023-revision,upn-2023 | congreso-jornada-2025 | upn-forales-2023 | navarra-nuclear-votacion-2025 | navarra-ebau-2023 | upn-alquiler-2026,2026-10-07
vox,VOX,ebau,¿Debería haber una prueba de acceso a la universidad común para todo el territorio?,comparable,support,Propone una prueba única de acceso universitario en todo el territorio.,https://www.votaabascal.es/assets/pdf/Programa-VOX-2023.pdf,vox-ebau,vox-2023 | congreso-jornada-2025 | vox-cannabis-2022 | vox-defensa-2025 | vox-regularizacion-2026 | senado-pelotas-2021 | vox-mordaza-2024 | canarias-cannabis-2024 | senado-cooperacion-2022 | vox-fortunas-2024,2026-10-07
ahi,Agrupación Herreña Independiente,ciencia-abierta,¿Deberían publicarse los resultados y datos científicos en repositorios de acceso abierto?,no_comparable_evidence,,No se ha encontrado una posición suficientemente clara en las fuentes consultadas.,,,ahi-vivienda-2025 | ahi-canarias-2023 | ahi-frontera-2023 | ahi-decreto-canarias-2025 | canarias-jornada-2025 | canarias-regularizacion-2026 | canarias-aborto-2025 | canarias-ganaderia-2026 | canarias-cannabis-2024,2026-10-07
asg,Agrupación Socialista Gomera,ciencia-abierta,¿Deberían publicarse los resultados y datos científicos en repositorios de acceso abierto?,no_comparable_evidence,,No se ha encontrado una posición suficientemente clara en las fuentes consultadas.,,,asg-pensiones-2018 | asg-vivienda-2026 | asg-transporte-2025 | canarias-jornada-2025 | canarias-regularizacion-2026 | canarias-aborto-2025 | senado-smi-2022 | canarias-infantil-2020 | canarias-ganaderia-2026 | canarias-cadena-julio-2022 | senado-permisos-2026 | canarias-cannabis-2024,2026-10-07
bng,Bloque Nacionalista Galego,ciencia-abierta,¿Deberían publicarse los resultados y datos científicos en repositorios de acceso abierto?,comparable,conditional,"Propone repositorios institucionales de acceso abierto para publicaciones, metodologías y datos científicos.",https://www.bng.gal/media/bnggaliza/files/2024/01/24/24_bng_galegas_programa_goberno.pdf,bng-ciencia-abierta-bng-galegas-2024-revision,bng-2023 | congreso-jornada-35 | bng-galegas-2024,2026-10-07
cc,Coalición Canaria,ciencia-abierta,¿Deberían publicarse los resultados y datos científicos en repositorios de acceso abierto?,no_comparable_evidence,,No se ha encontrado una posición suficientemente clara en las fuentes consultadas.,,,cc-menores-2024 | cc-pensiones | cc-fiscalidad | cc-canarias-2023 | cc-regularizacion-2026 | canarias-jornada-2025 | canarias-regularizacion-2026 | canarias-aborto-2025 | canarias-infantil-2020 | canarias-cannabis-2024,2026-10-07
compromis,Compromís,ciencia-abierta,¿Deberían publicarse los resultados y datos científicos en repositorios de acceso abierto?,no_comparable_evidence,,No se ha encontrado una posición suficientemente clara en las fuentes consultadas.,,,congreso-jornada-2025 | compromis-sumar-2023 | compromis-alquiler-2025 | compromis-corts-2023 | compromis-generales-2011-societat | compromis-aborto-2025 | compromis-mordaza-2019 | compromis-acuerdo-2016,2026-10-07
erc,Esquerra Republicana de Catalunya,ciencia-abierta,¿Deberían publicarse los resultados y datos científicos en repositorios de acceso abierto?,related,,Defiende ciencia abierta como principio común de la investigación europea.,https://static.esquerra.cat/uploads/20240527/Programa-electoral-eleccions-Parlament-Europeu-2024.pdf,erc-ciencia-abierta-erc-europeas-2024-revision,erc-2023 | congreso-jornada-2025 | erc-dental-2026 | erc-cannabis-2021 | erc-vivienda-2018 | erc-palestina-2026 | erc-industria-2026 | erc-cuestionario-pensiones | erc-europeas-2024 | erc-jornada-2024 | erc-catalunya-2024,2026-10-07
eh-bildu,Euskal Herria Bildu,ciencia-abierta,¿Deberían publicarse los resultados y datos científicos en repositorios de acceso abierto?,no_comparable_evidence,,No se ha encontrado una posición suficientemente clara en las fuentes consultadas.,,,bildu-2023 | bildu-gasteiz-programa | bildu-euskadi-2024 | navarra-nuclear-2025 | navarra-ebau-2023,2026-10-07
pnv,Euzko Alderdi Jeltzalea–Partido Nacionalista Vasco,ciencia-abierta,¿Deberían publicarse los resultados y datos científicos en repositorios de acceso abierto?,no_comparable_evidence,,No se ha encontrado una posición suficientemente clara en las fuentes consultadas.,,,pnv-2023 | congreso-jornada-2025 | pnv-euskadi-2024 | senado-smi-2022 | senado-pelotas-2021 | pnv-mordaza-2024 | pnv-irpf-2022 | pnv-palestina-2024 | pnv-fortunas-acuerdo-2023,2026-10-07
geroa-bai,Geroa Bai,ciencia-abierta,¿Deberían publicarse los resultados y datos científicos en repositorios de acceso abierto?,no_comparable_evidence,,No se ha encontrado una posición suficientemente clara en las fuentes consultadas.,,,geroa-bai-fiscalidad-2025 | geroa-bai-forales-2023 | geroa-bai-generales-2019 | navarra-nuclear-2025 | geroa-pensiones-enmienda-2014 | geroa-pelotas-2021 | navarra-ebau-2023 | geroa-irpf-2025 | geroa-bai-forales-2015,2026-10-07
iu,Izquierda Unida,ciencia-abierta,¿Deberían publicarse los resultados y datos científicos en repositorios de acceso abierto?,comparable,support,Propone ciencia y datos abiertos en repositorios públicos frente al mercado de editoriales privadas.,https://izquierdaunida.org/wp-content/uploads/2023/07/Programa-IU-Elecciones-Generales-Jl2023.pdf,iu-ciencia-abierta-ampliacion-2026,iu-2023 | iu-jornada-2024 | iu-palestina-2024 | iu-europeas-2019 | iu-nuclear-2026 | iu-mordaza-2025,2026-10-07
junts,Junts per Catalunya,ciencia-abierta,¿Deberían publicarse los resultados y datos científicos en repositorios de acceso abierto?,related,,"Propone sumar datos de la investigación a un proyecto de datos abiertos, repositorios comunes y reutilización responsable.",https://carlespuigdemont.cat/wp-content/uploads/2024/04/PROGRAMA-DE-GOVERN.pdf,junts-ciencia-abierta-junts-catalunya-2024-revision,congreso-jornada-2025 | junts-catalunya-2024 | senado-smi-2022 | senado-pelotas-2021 | senado-cooperacion-2022,2026-10-07
mas-madrid,Más Madrid,ciencia-abierta,¿Deberían publicarse los resultados y datos científicos en repositorios de acceso abierto?,no_comparable_evidence,,No se ha encontrado una posición suficientemente clara en las fuentes consultadas.,,,mas-madrid-aborto-2025 | mas-madrid-cm-2023 | mas-madrid-jornada-2024 | mas-madrid-alquiler-2026 | mas-madrid-mordaza | senado-cooperacion-2022 | mas-madrid-fortunas-carta-2023,2026-10-07
pp,Partido Popular,ciencia-abierta,¿Deberían publicarse los resultados y datos científicos en repositorios de acceso abierto?,no_comparable_evidence,,No se ha encontrado una posición suficientemente clara en las fuentes consultadas.,,,pp-2023 | congreso-jornada-2025 | pp-pension-ipc-2026 | pp-banca-jornada | pp-jornada-2025 | canarias-regularizacion-2026 | senado-smi-2022 | canarias-cadena-julio-2022 | senado-pelotas-2021 | pp-mordaza-pnl-2021 | canarias-cannabis-2024 | pp-alquiler-2025 | pp-palestina-2024 | pp-murcia-2025,2026-10-07
psoe,Partido Socialista Obrero Español,ciencia-abierta,¿Deberían publicarse los resultados y datos científicos en repositorios de acceso abierto?,comparable,support,Propone reforzar repositorios abiertos de resultados y datos de investigación.,https://xn--espaaavanza-4db.es/wp-content/uploads/2023/07/PROGRAMA_ELECTORAL-GENERALES-2023.pdf,psoe-ciencia-abierta,psoe-2023 | psoe-mayo-2024 | psoe-palestina-discurso | psoe-alquiler-2025 | psoe-defensa-plan-2025 | psoe-aborto-pnl-indexada-2025 | senado-pelotas-2021 | psoe-mordaza-2024 | psoe-mordaza-ppl-2024 | psoe-fortunas-2025 | psoe-desahucios-2026 | canarias-cannabis-2024 | psoe-regularizacion-2026,2026-10-07
podemos,Podemos,ciencia-abierta,¿Deberían publicarse los resultados y datos científicos en repositorios de acceso abierto?,no_comparable_evidence,,No se ha encontrado una posición suficientemente clara en las fuentes consultadas.,,,congreso-jornada-2025 | podemos-jornada-2019 | podemos-infantil-programa | podemos-alquiler-programa | podemos-pensiones-programa | podemos-smi-programa | podemos-cie-programa | podemos-cannabis-programa | podemos-vivienda-publica-programa | podemos-desahucios-programa | podemos-hidroelectricas-programa | podemos-nuclear-programa | podemos-permiso-nacimiento-programa | podemos-transporte-joven-europa | podemos-murcia-dental-2023 | podemos-murcia-regularizacion-2026 | podemos-andalucia-aborto-2023 | podemos-software-2015 | podemos-palestina-2016 | podemos-mordaza-declaracion | podemos-ganaderia-europa | podemos-tpan-europa | podemos-justicia-fiscal | podemos-murcia-igualdad-2017 | podemos-jubilacion-declaracion | podemos-cgpj-programa | podemos-cooperacion-programa,2026-10-07
sumar-2023,Sumar · coalición electoral de 2023,ciencia-abierta,¿Deberían publicarse los resultados y datos científicos en repositorios de acceso abierto?,comparable,support,Propone potenciar ciencia y datos abiertos en repositorios públicos.,https://movimientosumar.es/wp-content/uploads/2023/07/Un-Programa-para-ti.pdf,sumar-2023-ciencia-abierta,sumar-2023,2026-10-07
upn,Unión del Pueblo Navarro,ciencia-abierta,¿Deberían publicarse los resultados y datos científicos en repositorios de acceso abierto?,no_comparable_evidence,,No se ha encontrado una posición suficientemente clara en las fuentes consultadas.,,,upn-2023 | congreso-jornada-2025 | upn-forales-2023 | navarra-nuclear-votacion-2025 | navarra-ebau-2023 | upn-alquiler-2026,2026-10-07
vox,VOX,ciencia-abierta,¿Deberían publicarse los resultados y datos científicos en repositorios de acceso abierto?,no_comparable_evidence,,No se ha encontrado una posición suficientemente clara en las fuentes consultadas.,,,vox-2023 | congreso-jornada-2025 | vox-cannabis-2022 | vox-defensa-2025 | vox-regularizacion-2026 | senado-pelotas-2021 | vox-mordaza-2024 | canarias-cannabis-2024 | senado-cooperacion-2022 | vox-fortunas-2024,2026-10-07
ahi,Agrupación Herreña Independiente,pension-ipc,¿Deberían actualizarse las pensiones según el IPC?,no_comparable_evidence,,No se ha encontrado una posición suficientemente clara en las fuentes consultadas.,,,ahi-vivienda-2025 | ahi-canarias-2023 | ahi-frontera-2023 | ahi-decreto-canarias-2025 | canarias-jornada-2025 | canarias-regularizacion-2026 | canarias-aborto-2025 | canarias-ganaderia-2026 | canarias-cannabis-2024,2026-10-07
asg,Agrupación Socialista Gomera,pension-ipc,¿Deberían actualizarse las pensiones según el IPC?,comparable,support,"En sus enmiendas presupuestarias de 2018, ASG defiende aumentar las pensiones con el IPC interanual.",https://www.agrupacionsocialistagomera.es/asg-presenta-72-enmiendas-los-pge-mejorar-la-calidad-vida-las-personas/,asg-pension-ipc-asg-pensiones-2018,asg-pensiones-2018 | asg-vivienda-2026 | asg-transporte-2025 | canarias-jornada-2025 | canarias-regularizacion-2026 | canarias-aborto-2025 | senado-smi-2022 | canarias-infantil-2020 | canarias-ganaderia-2026 | canarias-cadena-julio-2022 | senado-permisos-2026 | canarias-cannabis-2024,2026-10-07
bng,Bloque Nacionalista Galego,pension-ipc,¿Deberían actualizarse las pensiones según el IPC?,comparable,support,Propone revalorizar pensiones anualmente con el IPC real.,https://www.bng.gal/media/bnggaliza/files/2023/07/05/23_bng_xerais_programa.pdf,bng-pension-ipc,bng-2023 | congreso-jornada-35 | bng-galegas-2024,2026-10-07
cc,Coalición Canaria,pension-ipc,¿Deberían actualizarse las pensiones según el IPC?,comparable,support,Ana Oramas solicita al Gobierno actualizar las pensiones con el IPC.,https://coalicioncanaria.org/oramas-solicita-al-gobierno-una-actualizacion-de-las-pensiones-con-el-ipc-en-especial-aquellas-que-tienen-una-cuantia-insuficiente-para-vivir-dignamente-2/,cc-pension-ipc-cc-pensiones,cc-menores-2024 | cc-pensiones | cc-fiscalidad | cc-canarias-2023 | cc-regularizacion-2026 | canarias-jornada-2025 | canarias-regularizacion-2026 | canarias-aborto-2025 | canarias-infantil-2020 | canarias-cannabis-2024,2026-10-07
compromis,Compromís,pension-ipc,¿Deberían actualizarse las pensiones según el IPC?,no_comparable_evidence,,No se ha encontrado una posición suficientemente clara en las fuentes consultadas.,,,congreso-jornada-2025 | compromis-sumar-2023 | compromis-alquiler-2025 | compromis-corts-2023 | compromis-generales-2011-societat | compromis-aborto-2025 | compromis-mordaza-2019 | compromis-acuerdo-2016,2026-10-07
erc,Esquerra Republicana de Catalunya,pension-ipc,¿Deberían actualizarse las pensiones según el IPC?,comparable,support,"Defiende revalorizar automáticamente las pensiones con el IPC real, sin factores que reduzcan la actualización.",https://static.esquerra.cat/uploads/20230414/questionari_2019-3-6_Pensions.pdf,erc-pension-ipc-erc-cuestionario-pensiones-revision,erc-2023 | congreso-jornada-2025 | erc-dental-2026 | erc-cannabis-2021 | erc-vivienda-2018 | erc-palestina-2026 | erc-industria-2026 | erc-cuestionario-pensiones | erc-europeas-2024 | erc-jornada-2024 | erc-catalunya-2024,2026-10-07
eh-bildu,Euskal Herria Bildu,pension-ipc,¿Deberían actualizarse las pensiones según el IPC?,no_comparable_evidence,,No se ha encontrado una posición suficientemente clara en las fuentes consultadas.,,,bildu-2023 | bildu-gasteiz-programa | bildu-euskadi-2024 | navarra-nuclear-2025 | navarra-ebau-2023,2026-10-07
pnv,Euzko Alderdi Jeltzalea–Partido Nacionalista Vasco,pension-ipc,¿Deberían actualizarse las pensiones según el IPC?,comparable,support,Propone defender vinculación de pensiones al IPC para preservar poder adquisitivo.,https://www.eaj-pnv.eus/es/adjuntos-documentos/20945/pdf/con-voz-propia-programa-electoral-23-j,pnv-pension-ipc,pnv-2023 | congreso-jornada-2025 | pnv-euskadi-2024 | senado-smi-2022 | senado-pelotas-2021 | pnv-mordaza-2024 | pnv-irpf-2022 | pnv-palestina-2024 | pnv-fortunas-acuerdo-2023,2026-10-07
geroa-bai,Geroa Bai,pension-ipc,¿Deberían actualizarse las pensiones según el IPC?,comparable,conditional,Propone actualizar las pensiones de Seguridad Social y Clases Pasivas según el IPC anual en los presupuestos para 2015.,https://www.congreso.es/public_oficiales/L10/CONG/BOCG/A/BOCG-10-A-118-6.PDF,geroa-bai-pension-ipc-geroa-bai-fiscalidad-2025 | geroa-bai-pension-ipc-geroa-pensiones-enmienda-2014-revision,geroa-bai-fiscalidad-2025 | geroa-bai-forales-2023 | geroa-bai-generales-2019 | navarra-nuclear-2025 | geroa-pensiones-enmienda-2014 | geroa-pelotas-2021 | navarra-ebau-2023 | geroa-irpf-2025 | geroa-bai-forales-2015,2026-10-07
iu,Izquierda Unida,pension-ipc,¿Deberían actualizarse las pensiones según el IPC?,comparable,support,Propone garantizar la revalorización de las pensiones con el IPC y mejorar las mínimas y las no contributivas.,https://izquierdaunida.org/wp-content/uploads/2023/07/Programa-IU-Elecciones-Generales-Jl2023.pdf,iu-pension-ipc-ampliacion-2026,iu-2023 | iu-jornada-2024 | iu-palestina-2024 | iu-europeas-2019 | iu-nuclear-2026 | iu-mordaza-2025,2026-10-07
junts,Junts per Catalunya,pension-ipc,¿Deberían actualizarse las pensiones según el IPC?,comparable,support,Propone un sistema público de pensiones con revalorización anual según el IPC y mejoras adicionales en pensiones mínimas.,https://carlespuigdemont.cat/wp-content/uploads/2024/04/PROGRAMA-DE-GOVERN.pdf,junts-pension-ipc-junts-catalunya-2024-revision,congreso-jornada-2025 | junts-catalunya-2024 | senado-smi-2022 | senado-pelotas-2021 | senado-cooperacion-2022,2026-10-07
mas-madrid,Más Madrid,pension-ipc,¿Deberían actualizarse las pensiones según el IPC?,no_comparable_evidence,,No se ha encontrado una posición suficientemente clara en las fuentes consultadas.,,,mas-madrid-aborto-2025 | mas-madrid-cm-2023 | mas-madrid-jornada-2024 | mas-madrid-alquiler-2026 | mas-madrid-mordaza | senado-cooperacion-2022 | mas-madrid-fortunas-carta-2023,2026-10-07
pp,Partido Popular,pension-ipc,¿Deberían actualizarse las pensiones según el IPC?,comparable,support,Defiende actualizar automáticamente las pensiones de acuerdo con el IPC.,https://www.pp.es/actualidad/articulos/tellado-el-pp-esta-a-favor-de-revalorizar-las-pensiones-que-sanchez-no-engane-a-los-espanoles/,pp-pension-ipc | pp-pension-ipc-pp-pension-ipc-2026-revision,pp-2023 | congreso-jornada-2025 | pp-pension-ipc-2026 | pp-banca-jornada | pp-jornada-2025 | canarias-regularizacion-2026 | senado-smi-2022 | canarias-cadena-julio-2022 | senado-pelotas-2021 | pp-mordaza-pnl-2021 | canarias-cannabis-2024 | pp-alquiler-2025 | pp-palestina-2024 | pp-murcia-2025,2026-10-07
psoe,Partido Socialista Obrero Español,pension-ipc,¿Deberían actualizarse las pensiones según el IPC?,comparable,support,Propone preservar el poder adquisitivo de todas las pensiones según el IPC.,https://xn--espaaavanza-4db.es/wp-content/uploads/2023/07/PROGRAMA_ELECTORAL-GENERALES-2023.pdf,psoe-pension-ipc,psoe-2023 | psoe-mayo-2024 | psoe-palestina-discurso | psoe-alquiler-2025 | psoe-defensa-plan-2025 | psoe-aborto-pnl-indexada-2025 | senado-pelotas-2021 | psoe-mordaza-2024 | psoe-mordaza-ppl-2024 | psoe-fortunas-2025 | psoe-desahucios-2026 | canarias-cannabis-2024 | psoe-regularizacion-2026,2026-10-07
podemos,Podemos,pension-ipc,¿Deberían actualizarse las pensiones según el IPC?,comparable,support,Propone actualizar por ley las pensiones con el IPC y proteger constitucionalmente esta garantía.,https://podemos.info/materia/pensiones/,podemos-pension-ipc-podemos-pensiones-programa,congreso-jornada-2025 | podemos-jornada-2019 | podemos-infantil-programa | podemos-alquiler-programa | podemos-pensiones-programa | podemos-smi-programa | podemos-cie-programa | podemos-cannabis-programa | podemos-vivienda-publica-programa | podemos-desahucios-programa | podemos-hidroelectricas-programa | podemos-nuclear-programa | podemos-permiso-nacimiento-programa | podemos-transporte-joven-europa | podemos-murcia-dental-2023 | podemos-murcia-regularizacion-2026 | podemos-andalucia-aborto-2023 | podemos-software-2015 | podemos-palestina-2016 | podemos-mordaza-declaracion | podemos-ganaderia-europa | podemos-tpan-europa | podemos-justicia-fiscal | podemos-murcia-igualdad-2017 | podemos-jubilacion-declaracion | podemos-cgpj-programa | podemos-cooperacion-programa,2026-10-07
sumar-2023,Sumar · coalición electoral de 2023,pension-ipc,¿Deberían actualizarse las pensiones según el IPC?,comparable,support,Propone conservar la revalorización según IPC y aumentos adicionales para pensiones mínimas y no contributivas.,https://movimientosumar.es/wp-content/uploads/2023/07/Un-Programa-para-ti.pdf,sumar-2023-pension-ipc,sumar-2023,2026-10-07
upn,Unión del Pueblo Navarro,pension-ipc,¿Deberían actualizarse las pensiones según el IPC?,related,,Propone un sistema de pensiones sin recortes; no explicita en este fragmento vincular su actualización al IPC.,https://www.upn.org/wp-content/uploads/2023/07/Programa-Generales-23J_V2-1.pdf,upn-pension-ipc,upn-2023 | congreso-jornada-2025 | upn-forales-2023 | navarra-nuclear-votacion-2025 | navarra-ebau-2023 | upn-alquiler-2026,2026-10-07
vox,VOX,pension-ipc,¿Deberían actualizarse las pensiones según el IPC?,no_comparable_evidence,,No se ha encontrado una posición suficientemente clara en las fuentes consultadas.,,,vox-2023 | congreso-jornada-2025 | vox-cannabis-2022 | vox-defensa-2025 | vox-regularizacion-2026 | senado-pelotas-2021 | vox-mordaza-2024 | canarias-cannabis-2024 | senado-cooperacion-2022 | vox-fortunas-2024,2026-10-07
ahi,Agrupación Herreña Independiente,jubilacion,¿Debería situarse la edad ordinaria de jubilación en 65 años?,no_comparable_evidence,,No se ha encontrado una posición suficientemente clara en las fuentes consultadas.,,,ahi-vivienda-2025 | ahi-canarias-2023 | ahi-frontera-2023 | ahi-decreto-canarias-2025 | canarias-jornada-2025 | canarias-regularizacion-2026 | canarias-aborto-2025 | canarias-ganaderia-2026 | canarias-cannabis-2024,2026-10-07
asg,Agrupación Socialista Gomera,jubilacion,¿Debería situarse la edad ordinaria de jubilación en 65 años?,no_comparable_evidence,,No se ha encontrado una posición suficientemente clara en las fuentes consultadas.,,,asg-pensiones-2018 | asg-vivienda-2026 | asg-transporte-2025 | canarias-jornada-2025 | canarias-regularizacion-2026 | canarias-aborto-2025 | senado-smi-2022 | canarias-infantil-2020 | canarias-ganaderia-2026 | canarias-cadena-julio-2022 | senado-permisos-2026 | canarias-cannabis-2024,2026-10-07
bng,Bloque Nacionalista Galego,jubilacion,¿Debería situarse la edad ordinaria de jubilación en 65 años?,comparable,support,Propone recuperar jubilación ordinaria a los 65 años y parcial a los 61.,https://www.bng.gal/media/bnggaliza/files/2023/07/05/23_bng_xerais_programa.pdf,bng-jubilacion,bng-2023 | congreso-jornada-35 | bng-galegas-2024,2026-10-07
cc,Coalición Canaria,jubilacion,¿Debería situarse la edad ordinaria de jubilación en 65 años?,no_comparable_evidence,,No se ha encontrado una posición suficientemente clara en las fuentes consultadas.,,,cc-menores-2024 | cc-pensiones | cc-fiscalidad | cc-canarias-2023 | cc-regularizacion-2026 | canarias-jornada-2025 | canarias-regularizacion-2026 | canarias-aborto-2025 | canarias-infantil-2020 | canarias-cannabis-2024,2026-10-07
compromis,Compromís,jubilacion,¿Debería situarse la edad ordinaria de jubilación en 65 años?,no_comparable_evidence,,No se ha encontrado una posición suficientemente clara en las fuentes consultadas.,,,congreso-jornada-2025 | compromis-sumar-2023 | compromis-alquiler-2025 | compromis-corts-2023 | compromis-generales-2011-societat | compromis-aborto-2025 | compromis-mordaza-2019 | compromis-acuerdo-2016,2026-10-07
erc,Esquerra Republicana de Catalunya,jubilacion,¿Debería situarse la edad ordinaria de jubilación en 65 años?,comparable,support,Propone reducir la edad ordinaria de jubilación a 65 años sin condicionar esa edad a una cotización mínima.,https://static.esquerra.cat/uploads/20230905/e2023-programa.pdf,erc-jubilacion-ampliacion-2026 | erc-jubilacion-erc-cuestionario-pensiones-revision,erc-2023 | congreso-jornada-2025 | erc-dental-2026 | erc-cannabis-2021 | erc-vivienda-2018 | erc-palestina-2026 | erc-industria-2026 | erc-cuestionario-pensiones | erc-europeas-2024 | erc-jornada-2024 | erc-catalunya-2024,2026-10-07
eh-bildu,Euskal Herria Bildu,jubilacion,¿Debería situarse la edad ordinaria de jubilación en 65 años?,comparable,conditional,Defiende impulsar con otras instituciones el restablecimiento de la edad de jubilación en sesenta y cinco años.,https://ehbildu.eus/herriak/gasteiz/dokumentuak/EU_1578673322.pdf,eh-bildu-jubilacion-bildu-gasteiz-programa-revision,bildu-2023 | bildu-gasteiz-programa | bildu-euskadi-2024 | navarra-nuclear-2025 | navarra-ebau-2023,2026-10-07
pnv,Euzko Alderdi Jeltzalea–Partido Nacionalista Vasco,jubilacion,¿Debería situarse la edad ordinaria de jubilación en 65 años?,no_comparable_evidence,,No se ha encontrado una posición suficientemente clara en las fuentes consultadas.,,,pnv-2023 | congreso-jornada-2025 | pnv-euskadi-2024 | senado-smi-2022 | senado-pelotas-2021 | pnv-mordaza-2024 | pnv-irpf-2022 | pnv-palestina-2024 | pnv-fortunas-acuerdo-2023,2026-10-07
geroa-bai,Geroa Bai,jubilacion,¿Debería situarse la edad ordinaria de jubilación en 65 años?,no_comparable_evidence,,No se ha encontrado una posición suficientemente clara en las fuentes consultadas.,,,geroa-bai-fiscalidad-2025 | geroa-bai-forales-2023 | geroa-bai-generales-2019 | navarra-nuclear-2025 | geroa-pensiones-enmienda-2014 | geroa-pelotas-2021 | navarra-ebau-2023 | geroa-irpf-2025 | geroa-bai-forales-2015,2026-10-07
iu,Izquierda Unida,jubilacion,¿Debería situarse la edad ordinaria de jubilación en 65 años?,comparable,support,Propone devolver la edad de jubilación ordinaria a 65 años.,https://izquierdaunida.org/wp-content/uploads/2023/07/Programa-IU-Elecciones-Generales-Jl2023.pdf,iu-jubilacion,iu-2023 | iu-jornada-2024 | iu-palestina-2024 | iu-europeas-2019 | iu-nuclear-2026 | iu-mordaza-2025,2026-10-07
junts,Junts per Catalunya,jubilacion,¿Debería situarse la edad ordinaria de jubilación en 65 años?,no_comparable_evidence,,No se ha encontrado una posición suficientemente clara en las fuentes consultadas.,,,congreso-jornada-2025 | junts-catalunya-2024 | senado-smi-2022 | senado-pelotas-2021 | senado-cooperacion-2022,2026-10-07
mas-madrid,Más Madrid,jubilacion,¿Debería situarse la edad ordinaria de jubilación en 65 años?,no_comparable_evidence,,No se ha encontrado una posición suficientemente clara en las fuentes consultadas.,,,mas-madrid-aborto-2025 | mas-madrid-cm-2023 | mas-madrid-jornada-2024 | mas-madrid-alquiler-2026 | mas-madrid-mordaza | senado-cooperacion-2022 | mas-madrid-fortunas-carta-2023,2026-10-07
pp,Partido Popular,jubilacion,¿Debería situarse la edad ordinaria de jubilación en 65 años?,no_comparable_evidence,,No se ha encontrado una posición suficientemente clara en las fuentes consultadas.,,,pp-2023 | congreso-jornada-2025 | pp-pension-ipc-2026 | pp-banca-jornada | pp-jornada-2025 | canarias-regularizacion-2026 | senado-smi-2022 | canarias-cadena-julio-2022 | senado-pelotas-2021 | pp-mordaza-pnl-2021 | canarias-cannabis-2024 | pp-alquiler-2025 | pp-palestina-2024 | pp-murcia-2025,2026-10-07
psoe,Partido Socialista Obrero Español,jubilacion,¿Debería situarse la edad ordinaria de jubilación en 65 años?,no_comparable_evidence,,No se ha encontrado una posición suficientemente clara en las fuentes consultadas.,,,psoe-2023 | psoe-mayo-2024 | psoe-palestina-discurso | psoe-alquiler-2025 | psoe-defensa-plan-2025 | psoe-aborto-pnl-indexada-2025 | senado-pelotas-2021 | psoe-mordaza-2024 | psoe-mordaza-ppl-2024 | psoe-fortunas-2025 | psoe-desahucios-2026 | canarias-cannabis-2024 | psoe-regularizacion-2026,2026-10-07
podemos,Podemos,jubilacion,¿Debería situarse la edad ordinaria de jubilación en 65 años?,comparable,support,Defiende restablecer la edad ordinaria de jubilación en sesenta y cinco años.,https://podemos.info/garantizar-un-sistema-de-pensiones-de-calidad-para-asegurar-a-las-y-los-pensionistas-una-renta-digna-y-suficiente-es-una-prioridad-de-nuestra-politica-economica/,podemos-jubilacion-podemos-jubilacion-declaracion-revision,congreso-jornada-2025 | podemos-jornada-2019 | podemos-infantil-programa | podemos-alquiler-programa | podemos-pensiones-programa | podemos-smi-programa | podemos-cie-programa | podemos-cannabis-programa | podemos-vivienda-publica-programa | podemos-desahucios-programa | podemos-hidroelectricas-programa | podemos-nuclear-programa | podemos-permiso-nacimiento-programa | podemos-transporte-joven-europa | podemos-murcia-dental-2023 | podemos-murcia-regularizacion-2026 | podemos-andalucia-aborto-2023 | podemos-software-2015 | podemos-palestina-2016 | podemos-mordaza-declaracion | podemos-ganaderia-europa | podemos-tpan-europa | podemos-justicia-fiscal | podemos-murcia-igualdad-2017 | podemos-jubilacion-declaracion | podemos-cgpj-programa | podemos-cooperacion-programa,2026-10-07
sumar-2023,Sumar · coalición electoral de 2023,jubilacion,¿Debería situarse la edad ordinaria de jubilación en 65 años?,no_comparable_evidence,,No se ha encontrado una posición suficientemente clara en las fuentes consultadas.,,,sumar-2023,2026-10-07
upn,Unión del Pueblo Navarro,jubilacion,¿Debería situarse la edad ordinaria de jubilación en 65 años?,no_comparable_evidence,,No se ha encontrado una posición suficientemente clara en las fuentes consultadas.,,,upn-2023 | congreso-jornada-2025 | upn-forales-2023 | navarra-nuclear-votacion-2025 | navarra-ebau-2023 | upn-alquiler-2026,2026-10-07
vox,VOX,jubilacion,¿Debería situarse la edad ordinaria de jubilación en 65 años?,no_comparable_evidence,,No se ha encontrado una posición suficientemente clara en las fuentes consultadas.,,,vox-2023 | congreso-jornada-2025 | vox-cannabis-2022 | vox-defensa-2025 | vox-regularizacion-2026 | senado-pelotas-2021 | vox-mordaza-2024 | canarias-cannabis-2024 | senado-cooperacion-2022 | vox-fortunas-2024,2026-10-07
ahi,Agrupación Herreña Independiente,regularizacion,¿Deberían ampliarse las vías de regularización de personas migrantes sin autorización de residencia?,related,,"Rechaza una propuesta que combina repatriaciones masivas, eliminación del arraigo y restricciones a derechos básicos.",https://www.parcan.es/pub/ds.py/2026/109/8/,ahi-regularizacion-canarias-regularizacion-2026-revision,ahi-vivienda-2025 | ahi-canarias-2023 | ahi-frontera-2023 | ahi-decreto-canarias-2025 | canarias-jornada-2025 | canarias-regularizacion-2026 | canarias-aborto-2025 | canarias-ganaderia-2026 | canarias-cannabis-2024,2026-10-07
asg,Agrupación Socialista Gomera,regularizacion,¿Deberían ampliarse las vías de regularización de personas migrantes sin autorización de residencia?,comparable,support,"Apoya regularizar a personas que trabajan en la economía sumergida para que puedan cotizar y contribuir, y rechaza la propuesta de VOX de eliminar estas vías.",https://www.parcan.es/pub/ds.py/2026/109/8/,asg-regularizacion-canarias-regularizacion-2026-revision,asg-pensiones-2018 | asg-vivienda-2026 | asg-transporte-2025 | canarias-jornada-2025 | canarias-regularizacion-2026 | canarias-aborto-2025 | senado-smi-2022 | canarias-infantil-2020 | canarias-ganaderia-2026 | canarias-cadena-julio-2022 | senado-permisos-2026 | canarias-cannabis-2024,2026-10-07
bng,Bloque Nacionalista Galego,regularizacion,¿Deberían ampliarse las vías de regularización de personas migrantes sin autorización de residencia?,comparable,support,Propone reformas para favorecer y facilitar los procesos de regularización administrativa de personas migrantes.,https://www.bng.gal/media/bnggaliza/files/2023/07/05/23_bng_xerais_programa.pdf,bng-regularizacion-bng-2023-revision,bng-2023 | congreso-jornada-35 | bng-galegas-2024,2026-10-07
cc,Coalición Canaria,regularizacion,¿Deberían ampliarse las vías de regularización de personas migrantes sin autorización de residencia?,comparable,conditional,"Propone ampliar la regularización extraordinaria a quienes solicitan el estatuto de apátrida, especialmente personas saharauis.",https://coalicioncanaria.org/san-gines-denuncia-la-exclusion-de-las-personas-saharauis-en-la-regularizacion-extraordinaria/,cc-regularizacion-cc-menores-2024 | cc-regularizacion-cc-regularizacion-2026-revision | cc-regularizacion-canarias-regularizacion-2026-revision,cc-menores-2024 | cc-pensiones | cc-fiscalidad | cc-canarias-2023 | cc-regularizacion-2026 | canarias-jornada-2025 | canarias-regularizacion-2026 | canarias-aborto-2025 | canarias-infantil-2020 | canarias-cannabis-2024,2026-10-07
compromis,Compromís,regularizacion,¿Deberían ampliarse las vías de regularización de personas migrantes sin autorización de residencia?,no_comparable_evidence,,No se ha encontrado una posición suficientemente clara en las fuentes consultadas.,,,congreso-jornada-2025 | compromis-sumar-2023 | compromis-alquiler-2025 | compromis-corts-2023 | compromis-generales-2011-societat | compromis-aborto-2025 | compromis-mordaza-2019 | compromis-acuerdo-2016,2026-10-07
erc,Esquerra Republicana de Catalunya,regularizacion,¿Deberían ampliarse las vías de regularización de personas migrantes sin autorización de residencia?,comparable,support,Propone nuevas vías de regularización adaptadas a distintas situaciones de personas migrantes.,https://static.esquerra.cat/uploads/20230905/e2023-programa.pdf,erc-regularizacion,erc-2023 | congreso-jornada-2025 | erc-dental-2026 | erc-cannabis-2021 | erc-vivienda-2018 | erc-palestina-2026 | erc-industria-2026 | erc-cuestionario-pensiones | erc-europeas-2024 | erc-jornada-2024 | erc-catalunya-2024,2026-10-07
eh-bildu,Euskal Herria Bildu,regularizacion,¿Deberían ampliarse las vías de regularización de personas migrantes sin autorización de residencia?,related,,Propone cambiar la ley de extranjería y garantías migratorias; no se atribuye aquí una regularización concreta.,https://ehbildu.eus/dokumentuak/23J-COMPROMISO-DE-EUSKAL-HERRIA-BILDU.pdf,eh-bildu-regularizacion,bildu-2023 | bildu-gasteiz-programa | bildu-euskadi-2024 | navarra-nuclear-2025 | navarra-ebau-2023,2026-10-07
pnv,Euzko Alderdi Jeltzalea–Partido Nacionalista Vasco,regularizacion,¿Deberían ampliarse las vías de regularización de personas migrantes sin autorización de residencia?,no_comparable_evidence,,No se ha encontrado una posición suficientemente clara en las fuentes consultadas.,,,pnv-2023 | congreso-jornada-2025 | pnv-euskadi-2024 | senado-smi-2022 | senado-pelotas-2021 | pnv-mordaza-2024 | pnv-irpf-2022 | pnv-palestina-2024 | pnv-fortunas-acuerdo-2023,2026-10-07
geroa-bai,Geroa Bai,regularizacion,¿Deberían ampliarse las vías de regularización de personas migrantes sin autorización de residencia?,no_comparable_evidence,,No se ha encontrado una posición suficientemente clara en las fuentes consultadas.,,,geroa-bai-fiscalidad-2025 | geroa-bai-forales-2023 | geroa-bai-generales-2019 | navarra-nuclear-2025 | geroa-pensiones-enmienda-2014 | geroa-pelotas-2021 | navarra-ebau-2023 | geroa-irpf-2025 | geroa-bai-forales-2015,2026-10-07
iu,Izquierda Unida,regularizacion,¿Deberían ampliarse las vías de regularización de personas migrantes sin autorización de residencia?,comparable,support,Propone introducir un procedimiento de regularización permanente.,https://izquierdaunida.org/wp-content/uploads/2023/07/Programa-IU-Elecciones-Generales-Jl2023.pdf,iu-regularizacion,iu-2023 | iu-jornada-2024 | iu-palestina-2024 | iu-europeas-2019 | iu-nuclear-2026 | iu-mordaza-2025,2026-10-07
junts,Junts per Catalunya,regularizacion,¿Deberían ampliarse las vías de regularización de personas migrantes sin autorización de residencia?,no_comparable_evidence,,No se ha encontrado una posición suficientemente clara en las fuentes consultadas.,,,congreso-jornada-2025 | junts-catalunya-2024 | senado-smi-2022 | senado-pelotas-2021 | senado-cooperacion-2022,2026-10-07
mas-madrid,Más Madrid,regularizacion,¿Deberían ampliarse las vías de regularización de personas migrantes sin autorización de residencia?,comparable,support,Reclama retirar la oposición a la regularización de personas migrantes que ya viven en España.,https://masmadrid.org/bergerot-acusa-a-ayuso-de-irse-de-vacaciones-a-mexico-y-pide-que-pague-con-su-dinero-el-viaje/,mas-madrid-regularizacion-mas-madrid-alquiler-2026-revision,mas-madrid-aborto-2025 | mas-madrid-cm-2023 | mas-madrid-jornada-2024 | mas-madrid-alquiler-2026 | mas-madrid-mordaza | senado-cooperacion-2022 | mas-madrid-fortunas-carta-2023,2026-10-07
pp,Partido Popular,regularizacion,¿Deberían ampliarse las vías de regularización de personas migrantes sin autorización de residencia?,comparable,conditional,Rechaza la regularización extraordinaria de 2026 y pide retirar el borrador y reformar las vías legales con controles individuales.,https://www.parcan.es/pub/ds.py/2026/109/8/,pp-regularizacion-canarias-regularizacion-2026-revision,pp-2023 | congreso-jornada-2025 | pp-pension-ipc-2026 | pp-banca-jornada | pp-jornada-2025 | canarias-regularizacion-2026 | senado-smi-2022 | canarias-cadena-julio-2022 | senado-pelotas-2021 | pp-mordaza-pnl-2021 | canarias-cannabis-2024 | pp-alquiler-2025 | pp-palestina-2024 | pp-murcia-2025,2026-10-07
psoe,Partido Socialista Obrero Español,regularizacion,¿Deberían ampliarse las vías de regularización de personas migrantes sin autorización de residencia?,comparable,support,Apoya el proceso extraordinario de regularización de personas migrantes que han acreditado arraigo y contribución a España.,https://www.psoe.es/senado/notas-de-prensa/el-psoe-obligara-al-pp-a-elegir-entre-la-regularizacion-legal-de-personas-migrantes-o-seguir-alimentando-bulos-de-la-extrema-derecha/,psoe-regularizacion-psoe-regularizacion-2026-revision,psoe-2023 | psoe-mayo-2024 | psoe-palestina-discurso | psoe-alquiler-2025 | psoe-defensa-plan-2025 | psoe-aborto-pnl-indexada-2025 | senado-pelotas-2021 | psoe-mordaza-2024 | psoe-mordaza-ppl-2024 | psoe-fortunas-2025 | psoe-desahucios-2026 | canarias-cannabis-2024 | psoe-regularizacion-2026,2026-10-07
podemos,Podemos,regularizacion,¿Deberían ampliarse las vías de regularización de personas migrantes sin autorización de residencia?,comparable,support,Apoya un acuerdo de regularización de inmigrantes que ya viven y trabajan en España.,https://regiondemurcia.podemos.info/podemos-celebra-la-regularizacion-que-podria-beneficiar-a-45-000-inmigrantes-en-la-region-de-murcia/,podemos-regularizacion-podemos-murcia-regularizacion-2026-revision,congreso-jornada-2025 | podemos-jornada-2019 | podemos-infantil-programa | podemos-alquiler-programa | podemos-pensiones-programa | podemos-smi-programa | podemos-cie-programa | podemos-cannabis-programa | podemos-vivienda-publica-programa | podemos-desahucios-programa | podemos-hidroelectricas-programa | podemos-nuclear-programa | podemos-permiso-nacimiento-programa | podemos-transporte-joven-europa | podemos-murcia-dental-2023 | podemos-murcia-regularizacion-2026 | podemos-andalucia-aborto-2023 | podemos-software-2015 | podemos-palestina-2016 | podemos-mordaza-declaracion | podemos-ganaderia-europa | podemos-tpan-europa | podemos-justicia-fiscal | podemos-murcia-igualdad-2017 | podemos-jubilacion-declaracion | podemos-cgpj-programa | podemos-cooperacion-programa,2026-10-07
sumar-2023,Sumar · coalición electoral de 2023,regularizacion,¿Deberían ampliarse las vías de regularización de personas migrantes sin autorización de residencia?,comparable,support,Propone un procedimiento de regularización permanente de personas extranjeras.,https://movimientosumar.es/wp-content/uploads/2023/07/Un-Programa-para-ti.pdf,sumar-2023-regularizacion,sumar-2023,2026-10-07
upn,Unión del Pueblo Navarro,regularizacion,¿Deberían ampliarse las vías de regularización de personas migrantes sin autorización de residencia?,no_comparable_evidence,,No se ha encontrado una posición suficientemente clara en las fuentes consultadas.,,,upn-2023 | congreso-jornada-2025 | upn-forales-2023 | navarra-nuclear-votacion-2025 | navarra-ebau-2023 | upn-alquiler-2026,2026-10-07
vox,VOX,regularizacion,¿Deberían ampliarse las vías de regularización de personas migrantes sin autorización de residencia?,comparable,oppose,Rechaza la regularización extraordinaria de inmigrantes de 2026 y reclama repatriaciones.,https://www.voxespana.es/la-rioja/vox-ve-la-regularizacion-masiva-de-inmigrantes-ilegales-como-un-paso-mas-hacia-la-destruccion-de-nuestra-identidad-y-el-reemplazo-de-la-poblacion-20260310,vox-regularizacion | vox-regularizacion-vox-regularizacion-2026-revision,vox-2023 | congreso-jornada-2025 | vox-cannabis-2022 | vox-defensa-2025 | vox-regularizacion-2026 | senado-pelotas-2021 | vox-mordaza-2024 | canarias-cannabis-2024 | senado-cooperacion-2022 | vox-fortunas-2024,2026-10-07
ahi,Agrupación Herreña Independiente,cie,¿Deberían cerrarse los centros de internamiento de extranjeros?,no_comparable_evidence,,No se ha encontrado una posición suficientemente clara en las fuentes consultadas.,,,ahi-vivienda-2025 | ahi-canarias-2023 | ahi-frontera-2023 | ahi-decreto-canarias-2025 | canarias-jornada-2025 | canarias-regularizacion-2026 | canarias-aborto-2025 | canarias-ganaderia-2026 | canarias-cannabis-2024,2026-10-07
asg,Agrupación Socialista Gomera,cie,¿Deberían cerrarse los centros de internamiento de extranjeros?,no_comparable_evidence,,No se ha encontrado una posición suficientemente clara en las fuentes consultadas.,,,asg-pensiones-2018 | asg-vivienda-2026 | asg-transporte-2025 | canarias-jornada-2025 | canarias-regularizacion-2026 | canarias-aborto-2025 | senado-smi-2022 | canarias-infantil-2020 | canarias-ganaderia-2026 | canarias-cadena-julio-2022 | senado-permisos-2026 | canarias-cannabis-2024,2026-10-07
bng,Bloque Nacionalista Galego,cie,¿Deberían cerrarse los centros de internamiento de extranjeros?,comparable,support,Propone cerrar los centros de internamiento de extranjeros.,https://www.bng.gal/media/bnggaliza/files/2023/07/05/23_bng_xerais_programa.pdf,bng-cie,bng-2023 | congreso-jornada-35 | bng-galegas-2024,2026-10-07
cc,Coalición Canaria,cie,¿Deberían cerrarse los centros de internamiento de extranjeros?,no_comparable_evidence,,No se ha encontrado una posición suficientemente clara en las fuentes consultadas.,,,cc-menores-2024 | cc-pensiones | cc-fiscalidad | cc-canarias-2023 | cc-regularizacion-2026 | canarias-jornada-2025 | canarias-regularizacion-2026 | canarias-aborto-2025 | canarias-infantil-2020 | canarias-cannabis-2024,2026-10-07
compromis,Compromís,cie,¿Deberían cerrarse los centros de internamiento de extranjeros?,comparable,support,Propone exigir el cierre de los centros de internamiento de personas extranjeras.,https://28m.compromis.net/docs/PROGRAMA_ELECTORAL_2023_%20CAS.pdf,compromis-cie-compromis-corts-2023-revision,congreso-jornada-2025 | compromis-sumar-2023 | compromis-alquiler-2025 | compromis-corts-2023 | compromis-generales-2011-societat | compromis-aborto-2025 | compromis-mordaza-2019 | compromis-acuerdo-2016,2026-10-07
erc,Esquerra Republicana de Catalunya,cie,¿Deberían cerrarse los centros de internamiento de extranjeros?,comparable,support,Propone cerrar los centros de internamiento de extranjeros.,https://static.esquerra.cat/uploads/20230905/e2023-programa.pdf,erc-cie,erc-2023 | congreso-jornada-2025 | erc-dental-2026 | erc-cannabis-2021 | erc-vivienda-2018 | erc-palestina-2026 | erc-industria-2026 | erc-cuestionario-pensiones | erc-europeas-2024 | erc-jornada-2024 | erc-catalunya-2024,2026-10-07
eh-bildu,Euskal Herria Bildu,cie,¿Deberían cerrarse los centros de internamiento de extranjeros?,no_comparable_evidence,,No se ha encontrado una posición suficientemente clara en las fuentes consultadas.,,,bildu-2023 | bildu-gasteiz-programa | bildu-euskadi-2024 | navarra-nuclear-2025 | navarra-ebau-2023,2026-10-07
pnv,Euzko Alderdi Jeltzalea–Partido Nacionalista Vasco,cie,¿Deberían cerrarse los centros de internamiento de extranjeros?,related,,Propone alternativas al internamiento y reformar el reglamento de los CIE para mejorar las garantías de las personas migrantes.,https://www.eaj-pnv.eus/es/adjuntos-documentos/20945/pdf/con-voz-propia-programa-electoral-23-j,pnv-cie-ampliacion-2026,pnv-2023 | congreso-jornada-2025 | pnv-euskadi-2024 | senado-smi-2022 | senado-pelotas-2021 | pnv-mordaza-2024 | pnv-irpf-2022 | pnv-palestina-2024 | pnv-fortunas-acuerdo-2023,2026-10-07
geroa-bai,Geroa Bai,cie,¿Deberían cerrarse los centros de internamiento de extranjeros?,no_comparable_evidence,,No se ha encontrado una posición suficientemente clara en las fuentes consultadas.,,,geroa-bai-fiscalidad-2025 | geroa-bai-forales-2023 | geroa-bai-generales-2019 | navarra-nuclear-2025 | geroa-pensiones-enmienda-2014 | geroa-pelotas-2021 | navarra-ebau-2023 | geroa-irpf-2025 | geroa-bai-forales-2015,2026-10-07
iu,Izquierda Unida,cie,¿Deberían cerrarse los centros de internamiento de extranjeros?,comparable,support,Propone cerrar centros de internamiento de extranjeros.,https://izquierdaunida.org/wp-content/uploads/2023/07/Programa-IU-Elecciones-Generales-Jl2023.pdf,iu-cie,iu-2023 | iu-jornada-2024 | iu-palestina-2024 | iu-europeas-2019 | iu-nuclear-2026 | iu-mordaza-2025,2026-10-07
junts,Junts per Catalunya,cie,¿Deberían cerrarse los centros de internamiento de extranjeros?,no_comparable_evidence,,No se ha encontrado una posición suficientemente clara en las fuentes consultadas.,,,congreso-jornada-2025 | junts-catalunya-2024 | senado-smi-2022 | senado-pelotas-2021 | senado-cooperacion-2022,2026-10-07
mas-madrid,Más Madrid,cie,¿Deberían cerrarse los centros de internamiento de extranjeros?,no_comparable_evidence,,No se ha encontrado una posición suficientemente clara en las fuentes consultadas.,,,mas-madrid-aborto-2025 | mas-madrid-cm-2023 | mas-madrid-jornada-2024 | mas-madrid-alquiler-2026 | mas-madrid-mordaza | senado-cooperacion-2022 | mas-madrid-fortunas-carta-2023,2026-10-07
pp,Partido Popular,cie,¿Deberían cerrarse los centros de internamiento de extranjeros?,no_comparable_evidence,,No se ha encontrado una posición suficientemente clara en las fuentes consultadas.,,,pp-2023 | congreso-jornada-2025 | pp-pension-ipc-2026 | pp-banca-jornada | pp-jornada-2025 | canarias-regularizacion-2026 | senado-smi-2022 | canarias-cadena-julio-2022 | senado-pelotas-2021 | pp-mordaza-pnl-2021 | canarias-cannabis-2024 | pp-alquiler-2025 | pp-palestina-2024 | pp-murcia-2025,2026-10-07
psoe,Partido Socialista Obrero Español,cie,¿Deberían cerrarse los centros de internamiento de extranjeros?,no_comparable_evidence,,No se ha encontrado una posición suficientemente clara en las fuentes consultadas.,,,psoe-2023 | psoe-mayo-2024 | psoe-palestina-discurso | psoe-alquiler-2025 | psoe-defensa-plan-2025 | psoe-aborto-pnl-indexada-2025 | senado-pelotas-2021 | psoe-mordaza-2024 | psoe-mordaza-ppl-2024 | psoe-fortunas-2025 | psoe-desahucios-2026 | canarias-cannabis-2024 | psoe-regularizacion-2026,2026-10-07
podemos,Podemos,cie,¿Deberían cerrarse los centros de internamiento de extranjeros?,comparable,support,Propone cerrar los centros de internamiento de personas extranjeras.,https://podemos.info/materia/migraciones/,podemos-cie-podemos-cie-programa-revision,congreso-jornada-2025 | podemos-jornada-2019 | podemos-infantil-programa | podemos-alquiler-programa | podemos-pensiones-programa | podemos-smi-programa | podemos-cie-programa | podemos-cannabis-programa | podemos-vivienda-publica-programa | podemos-desahucios-programa | podemos-hidroelectricas-programa | podemos-nuclear-programa | podemos-permiso-nacimiento-programa | podemos-transporte-joven-europa | podemos-murcia-dental-2023 | podemos-murcia-regularizacion-2026 | podemos-andalucia-aborto-2023 | podemos-software-2015 | podemos-palestina-2016 | podemos-mordaza-declaracion | podemos-ganaderia-europa | podemos-tpan-europa | podemos-justicia-fiscal | podemos-murcia-igualdad-2017 | podemos-jubilacion-declaracion | podemos-cgpj-programa | podemos-cooperacion-programa,2026-10-07
sumar-2023,Sumar · coalición electoral de 2023,cie,¿Deberían cerrarse los centros de internamiento de extranjeros?,comparable,support,Propone cerrar los centros de internamiento de extranjeros.,https://movimientosumar.es/wp-content/uploads/2023/07/Un-Programa-para-ti.pdf,sumar-2023-cie,sumar-2023,2026-10-07
upn,Unión del Pueblo Navarro,cie,¿Deberían cerrarse los centros de internamiento de extranjeros?,no_comparable_evidence,,No se ha encontrado una posición suficientemente clara en las fuentes consultadas.,,,upn-2023 | congreso-jornada-2025 | upn-forales-2023 | navarra-nuclear-votacion-2025 | navarra-ebau-2023 | upn-alquiler-2026,2026-10-07
vox,VOX,cie,¿Deberían cerrarse los centros de internamiento de extranjeros?,no_comparable_evidence,,No se ha encontrado una posición suficientemente clara en las fuentes consultadas.,,,vox-2023 | congreso-jornada-2025 | vox-cannabis-2022 | vox-defensa-2025 | vox-regularizacion-2026 | senado-pelotas-2021 | vox-mordaza-2024 | canarias-cannabis-2024 | senado-cooperacion-2022 | vox-fortunas-2024,2026-10-07
ahi,Agrupación Herreña Independiente,residencia-trabajo,¿Debería poder obtenerse residencia por contrato de trabajo sin pasar por el proceso de arraigo?,no_comparable_evidence,,No se ha encontrado una posición suficientemente clara en las fuentes consultadas.,,,ahi-vivienda-2025 | ahi-canarias-2023 | ahi-frontera-2023 | ahi-decreto-canarias-2025 | canarias-jornada-2025 | canarias-regularizacion-2026 | canarias-aborto-2025 | canarias-ganaderia-2026 | canarias-cannabis-2024,2026-10-07
asg,Agrupación Socialista Gomera,residencia-trabajo,¿Debería poder obtenerse residencia por contrato de trabajo sin pasar por el proceso de arraigo?,no_comparable_evidence,,No se ha encontrado una posición suficientemente clara en las fuentes consultadas.,,,asg-pensiones-2018 | asg-vivienda-2026 | asg-transporte-2025 | canarias-jornada-2025 | canarias-regularizacion-2026 | canarias-aborto-2025 | senado-smi-2022 | canarias-infantil-2020 | canarias-ganaderia-2026 | canarias-cadena-julio-2022 | senado-permisos-2026 | canarias-cannabis-2024,2026-10-07
bng,Bloque Nacionalista Galego,residencia-trabajo,¿Debería poder obtenerse residencia por contrato de trabajo sin pasar por el proceso de arraigo?,no_comparable_evidence,,No se ha encontrado una posición suficientemente clara en las fuentes consultadas.,,,bng-2023 | congreso-jornada-35 | bng-galegas-2024,2026-10-07
cc,Coalición Canaria,residencia-trabajo,¿Debería poder obtenerse residencia por contrato de trabajo sin pasar por el proceso de arraigo?,no_comparable_evidence,,No se ha encontrado una posición suficientemente clara en las fuentes consultadas.,,,cc-menores-2024 | cc-pensiones | cc-fiscalidad | cc-canarias-2023 | cc-regularizacion-2026 | canarias-jornada-2025 | canarias-regularizacion-2026 | canarias-aborto-2025 | canarias-infantil-2020 | canarias-cannabis-2024,2026-10-07
compromis,Compromís,residencia-trabajo,¿Debería poder obtenerse residencia por contrato de trabajo sin pasar por el proceso de arraigo?,no_comparable_evidence,,No se ha encontrado una posición suficientemente clara en las fuentes consultadas.,,,congreso-jornada-2025 | compromis-sumar-2023 | compromis-alquiler-2025 | compromis-corts-2023 | compromis-generales-2011-societat | compromis-aborto-2025 | compromis-mordaza-2019 | compromis-acuerdo-2016,2026-10-07
erc,Esquerra Republicana de Catalunya,residencia-trabajo,¿Debería poder obtenerse residencia por contrato de trabajo sin pasar por el proceso de arraigo?,no_comparable_evidence,,No se ha encontrado una posición suficientemente clara en las fuentes consultadas.,,,erc-2023 | congreso-jornada-2025 | erc-dental-2026 | erc-cannabis-2021 | erc-vivienda-2018 | erc-palestina-2026 | erc-industria-2026 | erc-cuestionario-pensiones | erc-europeas-2024 | erc-jornada-2024 | erc-catalunya-2024,2026-10-07
eh-bildu,Euskal Herria Bildu,residencia-trabajo,¿Debería poder obtenerse residencia por contrato de trabajo sin pasar por el proceso de arraigo?,no_comparable_evidence,,No se ha encontrado una posición suficientemente clara en las fuentes consultadas.,,,bildu-2023 | bildu-gasteiz-programa | bildu-euskadi-2024 | navarra-nuclear-2025 | navarra-ebau-2023,2026-10-07
pnv,Euzko Alderdi Jeltzalea–Partido Nacionalista Vasco,residencia-trabajo,¿Debería poder obtenerse residencia por contrato de trabajo sin pasar por el proceso de arraigo?,comparable,support,Propone que migrantes con contrato de trabajo no necesiten pasar por arraigo.,https://www.eaj-pnv.eus/es/adjuntos-documentos/20945/pdf/con-voz-propia-programa-electoral-23-j,pnv-residencia-trabajo,pnv-2023 | congreso-jornada-2025 | pnv-euskadi-2024 | senado-smi-2022 | senado-pelotas-2021 | pnv-mordaza-2024 | pnv-irpf-2022 | pnv-palestina-2024 | pnv-fortunas-acuerdo-2023,2026-10-07
geroa-bai,Geroa Bai,residencia-trabajo,¿Debería poder obtenerse residencia por contrato de trabajo sin pasar por el proceso de arraigo?,no_comparable_evidence,,No se ha encontrado una posición suficientemente clara en las fuentes consultadas.,,,geroa-bai-fiscalidad-2025 | geroa-bai-forales-2023 | geroa-bai-generales-2019 | navarra-nuclear-2025 | geroa-pensiones-enmienda-2014 | geroa-pelotas-2021 | navarra-ebau-2023 | geroa-irpf-2025 | geroa-bai-forales-2015,2026-10-07
iu,Izquierda Unida,residencia-trabajo,¿Debería poder obtenerse residencia por contrato de trabajo sin pasar por el proceso de arraigo?,no_comparable_evidence,,No se ha encontrado una posición suficientemente clara en las fuentes consultadas.,,,iu-2023 | iu-jornada-2024 | iu-palestina-2024 | iu-europeas-2019 | iu-nuclear-2026 | iu-mordaza-2025,2026-10-07
junts,Junts per Catalunya,residencia-trabajo,¿Debería poder obtenerse residencia por contrato de trabajo sin pasar por el proceso de arraigo?,no_comparable_evidence,,No se ha encontrado una posición suficientemente clara en las fuentes consultadas.,,,congreso-jornada-2025 | junts-catalunya-2024 | senado-smi-2022 | senado-pelotas-2021 | senado-cooperacion-2022,2026-10-07
mas-madrid,Más Madrid,residencia-trabajo,¿Debería poder obtenerse residencia por contrato de trabajo sin pasar por el proceso de arraigo?,no_comparable_evidence,,No se ha encontrado una posición suficientemente clara en las fuentes consultadas.,,,mas-madrid-aborto-2025 | mas-madrid-cm-2023 | mas-madrid-jornada-2024 | mas-madrid-alquiler-2026 | mas-madrid-mordaza | senado-cooperacion-2022 | mas-madrid-fortunas-carta-2023,2026-10-07
pp,Partido Popular,residencia-trabajo,¿Debería poder obtenerse residencia por contrato de trabajo sin pasar por el proceso de arraigo?,no_comparable_evidence,,No se ha encontrado una posición suficientemente clara en las fuentes consultadas.,,,pp-2023 | congreso-jornada-2025 | pp-pension-ipc-2026 | pp-banca-jornada | pp-jornada-2025 | canarias-regularizacion-2026 | senado-smi-2022 | canarias-cadena-julio-2022 | senado-pelotas-2021 | pp-mordaza-pnl-2021 | canarias-cannabis-2024 | pp-alquiler-2025 | pp-palestina-2024 | pp-murcia-2025,2026-10-07
psoe,Partido Socialista Obrero Español,residencia-trabajo,¿Debería poder obtenerse residencia por contrato de trabajo sin pasar por el proceso de arraigo?,no_comparable_evidence,,No se ha encontrado una posición suficientemente clara en las fuentes consultadas.,,,psoe-2023 | psoe-mayo-2024 | psoe-palestina-discurso | psoe-alquiler-2025 | psoe-defensa-plan-2025 | psoe-aborto-pnl-indexada-2025 | senado-pelotas-2021 | psoe-mordaza-2024 | psoe-mordaza-ppl-2024 | psoe-fortunas-2025 | psoe-desahucios-2026 | canarias-cannabis-2024 | psoe-regularizacion-2026,2026-10-07
podemos,Podemos,residencia-trabajo,¿Debería poder obtenerse residencia por contrato de trabajo sin pasar por el proceso de arraigo?,no_comparable_evidence,,No se ha encontrado una posición suficientemente clara en las fuentes consultadas.,,,congreso-jornada-2025 | podemos-jornada-2019 | podemos-infantil-programa | podemos-alquiler-programa | podemos-pensiones-programa | podemos-smi-programa | podemos-cie-programa | podemos-cannabis-programa | podemos-vivienda-publica-programa | podemos-desahucios-programa | podemos-hidroelectricas-programa | podemos-nuclear-programa | podemos-permiso-nacimiento-programa | podemos-transporte-joven-europa | podemos-murcia-dental-2023 | podemos-murcia-regularizacion-2026 | podemos-andalucia-aborto-2023 | podemos-software-2015 | podemos-palestina-2016 | podemos-mordaza-declaracion | podemos-ganaderia-europa | podemos-tpan-europa | podemos-justicia-fiscal | podemos-murcia-igualdad-2017 | podemos-jubilacion-declaracion | podemos-cgpj-programa | podemos-cooperacion-programa,2026-10-07
sumar-2023,Sumar · coalición electoral de 2023,residencia-trabajo,¿Debería poder obtenerse residencia por contrato de trabajo sin pasar por el proceso de arraigo?,no_comparable_evidence,,No se ha encontrado una posición suficientemente clara en las fuentes consultadas.,,,sumar-2023,2026-10-07
upn,Unión del Pueblo Navarro,residencia-trabajo,¿Debería poder obtenerse residencia por contrato de trabajo sin pasar por el proceso de arraigo?,no_comparable_evidence,,No se ha encontrado una posición suficientemente clara en las fuentes consultadas.,,,upn-2023 | congreso-jornada-2025 | upn-forales-2023 | navarra-nuclear-votacion-2025 | navarra-ebau-2023 | upn-alquiler-2026,2026-10-07
vox,VOX,residencia-trabajo,¿Debería poder obtenerse residencia por contrato de trabajo sin pasar por el proceso de arraigo?,no_comparable_evidence,,No se ha encontrado una posición suficientemente clara en las fuentes consultadas.,,,vox-2023 | congreso-jornada-2025 | vox-cannabis-2022 | vox-defensa-2025 | vox-regularizacion-2026 | senado-pelotas-2021 | vox-mordaza-2024 | canarias-cannabis-2024 | senado-cooperacion-2022 | vox-fortunas-2024,2026-10-07
ahi,Agrupación Herreña Independiente,pelotas-goma,¿Debería prohibirse el uso policial de pelotas de goma?,no_comparable_evidence,,No se ha encontrado una posición suficientemente clara en las fuentes consultadas.,,,ahi-vivienda-2025 | ahi-canarias-2023 | ahi-frontera-2023 | ahi-decreto-canarias-2025 | canarias-jornada-2025 | canarias-regularizacion-2026 | canarias-aborto-2025 | canarias-ganaderia-2026 | canarias-cannabis-2024,2026-10-07
asg,Agrupación Socialista Gomera,pelotas-goma,¿Debería prohibirse el uso policial de pelotas de goma?,no_comparable_evidence,,No se ha encontrado una posición suficientemente clara en las fuentes consultadas.,,,asg-pensiones-2018 | asg-vivienda-2026 | asg-transporte-2025 | canarias-jornada-2025 | canarias-regularizacion-2026 | canarias-aborto-2025 | senado-smi-2022 | canarias-infantil-2020 | canarias-ganaderia-2026 | canarias-cadena-julio-2022 | senado-permisos-2026 | canarias-cannabis-2024,2026-10-07
bng,Bloque Nacionalista Galego,pelotas-goma,¿Debería prohibirse el uso policial de pelotas de goma?,comparable,support,Propone prohibir el uso de pelotas de goma por las fuerzas de seguridad.,https://www.bng.gal/media/bnggaliza/files/2023/07/05/23_bng_xerais_programa.pdf,bng-pelotas-goma-ampliacion-2026,bng-2023 | congreso-jornada-35 | bng-galegas-2024,2026-10-07
cc,Coalición Canaria,pelotas-goma,¿Debería prohibirse el uso policial de pelotas de goma?,no_comparable_evidence,,No se ha encontrado una posición suficientemente clara en las fuentes consultadas.,,,cc-menores-2024 | cc-pensiones | cc-fiscalidad | cc-canarias-2023 | cc-regularizacion-2026 | canarias-jornada-2025 | canarias-regularizacion-2026 | canarias-aborto-2025 | canarias-infantil-2020 | canarias-cannabis-2024,2026-10-07
compromis,Compromís,pelotas-goma,¿Debería prohibirse el uso policial de pelotas de goma?,no_comparable_evidence,,No se ha encontrado una posición suficientemente clara en las fuentes consultadas.,,,congreso-jornada-2025 | compromis-sumar-2023 | compromis-alquiler-2025 | compromis-corts-2023 | compromis-generales-2011-societat | compromis-aborto-2025 | compromis-mordaza-2019 | compromis-acuerdo-2016,2026-10-07
erc,Esquerra Republicana de Catalunya,pelotas-goma,¿Debería prohibirse el uso policial de pelotas de goma?,comparable,support,Propone eliminar las balas de goma como material antidisturbios de dotación.,https://static.esquerra.cat/uploads/20230905/e2023-programa.pdf,erc-pelotas-goma-ampliacion-2026,erc-2023 | congreso-jornada-2025 | erc-dental-2026 | erc-cannabis-2021 | erc-vivienda-2018 | erc-palestina-2026 | erc-industria-2026 | erc-cuestionario-pensiones | erc-europeas-2024 | erc-jornada-2024 | erc-catalunya-2024,2026-10-07
eh-bildu,Euskal Herria Bildu,pelotas-goma,¿Debería prohibirse el uso policial de pelotas de goma?,comparable,support,Propone prohibir pelotas de goma.,https://ehbildu.eus/dokumentuak/23J-COMPROMISO-DE-EUSKAL-HERRIA-BILDU.pdf,eh-bildu-pelotas-goma,bildu-2023 | bildu-gasteiz-programa | bildu-euskadi-2024 | navarra-nuclear-2025 | navarra-ebau-2023,2026-10-07
pnv,Euzko Alderdi Jeltzalea–Partido Nacionalista Vasco,pelotas-goma,¿Debería prohibirse el uso policial de pelotas de goma?,related,,"Defiende uso excepcional de medios antidisturbios, municiones menos lesivas y formación; se abstiene sobre la prohibición.",https://www.senado.es/legis14/publicaciones/pdf/senado/ds/DS_C_14_249.PDF,pnv-pelotas-goma-senado-pelotas-2021-revision,pnv-2023 | congreso-jornada-2025 | pnv-euskadi-2024 | senado-smi-2022 | senado-pelotas-2021 | pnv-mordaza-2024 | pnv-irpf-2022 | pnv-palestina-2024 | pnv-fortunas-acuerdo-2023,2026-10-07
geroa-bai,Geroa Bai,pelotas-goma,¿Debería prohibirse el uso policial de pelotas de goma?,comparable,support,Apoya que la Policía y la Guardia Civil dejen de utilizar pelotas de goma.,https://geroabai.eus/es/actualidad/el-senado-aprueba-una-propuesta-de-koldo-martinez-para-mejorar-la-salud-mental-de-los-presos,geroa-bai-pelotas-goma-geroa-pelotas-2021-revision,geroa-bai-fiscalidad-2025 | geroa-bai-forales-2023 | geroa-bai-generales-2019 | navarra-nuclear-2025 | geroa-pensiones-enmienda-2014 | geroa-pelotas-2021 | navarra-ebau-2023 | geroa-irpf-2025 | geroa-bai-forales-2015,2026-10-07
iu,Izquierda Unida,pelotas-goma,¿Debería prohibirse el uso policial de pelotas de goma?,no_comparable_evidence,,No se ha encontrado una posición suficientemente clara en las fuentes consultadas.,,,iu-2023 | iu-jornada-2024 | iu-palestina-2024 | iu-europeas-2019 | iu-nuclear-2026 | iu-mordaza-2025,2026-10-07
junts,Junts per Catalunya,pelotas-goma,¿Debería prohibirse el uso policial de pelotas de goma?,comparable,support,Defiende prohibir totalmente las pelotas de goma en las fuerzas y cuerpos de seguridad del Estado.,https://www.senado.es/legis14/publicaciones/pdf/senado/ds/DS_C_14_249.PDF,junts-pelotas-goma-senado-pelotas-2021-revision,congreso-jornada-2025 | junts-catalunya-2024 | senado-smi-2022 | senado-pelotas-2021 | senado-cooperacion-2022,2026-10-07
mas-madrid,Más Madrid,pelotas-goma,¿Debería prohibirse el uso policial de pelotas de goma?,no_comparable_evidence,,No se ha encontrado una posición suficientemente clara en las fuentes consultadas.,,,mas-madrid-aborto-2025 | mas-madrid-cm-2023 | mas-madrid-jornada-2024 | mas-madrid-alquiler-2026 | mas-madrid-mordaza | senado-cooperacion-2022 | mas-madrid-fortunas-carta-2023,2026-10-07
pp,Partido Popular,pelotas-goma,¿Debería prohibirse el uso policial de pelotas de goma?,comparable,conditional,En 2021 rechaza retirar las pelotas de goma y propone conservar los medios policiales necesarios para mantener el orden público.,https://www.senado.es/legis14/publicaciones/pdf/senado/ds/DS_C_14_249.PDF,pp-pelotas-goma-senado-pelotas-2021-revision,pp-2023 | congreso-jornada-2025 | pp-pension-ipc-2026 | pp-banca-jornada | pp-jornada-2025 | canarias-regularizacion-2026 | senado-smi-2022 | canarias-cadena-julio-2022 | senado-pelotas-2021 | pp-mordaza-pnl-2021 | canarias-cannabis-2024 | pp-alquiler-2025 | pp-palestina-2024 | pp-murcia-2025,2026-10-07
psoe,Partido Socialista Obrero Español,pelotas-goma,¿Debería prohibirse el uso policial de pelotas de goma?,comparable,conditional,En 2021 rechaza prohibir las pelotas de goma y defiende su uso selectivo como último recurso.,https://www.senado.es/legis14/publicaciones/pdf/senado/ds/DS_C_14_249.PDF,psoe-pelotas-goma-senado-pelotas-2021-revision | psoe-pelotas-goma-psoe-mordaza-ppl-2024-revision,psoe-2023 | psoe-mayo-2024 | psoe-palestina-discurso | psoe-alquiler-2025 | psoe-defensa-plan-2025 | psoe-aborto-pnl-indexada-2025 | senado-pelotas-2021 | psoe-mordaza-2024 | psoe-mordaza-ppl-2024 | psoe-fortunas-2025 | psoe-desahucios-2026 | canarias-cannabis-2024 | psoe-regularizacion-2026,2026-10-07
podemos,Podemos,pelotas-goma,¿Debería prohibirse el uso policial de pelotas de goma?,no_comparable_evidence,,No se ha encontrado una posición suficientemente clara en las fuentes consultadas.,,,congreso-jornada-2025 | podemos-jornada-2019 | podemos-infantil-programa | podemos-alquiler-programa | podemos-pensiones-programa | podemos-smi-programa | podemos-cie-programa | podemos-cannabis-programa | podemos-vivienda-publica-programa | podemos-desahucios-programa | podemos-hidroelectricas-programa | podemos-nuclear-programa | podemos-permiso-nacimiento-programa | podemos-transporte-joven-europa | podemos-murcia-dental-2023 | podemos-murcia-regularizacion-2026 | podemos-andalucia-aborto-2023 | podemos-software-2015 | podemos-palestina-2016 | podemos-mordaza-declaracion | podemos-ganaderia-europa | podemos-tpan-europa | podemos-justicia-fiscal | podemos-murcia-igualdad-2017 | podemos-jubilacion-declaracion | podemos-cgpj-programa | podemos-cooperacion-programa,2026-10-07
sumar-2023,Sumar · coalición electoral de 2023,pelotas-goma,¿Debería prohibirse el uso policial de pelotas de goma?,comparable,support,Propone prohibir las pelotas de goma en la actuación policial.,https://movimientosumar.es/wp-content/uploads/2023/07/Un-Programa-para-ti.pdf,sumar-2023-pelotas-goma,sumar-2023,2026-10-07
upn,Unión del Pueblo Navarro,pelotas-goma,¿Debería prohibirse el uso policial de pelotas de goma?,no_comparable_evidence,,No se ha encontrado una posición suficientemente clara en las fuentes consultadas.,,,upn-2023 | congreso-jornada-2025 | upn-forales-2023 | navarra-nuclear-votacion-2025 | navarra-ebau-2023 | upn-alquiler-2026,2026-10-07
vox,VOX,pelotas-goma,¿Debería prohibirse el uso policial de pelotas de goma?,comparable,conditional,En 2021 se opone a prohibir las pelotas de goma y defiende su uso por personal especializado en altercados graves.,https://www.senado.es/legis14/publicaciones/pdf/senado/ds/DS_C_14_249.PDF,vox-pelotas-goma-senado-pelotas-2021-revision,vox-2023 | congreso-jornada-2025 | vox-cannabis-2022 | vox-defensa-2025 | vox-regularizacion-2026 | senado-pelotas-2021 | vox-mordaza-2024 | canarias-cannabis-2024 | senado-cooperacion-2022 | vox-fortunas-2024,2026-10-07
ahi,Agrupación Herreña Independiente,cgpj,¿Deberían los jueces elegir a los doce vocales judiciales del Consejo General del Poder Judicial?,no_comparable_evidence,,No se ha encontrado una posición suficientemente clara en las fuentes consultadas.,,,ahi-vivienda-2025 | ahi-canarias-2023 | ahi-frontera-2023 | ahi-decreto-canarias-2025 | canarias-jornada-2025 | canarias-regularizacion-2026 | canarias-aborto-2025 | canarias-ganaderia-2026 | canarias-cannabis-2024,2026-10-07
asg,Agrupación Socialista Gomera,cgpj,¿Deberían los jueces elegir a los doce vocales judiciales del Consejo General del Poder Judicial?,no_comparable_evidence,,No se ha encontrado una posición suficientemente clara en las fuentes consultadas.,,,asg-pensiones-2018 | asg-vivienda-2026 | asg-transporte-2025 | canarias-jornada-2025 | canarias-regularizacion-2026 | canarias-aborto-2025 | senado-smi-2022 | canarias-infantil-2020 | canarias-ganaderia-2026 | canarias-cadena-julio-2022 | senado-permisos-2026 | canarias-cannabis-2024,2026-10-07
bng,Bloque Nacionalista Galego,cgpj,¿Deberían los jueces elegir a los doce vocales judiciales del Consejo General del Poder Judicial?,no_comparable_evidence,,No se ha encontrado una posición suficientemente clara en las fuentes consultadas.,,,bng-2023 | congreso-jornada-35 | bng-galegas-2024,2026-10-07
cc,Coalición Canaria,cgpj,¿Deberían los jueces elegir a los doce vocales judiciales del Consejo General del Poder Judicial?,no_comparable_evidence,,No se ha encontrado una posición suficientemente clara en las fuentes consultadas.,,,cc-menores-2024 | cc-pensiones | cc-fiscalidad | cc-canarias-2023 | cc-regularizacion-2026 | canarias-jornada-2025 | canarias-regularizacion-2026 | canarias-aborto-2025 | canarias-infantil-2020 | canarias-cannabis-2024,2026-10-07
compromis,Compromís,cgpj,¿Deberían los jueces elegir a los doce vocales judiciales del Consejo General del Poder Judicial?,related,,Propone reformar la elección de los órganos del poder judicial para garantizar la separación de poderes.,https://compromis.net/wp-content/uploads/2016/09/31_medidas_acuerdo_gobierno.pdf,compromis-cgpj-compromis-acuerdo-2016-revision,congreso-jornada-2025 | compromis-sumar-2023 | compromis-alquiler-2025 | compromis-corts-2023 | compromis-generales-2011-societat | compromis-aborto-2025 | compromis-mordaza-2019 | compromis-acuerdo-2016,2026-10-07
erc,Esquerra Republicana de Catalunya,cgpj,¿Deberían los jueces elegir a los doce vocales judiciales del Consejo General del Poder Judicial?,no_comparable_evidence,,No se ha encontrado una posición suficientemente clara en las fuentes consultadas.,,,erc-2023 | congreso-jornada-2025 | erc-dental-2026 | erc-cannabis-2021 | erc-vivienda-2018 | erc-palestina-2026 | erc-industria-2026 | erc-cuestionario-pensiones | erc-europeas-2024 | erc-jornada-2024 | erc-catalunya-2024,2026-10-07
eh-bildu,Euskal Herria Bildu,cgpj,¿Deberían los jueces elegir a los doce vocales judiciales del Consejo General del Poder Judicial?,no_comparable_evidence,,No se ha encontrado una posición suficientemente clara en las fuentes consultadas.,,,bildu-2023 | bildu-gasteiz-programa | bildu-euskadi-2024 | navarra-nuclear-2025 | navarra-ebau-2023,2026-10-07
pnv,Euzko Alderdi Jeltzalea–Partido Nacionalista Vasco,cgpj,¿Deberían los jueces elegir a los doce vocales judiciales del Consejo General del Poder Judicial?,no_comparable_evidence,,No se ha encontrado una posición suficientemente clara en las fuentes consultadas.,,,pnv-2023 | congreso-jornada-2025 | pnv-euskadi-2024 | senado-smi-2022 | senado-pelotas-2021 | pnv-mordaza-2024 | pnv-irpf-2022 | pnv-palestina-2024 | pnv-fortunas-acuerdo-2023,2026-10-07
geroa-bai,Geroa Bai,cgpj,¿Deberían los jueces elegir a los doce vocales judiciales del Consejo General del Poder Judicial?,no_comparable_evidence,,No se ha encontrado una posición suficientemente clara en las fuentes consultadas.,,,geroa-bai-fiscalidad-2025 | geroa-bai-forales-2023 | geroa-bai-generales-2019 | navarra-nuclear-2025 | geroa-pensiones-enmienda-2014 | geroa-pelotas-2021 | navarra-ebau-2023 | geroa-irpf-2025 | geroa-bai-forales-2015,2026-10-07
iu,Izquierda Unida,cgpj,¿Deberían los jueces elegir a los doce vocales judiciales del Consejo General del Poder Judicial?,no_comparable_evidence,,No se ha encontrado una posición suficientemente clara en las fuentes consultadas.,,,iu-2023 | iu-jornada-2024 | iu-palestina-2024 | iu-europeas-2019 | iu-nuclear-2026 | iu-mordaza-2025,2026-10-07
junts,Junts per Catalunya,cgpj,¿Deberían los jueces elegir a los doce vocales judiciales del Consejo General del Poder Judicial?,no_comparable_evidence,,No se ha encontrado una posición suficientemente clara en las fuentes consultadas.,,,congreso-jornada-2025 | junts-catalunya-2024 | senado-smi-2022 | senado-pelotas-2021 | senado-cooperacion-2022,2026-10-07
mas-madrid,Más Madrid,cgpj,¿Deberían los jueces elegir a los doce vocales judiciales del Consejo General del Poder Judicial?,no_comparable_evidence,,No se ha encontrado una posición suficientemente clara en las fuentes consultadas.,,,mas-madrid-aborto-2025 | mas-madrid-cm-2023 | mas-madrid-jornada-2024 | mas-madrid-alquiler-2026 | mas-madrid-mordaza | senado-cooperacion-2022 | mas-madrid-fortunas-carta-2023,2026-10-07
pp,Partido Popular,cgpj,¿Deberían los jueces elegir a los doce vocales judiciales del Consejo General del Poder Judicial?,comparable,support,Propone que jueces y magistrados elijan los doce vocales judiciales del CGPJ.,https://www.pp.es/storage/2023/07/programa_electoral_pp_23j_feijoo_2023.pdf,pp-cgpj,pp-2023 | congreso-jornada-2025 | pp-pension-ipc-2026 | pp-banca-jornada | pp-jornada-2025 | canarias-regularizacion-2026 | senado-smi-2022 | canarias-cadena-julio-2022 | senado-pelotas-2021 | pp-mordaza-pnl-2021 | canarias-cannabis-2024 | pp-alquiler-2025 | pp-palestina-2024 | pp-murcia-2025,2026-10-07
psoe,Partido Socialista Obrero Español,cgpj,¿Deberían los jueces elegir a los doce vocales judiciales del Consejo General del Poder Judicial?,comparable,oppose,Defiende mantener el modelo vigente de elección del CGPJ y su doble legitimación.,https://xn--espaaavanza-4db.es/wp-content/uploads/2023/07/PROGRAMA_ELECTORAL-GENERALES-2023.pdf,psoe-cgpj-psoe-2023-revision,psoe-2023 | psoe-mayo-2024 | psoe-palestina-discurso | psoe-alquiler-2025 | psoe-defensa-plan-2025 | psoe-aborto-pnl-indexada-2025 | senado-pelotas-2021 | psoe-mordaza-2024 | psoe-mordaza-ppl-2024 | psoe-fortunas-2025 | psoe-desahucios-2026 | canarias-cannabis-2024 | psoe-regularizacion-2026,2026-10-07
podemos,Podemos,cgpj,¿Deberían los jueces elegir a los doce vocales judiciales del Consejo General del Poder Judicial?,comparable,conditional,"Defiende elección directa ciudadana del CGPJ y, mientras se reforma la Constitución, elección parlamentaria más transparente.",https://podemos.info/materia/democracia-participacion/,podemos-cgpj-podemos-cgpj-programa-revision,congreso-jornada-2025 | podemos-jornada-2019 | podemos-infantil-programa | podemos-alquiler-programa | podemos-pensiones-programa | podemos-smi-programa | podemos-cie-programa | podemos-cannabis-programa | podemos-vivienda-publica-programa | podemos-desahucios-programa | podemos-hidroelectricas-programa | podemos-nuclear-programa | podemos-permiso-nacimiento-programa | podemos-transporte-joven-europa | podemos-murcia-dental-2023 | podemos-murcia-regularizacion-2026 | podemos-andalucia-aborto-2023 | podemos-software-2015 | podemos-palestina-2016 | podemos-mordaza-declaracion | podemos-ganaderia-europa | podemos-tpan-europa | podemos-justicia-fiscal | podemos-murcia-igualdad-2017 | podemos-jubilacion-declaracion | podemos-cgpj-programa | podemos-cooperacion-programa,2026-10-07
sumar-2023,Sumar · coalición electoral de 2023,cgpj,¿Deberían los jueces elegir a los doce vocales judiciales del Consejo General del Poder Judicial?,comparable,oppose,Defiende mantener la elección parlamentaria de los vocales judiciales del CGPJ.,https://movimientosumar.es/wp-content/uploads/2023/07/Un-Programa-para-ti.pdf,sumar-2023-cgpj-sumar-2023-revision,sumar-2023,2026-10-07
upn,Unión del Pueblo Navarro,cgpj,¿Deberían los jueces elegir a los doce vocales judiciales del Consejo General del Poder Judicial?,no_comparable_evidence,,No se ha encontrado una posición suficientemente clara en las fuentes consultadas.,,,upn-2023 | congreso-jornada-2025 | upn-forales-2023 | navarra-nuclear-votacion-2025 | navarra-ebau-2023 | upn-alquiler-2026,2026-10-07
vox,VOX,cgpj,¿Deberían los jueces elegir a los doce vocales judiciales del Consejo General del Poder Judicial?,comparable,conditional,Propone que todos los miembros del CGPJ sean designados o propuestos por jueces; su alcance excede los doce vocales judiciales.,https://www.votaabascal.es/assets/pdf/Programa-VOX-2023.pdf,vox-cgpj,vox-2023 | congreso-jornada-2025 | vox-cannabis-2022 | vox-defensa-2025 | vox-regularizacion-2026 | senado-pelotas-2021 | vox-mordaza-2024 | canarias-cannabis-2024 | senado-cooperacion-2022 | vox-fortunas-2024,2026-10-07
ahi,Agrupación Herreña Independiente,seguridad-ciudadana,¿Debería derogarse la Ley Orgánica de Seguridad Ciudadana de 2015?,no_comparable_evidence,,No se ha encontrado una posición suficientemente clara en las fuentes consultadas.,,,ahi-vivienda-2025 | ahi-canarias-2023 | ahi-frontera-2023 | ahi-decreto-canarias-2025 | canarias-jornada-2025 | canarias-regularizacion-2026 | canarias-aborto-2025 | canarias-ganaderia-2026 | canarias-cannabis-2024,2026-10-07
asg,Agrupación Socialista Gomera,seguridad-ciudadana,¿Debería derogarse la Ley Orgánica de Seguridad Ciudadana de 2015?,no_comparable_evidence,,No se ha encontrado una posición suficientemente clara en las fuentes consultadas.,,,asg-pensiones-2018 | asg-vivienda-2026 | asg-transporte-2025 | canarias-jornada-2025 | canarias-regularizacion-2026 | canarias-aborto-2025 | senado-smi-2022 | canarias-infantil-2020 | canarias-ganaderia-2026 | canarias-cadena-julio-2022 | senado-permisos-2026 | canarias-cannabis-2024,2026-10-07
bng,Bloque Nacionalista Galego,seguridad-ciudadana,¿Debería derogarse la Ley Orgánica de Seguridad Ciudadana de 2015?,comparable,support,Propone derogar la ley de seguridad ciudadana conocida como ley mordaza.,https://www.bng.gal/media/bnggaliza/files/2023/07/05/23_bng_xerais_programa.pdf,bng-seguridad-ciudadana,bng-2023 | congreso-jornada-35 | bng-galegas-2024,2026-10-07
cc,Coalición Canaria,seguridad-ciudadana,¿Debería derogarse la Ley Orgánica de Seguridad Ciudadana de 2015?,no_comparable_evidence,,No se ha encontrado una posición suficientemente clara en las fuentes consultadas.,,,cc-menores-2024 | cc-pensiones | cc-fiscalidad | cc-canarias-2023 | cc-regularizacion-2026 | canarias-jornada-2025 | canarias-regularizacion-2026 | canarias-aborto-2025 | canarias-infantil-2020 | canarias-cannabis-2024,2026-10-07
compromis,Compromís,seguridad-ciudadana,¿Debería derogarse la Ley Orgánica de Seguridad Ciudadana de 2015?,comparable,support,Propone derogar la ley de protección de la seguridad ciudadana de 2015.,https://imparables.compromis.net/cas/programa/drets-ciutadania/,compromis-seguridad-ciudadana-compromis-mordaza-2019-revision,congreso-jornada-2025 | compromis-sumar-2023 | compromis-alquiler-2025 | compromis-corts-2023 | compromis-generales-2011-societat | compromis-aborto-2025 | compromis-mordaza-2019 | compromis-acuerdo-2016,2026-10-07
erc,Esquerra Republicana de Catalunya,seguridad-ciudadana,¿Debería derogarse la Ley Orgánica de Seguridad Ciudadana de 2015?,comparable,support,Propone derogar la ley de seguridad ciudadana.,https://static.esquerra.cat/uploads/20230905/e2023-programa.pdf,erc-seguridad-ciudadana,erc-2023 | congreso-jornada-2025 | erc-dental-2026 | erc-cannabis-2021 | erc-vivienda-2018 | erc-palestina-2026 | erc-industria-2026 | erc-cuestionario-pensiones | erc-europeas-2024 | erc-jornada-2024 | erc-catalunya-2024,2026-10-07
eh-bildu,Euskal Herria Bildu,seguridad-ciudadana,¿Debería derogarse la Ley Orgánica de Seguridad Ciudadana de 2015?,comparable,support,Propone derogar la ley de seguridad ciudadana.,https://ehbildu.eus/dokumentuak/23J-COMPROMISO-DE-EUSKAL-HERRIA-BILDU.pdf,eh-bildu-seguridad-ciudadana,bildu-2023 | bildu-gasteiz-programa | bildu-euskadi-2024 | navarra-nuclear-2025 | navarra-ebau-2023,2026-10-07
pnv,Euzko Alderdi Jeltzalea–Partido Nacionalista Vasco,seguridad-ciudadana,¿Debería derogarse la Ley Orgánica de Seguridad Ciudadana de 2015?,related,,Defiende modificar la ley mordaza y mantener determinadas infracciones graves y el principio de autoridad policial.,https://congreso.eaj-pnv.eus/es/noticias/56257/el-grupo-vasco-enmienda-la-reforma-de-la-ley-morda,pnv-seguridad-ciudadana-pnv-mordaza-2024-revision,pnv-2023 | congreso-jornada-2025 | pnv-euskadi-2024 | senado-smi-2022 | senado-pelotas-2021 | pnv-mordaza-2024 | pnv-irpf-2022 | pnv-palestina-2024 | pnv-fortunas-acuerdo-2023,2026-10-07
geroa-bai,Geroa Bai,seguridad-ciudadana,¿Debería derogarse la Ley Orgánica de Seguridad Ciudadana de 2015?,comparable,support,"Propone derogar de inmediato la Ley de Protección de la Seguridad Ciudadana, conocida como ley mordaza.",https://geroabai.eus/files/2019/10/BASES%20POLITICAS-10N-2019-VF.pdf,geroa-bai-seguridad-ciudadana-geroa-bai-generales-2019-revision,geroa-bai-fiscalidad-2025 | geroa-bai-forales-2023 | geroa-bai-generales-2019 | navarra-nuclear-2025 | geroa-pensiones-enmienda-2014 | geroa-pelotas-2021 | navarra-ebau-2023 | geroa-irpf-2025 | geroa-bai-forales-2015,2026-10-07
iu,Izquierda Unida,seguridad-ciudadana,¿Debería derogarse la Ley Orgánica de Seguridad Ciudadana de 2015?,comparable,support,Reclama cumplir el compromiso de derogar la ley mordaza.,https://izquierdaunida.org/2025/02/28/el-diputado-de-iu-nahuel-gonzalez-senala-al-pp-en-la-comision-constitucional-que-como-tiene-la-poca-verguenza-de-seguir-encubriendo-a-mazon-un-mentiroso-un-negligente-y-un-irresponsable/,iu-seguridad-ciudadana-ampliacion-2026 | iu-seguridad-ciudadana-iu-mordaza-2025-revision,iu-2023 | iu-jornada-2024 | iu-palestina-2024 | iu-europeas-2019 | iu-nuclear-2026 | iu-mordaza-2025,2026-10-07
junts,Junts per Catalunya,seguridad-ciudadana,¿Debería derogarse la Ley Orgánica de Seguridad Ciudadana de 2015?,no_comparable_evidence,,No se ha encontrado una posición suficientemente clara en las fuentes consultadas.,,,congreso-jornada-2025 | junts-catalunya-2024 | senado-smi-2022 | senado-pelotas-2021 | senado-cooperacion-2022,2026-10-07
mas-madrid,Más Madrid,seguridad-ciudadana,¿Debería derogarse la Ley Orgánica de Seguridad Ciudadana de 2015?,comparable,support,Defiende derogar urgentemente la ley mordaza por los procedimientos democráticos.,https://masmadrid.org/mas-madrid-rechaza-los-actos-vandalicos-perpetrados-por-una-minoria-de-manifestantes-y-pide-que-se-garanticen-los-derechos-ciudadanos/,mas-madrid-seguridad-ciudadana-mas-madrid-mordaza-revision,mas-madrid-aborto-2025 | mas-madrid-cm-2023 | mas-madrid-jornada-2024 | mas-madrid-alquiler-2026 | mas-madrid-mordaza | senado-cooperacion-2022 | mas-madrid-fortunas-carta-2023,2026-10-07
pp,Partido Popular,seguridad-ciudadana,¿Debería derogarse la Ley Orgánica de Seguridad Ciudadana de 2015?,comparable,oppose,Se opone a derogar o modificar sustancialmente la ley de seguridad ciudadana de 2015.,https://www.pp.es/storage/2021/11/pnl_parlamentos_autonomicos_para_mostrar_apoyo_a_fcse.pdf,pp-seguridad-ciudadana-pp-mordaza-pnl-2021-revision,pp-2023 | congreso-jornada-2025 | pp-pension-ipc-2026 | pp-banca-jornada | pp-jornada-2025 | canarias-regularizacion-2026 | senado-smi-2022 | canarias-cadena-julio-2022 | senado-pelotas-2021 | pp-mordaza-pnl-2021 | canarias-cannabis-2024 | pp-alquiler-2025 | pp-palestina-2024 | pp-murcia-2025,2026-10-07
psoe,Partido Socialista Obrero Español,seguridad-ciudadana,¿Debería derogarse la Ley Orgánica de Seguridad Ciudadana de 2015?,comparable,support,"Defiende derogar la ley de seguridad ciudadana de 2015 y sustituirla por una regulación que proteja derechos de reunión, expresión y huelga.",https://www.psoe.es/congreso/noticias-congreso/david-serrada-ya-es-hora-de-reformar-la-ley-que-nos-debe-permitir-ejercer-nuestra-libertad-de-opinion-reunion-y-manifestacion-en-un-contexto-de-seguridad-y-de-libertad/,psoe-seguridad-ciudadana-psoe-mordaza-2024-revision,psoe-2023 | psoe-mayo-2024 | psoe-palestina-discurso | psoe-alquiler-2025 | psoe-defensa-plan-2025 | psoe-aborto-pnl-indexada-2025 | senado-pelotas-2021 | psoe-mordaza-2024 | psoe-mordaza-ppl-2024 | psoe-fortunas-2025 | psoe-desahucios-2026 | canarias-cannabis-2024 | psoe-regularizacion-2026,2026-10-07
podemos,Podemos,seguridad-ciudadana,¿Debería derogarse la Ley Orgánica de Seguridad Ciudadana de 2015?,comparable,support,Defiende derogar la ley mordaza para recuperar los derechos de expresión y participación política.,https://podemos.info/en/podemos-se-reafirma-en-su-compromiso-por-la-derogacion-de-la-ley-mordaza/,podemos-seguridad-ciudadana-podemos-mordaza-declaracion-revision,congreso-jornada-2025 | podemos-jornada-2019 | podemos-infantil-programa | podemos-alquiler-programa | podemos-pensiones-programa | podemos-smi-programa | podemos-cie-programa | podemos-cannabis-programa | podemos-vivienda-publica-programa | podemos-desahucios-programa | podemos-hidroelectricas-programa | podemos-nuclear-programa | podemos-permiso-nacimiento-programa | podemos-transporte-joven-europa | podemos-murcia-dental-2023 | podemos-murcia-regularizacion-2026 | podemos-andalucia-aborto-2023 | podemos-software-2015 | podemos-palestina-2016 | podemos-mordaza-declaracion | podemos-ganaderia-europa | podemos-tpan-europa | podemos-justicia-fiscal | podemos-murcia-igualdad-2017 | podemos-jubilacion-declaracion | podemos-cgpj-programa | podemos-cooperacion-programa,2026-10-07
sumar-2023,Sumar · coalición electoral de 2023,seguridad-ciudadana,¿Debería derogarse la Ley Orgánica de Seguridad Ciudadana de 2015?,related,,Propone modificar la ley de seguridad ciudadana; no se atribuye una derogación completa.,https://movimientosumar.es/wp-content/uploads/2023/07/Un-Programa-para-ti.pdf,sumar-2023-seguridad-ciudadana,sumar-2023,2026-10-07
upn,Unión del Pueblo Navarro,seguridad-ciudadana,¿Debería derogarse la Ley Orgánica de Seguridad Ciudadana de 2015?,no_comparable_evidence,,No se ha encontrado una posición suficientemente clara en las fuentes consultadas.,,,upn-2023 | congreso-jornada-2025 | upn-forales-2023 | navarra-nuclear-votacion-2025 | navarra-ebau-2023 | upn-alquiler-2026,2026-10-07
vox,VOX,seguridad-ciudadana,¿Debería derogarse la Ley Orgánica de Seguridad Ciudadana de 2015?,comparable,oppose,"Se opone al pacto para derogar la ley de seguridad ciudadana, por considerar que reduciría la protección policial.",https://www.voxespana.es/noticias/el-pacto-para-derogar-la-ley-de-seguridad-ciudadana-es-vergonzoso-y-perjudicial-20241004,vox-seguridad-ciudadana-vox-mordaza-2024-revision,vox-2023 | congreso-jornada-2025 | vox-cannabis-2022 | vox-defensa-2025 | vox-regularizacion-2026 | senado-pelotas-2021 | vox-mordaza-2024 | canarias-cannabis-2024 | senado-cooperacion-2022 | vox-fortunas-2024,2026-10-07
ahi,Agrupación Herreña Independiente,planes-igualdad,¿Deberían evaluarse los resultados de los planes de igualdad de las empresas?,no_comparable_evidence,,No se ha encontrado una posición suficientemente clara en las fuentes consultadas.,,,ahi-vivienda-2025 | ahi-canarias-2023 | ahi-frontera-2023 | ahi-decreto-canarias-2025 | canarias-jornada-2025 | canarias-regularizacion-2026 | canarias-aborto-2025 | canarias-ganaderia-2026 | canarias-cannabis-2024,2026-10-07
asg,Agrupación Socialista Gomera,planes-igualdad,¿Deberían evaluarse los resultados de los planes de igualdad de las empresas?,no_comparable_evidence,,No se ha encontrado una posición suficientemente clara en las fuentes consultadas.,,,asg-pensiones-2018 | asg-vivienda-2026 | asg-transporte-2025 | canarias-jornada-2025 | canarias-regularizacion-2026 | canarias-aborto-2025 | senado-smi-2022 | canarias-infantil-2020 | canarias-ganaderia-2026 | canarias-cadena-julio-2022 | senado-permisos-2026 | canarias-cannabis-2024,2026-10-07
bng,Bloque Nacionalista Galego,planes-igualdad,¿Deberían evaluarse los resultados de los planes de igualdad de las empresas?,no_comparable_evidence,,No se ha encontrado una posición suficientemente clara en las fuentes consultadas.,,,bng-2023 | congreso-jornada-35 | bng-galegas-2024,2026-10-07
cc,Coalición Canaria,planes-igualdad,¿Deberían evaluarse los resultados de los planes de igualdad de las empresas?,no_comparable_evidence,,No se ha encontrado una posición suficientemente clara en las fuentes consultadas.,,,cc-menores-2024 | cc-pensiones | cc-fiscalidad | cc-canarias-2023 | cc-regularizacion-2026 | canarias-jornada-2025 | canarias-regularizacion-2026 | canarias-aborto-2025 | canarias-infantil-2020 | canarias-cannabis-2024,2026-10-07
compromis,Compromís,planes-igualdad,¿Deberían evaluarse los resultados de los planes de igualdad de las empresas?,related,,Propone incentivar planes de igualdad en empresas valencianas.,https://28m.compromis.net/docs/PROGRAMA_ELECTORAL_2023_%20CAS.pdf,compromis-planes-igualdad-compromis-corts-2023-revision,congreso-jornada-2025 | compromis-sumar-2023 | compromis-alquiler-2025 | compromis-corts-2023 | compromis-generales-2011-societat | compromis-aborto-2025 | compromis-mordaza-2019 | compromis-acuerdo-2016,2026-10-07
erc,Esquerra Republicana de Catalunya,planes-igualdad,¿Deberían evaluarse los resultados de los planes de igualdad de las empresas?,related,,Propone impulsar planes de igualdad contra la brecha salarial y otras desigualdades laborales.,https://static.esquerra.cat/uploads/20240527/Programa-electoral-eleccions-Parlament-Europeu-2024.pdf,erc-planes-igualdad-erc-europeas-2024-revision,erc-2023 | congreso-jornada-2025 | erc-dental-2026 | erc-cannabis-2021 | erc-vivienda-2018 | erc-palestina-2026 | erc-industria-2026 | erc-cuestionario-pensiones | erc-europeas-2024 | erc-jornada-2024 | erc-catalunya-2024,2026-10-07
eh-bildu,Euskal Herria Bildu,planes-igualdad,¿Deberían evaluarse los resultados de los planes de igualdad de las empresas?,no_comparable_evidence,,No se ha encontrado una posición suficientemente clara en las fuentes consultadas.,,,bildu-2023 | bildu-gasteiz-programa | bildu-euskadi-2024 | navarra-nuclear-2025 | navarra-ebau-2023,2026-10-07
pnv,Euzko Alderdi Jeltzalea–Partido Nacionalista Vasco,planes-igualdad,¿Deberían evaluarse los resultados de los planes de igualdad de las empresas?,no_comparable_evidence,,No se ha encontrado una posición suficientemente clara en las fuentes consultadas.,,,pnv-2023 | congreso-jornada-2025 | pnv-euskadi-2024 | senado-smi-2022 | senado-pelotas-2021 | pnv-mordaza-2024 | pnv-irpf-2022 | pnv-palestina-2024 | pnv-fortunas-acuerdo-2023,2026-10-07
geroa-bai,Geroa Bai,planes-igualdad,¿Deberían evaluarse los resultados de los planes de igualdad de las empresas?,related,,Propone promover la elaboración e implementación de planes de igualdad en las empresas navarras.,https://geroabai.eus/files/2023/05/programa-parlamento-completo-pag-4.pdf,geroa-bai-planes-igualdad-geroa-bai-forales-2023-revision,geroa-bai-fiscalidad-2025 | geroa-bai-forales-2023 | geroa-bai-generales-2019 | navarra-nuclear-2025 | geroa-pensiones-enmienda-2014 | geroa-pelotas-2021 | navarra-ebau-2023 | geroa-irpf-2025 | geroa-bai-forales-2015,2026-10-07
iu,Izquierda Unida,planes-igualdad,¿Deberían evaluarse los resultados de los planes de igualdad de las empresas?,comparable,conditional,Propone que la Inspección de Trabajo controle planes de igualdad y revise auditorías retributivas y medidas correctoras.,https://izquierdaunida.org/wp-content/uploads/2023/07/Programa-IU-Elecciones-Generales-Jl2023.pdf,iu-planes-igualdad-ampliacion-2026 | iu-planes-igualdad-iu-2023-revision,iu-2023 | iu-jornada-2024 | iu-palestina-2024 | iu-europeas-2019 | iu-nuclear-2026 | iu-mordaza-2025,2026-10-07
junts,Junts per Catalunya,planes-igualdad,¿Deberían evaluarse los resultados de los planes de igualdad de las empresas?,no_comparable_evidence,,No se ha encontrado una posición suficientemente clara en las fuentes consultadas.,,,congreso-jornada-2025 | junts-catalunya-2024 | senado-smi-2022 | senado-pelotas-2021 | senado-cooperacion-2022,2026-10-07
mas-madrid,Más Madrid,planes-igualdad,¿Deberían evaluarse los resultados de los planes de igualdad de las empresas?,related,,Propone inspección de desigualdades laborales y apoyo a elaborar planes de igualdad.,https://programa.masmadrid.org/pdf/Comunidad%20de%20Madrid/Programa%20M%C3%A1s%20Madrid%20-%20CM%202023.pdf,mas-madrid-planes-igualdad-mas-madrid-cm-2023-revision,mas-madrid-aborto-2025 | mas-madrid-cm-2023 | mas-madrid-jornada-2024 | mas-madrid-alquiler-2026 | mas-madrid-mordaza | senado-cooperacion-2022 | mas-madrid-fortunas-carta-2023,2026-10-07
pp,Partido Popular,planes-igualdad,¿Deberían evaluarse los resultados de los planes de igualdad de las empresas?,comparable,support,Propone mejorar planes de igualdad con objetivos evaluables.,https://www.pp.es/storage/2023/07/programa_electoral_pp_23j_feijoo_2023.pdf,pp-planes-igualdad,pp-2023 | congreso-jornada-2025 | pp-pension-ipc-2026 | pp-banca-jornada | pp-jornada-2025 | canarias-regularizacion-2026 | senado-smi-2022 | canarias-cadena-julio-2022 | senado-pelotas-2021 | pp-mordaza-pnl-2021 | canarias-cannabis-2024 | pp-alquiler-2025 | pp-palestina-2024 | pp-murcia-2025,2026-10-07
psoe,Partido Socialista Obrero Español,planes-igualdad,¿Deberían evaluarse los resultados de los planes de igualdad de las empresas?,no_comparable_evidence,,No se ha encontrado una posición suficientemente clara en las fuentes consultadas.,,,psoe-2023 | psoe-mayo-2024 | psoe-palestina-discurso | psoe-alquiler-2025 | psoe-defensa-plan-2025 | psoe-aborto-pnl-indexada-2025 | senado-pelotas-2021 | psoe-mordaza-2024 | psoe-mordaza-ppl-2024 | psoe-fortunas-2025 | psoe-desahucios-2026 | canarias-cannabis-2024 | psoe-regularizacion-2026,2026-10-07
podemos,Podemos,planes-igualdad,¿Deberían evaluarse los resultados de los planes de igualdad de las empresas?,comparable,support,Defiende evaluar los planes de igualdad de las empresas en Murcia.,https://regiondemurcia.podemos.info/podemos-logra-incorporar-dictamen-empleo-haya-evaluacion-los-planes-igualdad-las-empresas-la-region-murcia/,podemos-planes-igualdad-podemos-murcia-igualdad-2017-revision,congreso-jornada-2025 | podemos-jornada-2019 | podemos-infantil-programa | podemos-alquiler-programa | podemos-pensiones-programa | podemos-smi-programa | podemos-cie-programa | podemos-cannabis-programa | podemos-vivienda-publica-programa | podemos-desahucios-programa | podemos-hidroelectricas-programa | podemos-nuclear-programa | podemos-permiso-nacimiento-programa | podemos-transporte-joven-europa | podemos-murcia-dental-2023 | podemos-murcia-regularizacion-2026 | podemos-andalucia-aborto-2023 | podemos-software-2015 | podemos-palestina-2016 | podemos-mordaza-declaracion | podemos-ganaderia-europa | podemos-tpan-europa | podemos-justicia-fiscal | podemos-murcia-igualdad-2017 | podemos-jubilacion-declaracion | podemos-cgpj-programa | podemos-cooperacion-programa,2026-10-07
sumar-2023,Sumar · coalición electoral de 2023,planes-igualdad,¿Deberían evaluarse los resultados de los planes de igualdad de las empresas?,comparable,support,Propone responsables que monitoricen el cumplimiento de los planes de igualdad e incrementar las inspecciones laborales.,https://movimientosumar.es/wp-content/uploads/2023/07/Un-Programa-para-ti.pdf,sumar-2023-planes-igualdad-ampliacion-2026,sumar-2023,2026-10-07
upn,Unión del Pueblo Navarro,planes-igualdad,¿Deberían evaluarse los resultados de los planes de igualdad de las empresas?,related,,Propone promover planes de igualdad y reconocer a empresas que justifiquen sus avances.,https://www.upn.org/wp-content/uploads/2024/01/programacastellano.pdf,upn-planes-igualdad-upn-forales-2023-revision,upn-2023 | congreso-jornada-2025 | upn-forales-2023 | navarra-nuclear-votacion-2025 | navarra-ebau-2023 | upn-alquiler-2026,2026-10-07
vox,VOX,planes-igualdad,¿Deberían evaluarse los resultados de los planes de igualdad de las empresas?,related,,Propone sustituir los planes de igualdad por políticas de estabilidad familiar y contra la brecha maternal.,https://www.votaabascal.es/assets/pdf/Programa-VOX-2023.pdf,vox-planes-igualdad-ampliacion-2026,vox-2023 | congreso-jornada-2025 | vox-cannabis-2022 | vox-defensa-2025 | vox-regularizacion-2026 | senado-pelotas-2021 | vox-mordaza-2024 | canarias-cannabis-2024 | senado-cooperacion-2022 | vox-fortunas-2024,2026-10-07
ahi,Agrupación Herreña Independiente,aborto-publico,¿Debería garantizarse el acceso a la interrupción voluntaria del embarazo en centros públicos?,related,,Defiende la libertad de decisión de las mujeres y expresa reservas sobre la fórmula de reforma constitucional propuesta.,https://www.parcan.es/pub/ds.py/2025/96/8/,ahi-aborto-publico-canarias-aborto-2025-revision,ahi-vivienda-2025 | ahi-canarias-2023 | ahi-frontera-2023 | ahi-decreto-canarias-2025 | canarias-jornada-2025 | canarias-regularizacion-2026 | canarias-aborto-2025 | canarias-ganaderia-2026 | canarias-cannabis-2024,2026-10-07
asg,Agrupación Socialista Gomera,aborto-publico,¿Debería garantizarse el acceso a la interrupción voluntaria del embarazo en centros públicos?,comparable,support,Apoya íntegramente una iniciativa que exige garantizar el aborto en el sistema sanitario público y reforzar la protección del derecho.,https://www.parcan.es/pub/ds.py/2025/96/8/,asg-aborto-publico-canarias-aborto-2025-revision,asg-pensiones-2018 | asg-vivienda-2026 | asg-transporte-2025 | canarias-jornada-2025 | canarias-regularizacion-2026 | canarias-aborto-2025 | senado-smi-2022 | canarias-infantil-2020 | canarias-ganaderia-2026 | canarias-cadena-julio-2022 | senado-permisos-2026 | canarias-cannabis-2024,2026-10-07
bng,Bloque Nacionalista Galego,aborto-publico,¿Debería garantizarse el acceso a la interrupción voluntaria del embarazo en centros públicos?,comparable,conditional,"Propone garantizar el aborto en los centros sanitarios públicos próximos a la residencia, con profesionales no objetores en todos los hospitales públicos.",https://www.bng.gal/media/bnggaliza/files/2024/01/24/24_bng_galegas_programa_goberno.pdf,bng-aborto-publico-bng-galegas-2024-revision,bng-2023 | congreso-jornada-35 | bng-galegas-2024,2026-10-07
cc,Coalición Canaria,aborto-publico,¿Debería garantizarse el acceso a la interrupción voluntaria del embarazo en centros públicos?,comparable,support,Apoya una iniciativa de garantía del aborto en la red sanitaria pública y de protección constitucional del derecho.,https://www.parcan.es/pub/ds.py/2025/96/8/,cc-aborto-publico-canarias-aborto-2025-revision,cc-menores-2024 | cc-pensiones | cc-fiscalidad | cc-canarias-2023 | cc-regularizacion-2026 | canarias-jornada-2025 | canarias-regularizacion-2026 | canarias-aborto-2025 | canarias-infantil-2020 | canarias-cannabis-2024,2026-10-07
compromis,Compromís,aborto-publico,¿Debería garantizarse el acceso a la interrupción voluntaria del embarazo en centros públicos?,comparable,conditional,Propone garantizar el acceso efectivo al aborto en el sistema público de salud y evitar derivaciones ordinarias a clínicas privadas.,https://valencia.compromis.net/2025/10/27/nomes-una-de-cada-cinc-interrupcions-voluntaries-de-lembaras-a-valencia-sha-realitzat-en-hospitals-publics/,compromis-aborto-publico-compromis-aborto-2025-revision,congreso-jornada-2025 | compromis-sumar-2023 | compromis-alquiler-2025 | compromis-corts-2023 | compromis-generales-2011-societat | compromis-aborto-2025 | compromis-mordaza-2019 | compromis-acuerdo-2016,2026-10-07
erc,Esquerra Republicana de Catalunya,aborto-publico,¿Debería garantizarse el acceso a la interrupción voluntaria del embarazo en centros públicos?,comparable,support,Propone ampliar los hospitales públicos que practican abortos quirúrgicos para garantizar equidad territorial.,https://static.esquerra.cat/uploads/20240529/c2024-programa.pdf,erc-aborto-publico-ampliacion-2026 | erc-aborto-publico-erc-catalunya-2024-revision,erc-2023 | congreso-jornada-2025 | erc-dental-2026 | erc-cannabis-2021 | erc-vivienda-2018 | erc-palestina-2026 | erc-industria-2026 | erc-cuestionario-pensiones | erc-europeas-2024 | erc-jornada-2024 | erc-catalunya-2024,2026-10-07
eh-bildu,Euskal Herria Bildu,aborto-publico,¿Debería garantizarse el acceso a la interrupción voluntaria del embarazo en centros públicos?,comparable,conditional,Propone garantizar el derecho al aborto de todas las mujeres en el sistema público de salud vasco.,https://pello.eus/wp-content/uploads/2024/04/Programa_de_Gobierno_EH_Bildu_CAS.pdf,eh-bildu-aborto-publico-bildu-euskadi-2024-revision,bildu-2023 | bildu-gasteiz-programa | bildu-euskadi-2024 | navarra-nuclear-2025 | navarra-ebau-2023,2026-10-07
pnv,Euzko Alderdi Jeltzalea–Partido Nacionalista Vasco,aborto-publico,¿Debería garantizarse el acceso a la interrupción voluntaria del embarazo en centros públicos?,no_comparable_evidence,,No se ha encontrado una posición suficientemente clara en las fuentes consultadas.,,,pnv-2023 | congreso-jornada-2025 | pnv-euskadi-2024 | senado-smi-2022 | senado-pelotas-2021 | pnv-mordaza-2024 | pnv-irpf-2022 | pnv-palestina-2024 | pnv-fortunas-acuerdo-2023,2026-10-07
geroa-bai,Geroa Bai,aborto-publico,¿Debería garantizarse el acceso a la interrupción voluntaria del embarazo en centros públicos?,comparable,conditional,"Propone garantizar la interrupción voluntaria del embarazo en Osasunbidea, el servicio público de salud navarro.",https://geroabai.eus/files/2023/05/programa-parlamento-completo-pag-4.pdf,geroa-bai-aborto-publico-geroa-bai-forales-2023-revision,geroa-bai-fiscalidad-2025 | geroa-bai-forales-2023 | geroa-bai-generales-2019 | navarra-nuclear-2025 | geroa-pensiones-enmienda-2014 | geroa-pelotas-2021 | navarra-ebau-2023 | geroa-irpf-2025 | geroa-bai-forales-2015,2026-10-07
iu,Izquierda Unida,aborto-publico,¿Debería garantizarse el acceso a la interrupción voluntaria del embarazo en centros públicos?,comparable,support,Propone garantizar por normativa autonómica la interrupción voluntaria del embarazo en la red pública.,https://izquierdaunida.org/wp-content/uploads/2023/07/Programa-IU-Elecciones-Generales-Jl2023.pdf,iu-aborto-publico-iu-2023-revision,iu-2023 | iu-jornada-2024 | iu-palestina-2024 | iu-europeas-2019 | iu-nuclear-2026 | iu-mordaza-2025,2026-10-07
junts,Junts per Catalunya,aborto-publico,¿Debería garantizarse el acceso a la interrupción voluntaria del embarazo en centros públicos?,related,,Propone garantizar el derecho al aborto farmacológico y quirúrgico en todo el territorio catalán.,https://carlespuigdemont.cat/wp-content/uploads/2024/04/PROGRAMA-DE-GOVERN.pdf,junts-aborto-publico-junts-catalunya-2024-revision,congreso-jornada-2025 | junts-catalunya-2024 | senado-smi-2022 | senado-pelotas-2021 | senado-cooperacion-2022,2026-10-07
mas-madrid,Más Madrid,aborto-publico,¿Debería garantizarse el acceso a la interrupción voluntaria del embarazo en centros públicos?,comparable,conditional,Propone financiación para garantizar el aborto en la sanidad pública madrileña sin derivaciones al sector privado.,https://masmadrid.org/mas-madrid-plan-aborto-sanidad-publica-madrid/,mas-madrid-aborto-publico-mas-madrid-aborto-2025,mas-madrid-aborto-2025 | mas-madrid-cm-2023 | mas-madrid-jornada-2024 | mas-madrid-alquiler-2026 | mas-madrid-mordaza | senado-cooperacion-2022 | mas-madrid-fortunas-carta-2023,2026-10-07
pp,Partido Popular,aborto-publico,¿Debería garantizarse el acceso a la interrupción voluntaria del embarazo en centros públicos?,related,,Propone exigir consentimiento de los titulares de la patria potestad para el aborto de menores.,https://www.pp.es/storage/2023/07/programa_electoral_pp_23j_feijoo_2023.pdf,pp-aborto-publico-ampliacion-2026,pp-2023 | congreso-jornada-2025 | pp-pension-ipc-2026 | pp-banca-jornada | pp-jornada-2025 | canarias-regularizacion-2026 | senado-smi-2022 | canarias-cadena-julio-2022 | senado-pelotas-2021 | pp-mordaza-pnl-2021 | canarias-cannabis-2024 | pp-alquiler-2025 | pp-palestina-2024 | pp-murcia-2025,2026-10-07
psoe,Partido Socialista Obrero Español,aborto-publico,¿Debería garantizarse el acceso a la interrupción voluntaria del embarazo en centros públicos?,comparable,support,"Propone eliminar obstáculos al aborto en el sistema público y garantizar igualdad, universalidad y calidad de la prestación.",https://www.psoe.es/media-content/2025/10/251017-PNL-interrupci%C3%B3n-embarazo.pdf,psoe-aborto-publico-ampliacion-2026 | psoe-aborto-publico-psoe-aborto-pnl-indexada-2025-revision,psoe-2023 | psoe-mayo-2024 | psoe-palestina-discurso | psoe-alquiler-2025 | psoe-defensa-plan-2025 | psoe-aborto-pnl-indexada-2025 | senado-pelotas-2021 | psoe-mordaza-2024 | psoe-mordaza-ppl-2024 | psoe-fortunas-2025 | psoe-desahucios-2026 | canarias-cannabis-2024 | psoe-regularizacion-2026,2026-10-07
podemos,Podemos,aborto-publico,¿Debería garantizarse el acceso a la interrupción voluntaria del embarazo en centros públicos?,comparable,conditional,Exige garantizar el acceso a la interrupción voluntaria del embarazo en la sanidad pública de Jaén.,https://andalucia.podemos.info/2023/09/29/podemos-exige-al-gobierno-andaluz-que-garantice-el-acceso-a-la-interrupcion-voluntaria-del-embarazo-en-jaen/,podemos-aborto-publico-podemos-andalucia-aborto-2023-revision,congreso-jornada-2025 | podemos-jornada-2019 | podemos-infantil-programa | podemos-alquiler-programa | podemos-pensiones-programa | podemos-smi-programa | podemos-cie-programa | podemos-cannabis-programa | podemos-vivienda-publica-programa | podemos-desahucios-programa | podemos-hidroelectricas-programa | podemos-nuclear-programa | podemos-permiso-nacimiento-programa | podemos-transporte-joven-europa | podemos-murcia-dental-2023 | podemos-murcia-regularizacion-2026 | podemos-andalucia-aborto-2023 | podemos-software-2015 | podemos-palestina-2016 | podemos-mordaza-declaracion | podemos-ganaderia-europa | podemos-tpan-europa | podemos-justicia-fiscal | podemos-murcia-igualdad-2017 | podemos-jubilacion-declaracion | podemos-cgpj-programa | podemos-cooperacion-programa,2026-10-07
sumar-2023,Sumar · coalición electoral de 2023,aborto-publico,¿Debería garantizarse el acceso a la interrupción voluntaria del embarazo en centros públicos?,comparable,support,Propone garantizar la interrupción del embarazo en la red sanitaria pública.,https://movimientosumar.es/wp-content/uploads/2023/07/Un-Programa-para-ti.pdf,sumar-2023-aborto-publico,sumar-2023,2026-10-07
upn,Unión del Pueblo Navarro,aborto-publico,¿Debería garantizarse el acceso a la interrupción voluntaria del embarazo en centros públicos?,no_comparable_evidence,,No se ha encontrado una posición suficientemente clara en las fuentes consultadas.,,,upn-2023 | congreso-jornada-2025 | upn-forales-2023 | navarra-nuclear-votacion-2025 | navarra-ebau-2023 | upn-alquiler-2026,2026-10-07
vox,VOX,aborto-publico,¿Debería garantizarse el acceso a la interrupción voluntaria del embarazo en centros públicos?,comparable,oppose,Propone suprimir de la sanidad pública las intervenciones de aborto.,https://www.votaabascal.es/assets/pdf/Programa-VOX-2023.pdf,vox-aborto-publico,vox-2023 | congreso-jornada-2025 | vox-cannabis-2022 | vox-defensa-2025 | vox-regularizacion-2026 | senado-pelotas-2021 | vox-mordaza-2024 | canarias-cannabis-2024 | senado-cooperacion-2022 | vox-fortunas-2024,2026-10-07
ahi,Agrupación Herreña Independiente,permiso-nacimiento,¿Deberían ampliarse los permisos retribuidos por nacimiento?,no_comparable_evidence,,No se ha encontrado una posición suficientemente clara en las fuentes consultadas.,,,ahi-vivienda-2025 | ahi-canarias-2023 | ahi-frontera-2023 | ahi-decreto-canarias-2025 | canarias-jornada-2025 | canarias-regularizacion-2026 | canarias-aborto-2025 | canarias-ganaderia-2026 | canarias-cannabis-2024,2026-10-07
asg,Agrupación Socialista Gomera,permiso-nacimiento,¿Deberían ampliarse los permisos retribuidos por nacimiento?,related,,Valora positivamente la equiparación y ampliación de permisos ya producida y defiende mejorar la conciliación con diálogo y apoyo a las pymes.,https://www.senado.es/legis15/publicaciones/pdf/senado/ds/DS_C_15_692.PDF,asg-permiso-nacimiento-senado-permisos-2026-revision,asg-pensiones-2018 | asg-vivienda-2026 | asg-transporte-2025 | canarias-jornada-2025 | canarias-regularizacion-2026 | canarias-aborto-2025 | senado-smi-2022 | canarias-infantil-2020 | canarias-ganaderia-2026 | canarias-cadena-julio-2022 | senado-permisos-2026 | canarias-cannabis-2024,2026-10-07
bng,Bloque Nacionalista Galego,permiso-nacimiento,¿Deberían ampliarse los permisos retribuidos por nacimiento?,no_comparable_evidence,,No se ha encontrado una posición suficientemente clara en las fuentes consultadas.,,,bng-2023 | congreso-jornada-35 | bng-galegas-2024,2026-10-07
cc,Coalición Canaria,permiso-nacimiento,¿Deberían ampliarse los permisos retribuidos por nacimiento?,no_comparable_evidence,,No se ha encontrado una posición suficientemente clara en las fuentes consultadas.,,,cc-menores-2024 | cc-pensiones | cc-fiscalidad | cc-canarias-2023 | cc-regularizacion-2026 | canarias-jornada-2025 | canarias-regularizacion-2026 | canarias-aborto-2025 | canarias-infantil-2020 | canarias-cannabis-2024,2026-10-07
compromis,Compromís,permiso-nacimiento,¿Deberían ampliarse los permisos retribuidos por nacimiento?,related,,"Propone ampliar permisos por nacimiento a seis meses por progenitor, directamente para el funcionariado y con incentivos a empresas.",https://28m.compromis.net/docs/PROGRAMA_ELECTORAL_2023_%20CAS.pdf,compromis-permiso-nacimiento-compromis-corts-2023-revision,congreso-jornada-2025 | compromis-sumar-2023 | compromis-alquiler-2025 | compromis-corts-2023 | compromis-generales-2011-societat | compromis-aborto-2025 | compromis-mordaza-2019 | compromis-acuerdo-2016,2026-10-07
erc,Esquerra Republicana de Catalunya,permiso-nacimiento,¿Deberían ampliarse los permisos retribuidos por nacimiento?,related,,Propone ampliar el permiso de maternidad a seis meses para facilitar la lactancia.,https://static.esquerra.cat/uploads/20230905/e2023-programa.pdf,erc-permiso-nacimiento-ampliacion-2026,erc-2023 | congreso-jornada-2025 | erc-dental-2026 | erc-cannabis-2021 | erc-vivienda-2018 | erc-palestina-2026 | erc-industria-2026 | erc-cuestionario-pensiones | erc-europeas-2024 | erc-jornada-2024 | erc-catalunya-2024,2026-10-07
eh-bildu,Euskal Herria Bildu,permiso-nacimiento,¿Deberían ampliarse los permisos retribuidos por nacimiento?,no_comparable_evidence,,No se ha encontrado una posición suficientemente clara en las fuentes consultadas.,,,bildu-2023 | bildu-gasteiz-programa | bildu-euskadi-2024 | navarra-nuclear-2025 | navarra-ebau-2023,2026-10-07
pnv,Euzko Alderdi Jeltzalea–Partido Nacionalista Vasco,permiso-nacimiento,¿Deberían ampliarse los permisos retribuidos por nacimiento?,related,,Propone extender los permisos de maternidad y paternidad a veinticuatro semanas iguales e intransferibles.,https://www.eaj-pnv.eus/es/adjuntos-documentos/21243/pdf/programa-electoral-21a,pnv-permiso-nacimiento-pnv-euskadi-2024-revision,pnv-2023 | congreso-jornada-2025 | pnv-euskadi-2024 | senado-smi-2022 | senado-pelotas-2021 | pnv-mordaza-2024 | pnv-irpf-2022 | pnv-palestina-2024 | pnv-fortunas-acuerdo-2023,2026-10-07
geroa-bai,Geroa Bai,permiso-nacimiento,¿Deberían ampliarse los permisos retribuidos por nacimiento?,no_comparable_evidence,,No se ha encontrado una posición suficientemente clara en las fuentes consultadas.,,,geroa-bai-fiscalidad-2025 | geroa-bai-forales-2023 | geroa-bai-generales-2019 | navarra-nuclear-2025 | geroa-pensiones-enmienda-2014 | geroa-pelotas-2021 | navarra-ebau-2023 | geroa-irpf-2025 | geroa-bai-forales-2015,2026-10-07
iu,Izquierda Unida,permiso-nacimiento,¿Deberían ampliarse los permisos retribuidos por nacimiento?,no_comparable_evidence,,No se ha encontrado una posición suficientemente clara en las fuentes consultadas.,,,iu-2023 | iu-jornada-2024 | iu-palestina-2024 | iu-europeas-2019 | iu-nuclear-2026 | iu-mordaza-2025,2026-10-07
junts,Junts per Catalunya,permiso-nacimiento,¿Deberían ampliarse los permisos retribuidos por nacimiento?,no_comparable_evidence,,No se ha encontrado una posición suficientemente clara en las fuentes consultadas.,,,congreso-jornada-2025 | junts-catalunya-2024 | senado-smi-2022 | senado-pelotas-2021 | senado-cooperacion-2022,2026-10-07
mas-madrid,Más Madrid,permiso-nacimiento,¿Deberían ampliarse los permisos retribuidos por nacimiento?,related,,Propone duplicar permisos de maternidad para funcionarias y trabajadoras autonómicas de familias monoparentales.,https://programa.masmadrid.org/pdf/Comunidad%20de%20Madrid/Programa%20M%C3%A1s%20Madrid%20-%20CM%202023.pdf,mas-madrid-permiso-nacimiento-mas-madrid-cm-2023-revision,mas-madrid-aborto-2025 | mas-madrid-cm-2023 | mas-madrid-jornada-2024 | mas-madrid-alquiler-2026 | mas-madrid-mordaza | senado-cooperacion-2022 | mas-madrid-fortunas-carta-2023,2026-10-07
pp,Partido Popular,permiso-nacimiento,¿Deberían ampliarse los permisos retribuidos por nacimiento?,comparable,conditional,Propone ampliar permisos de familias monoparentales; su alcance no equivale a una ampliación general.,https://www.pp.es/storage/2023/07/programa_electoral_pp_23j_feijoo_2023.pdf,pp-permiso-nacimiento,pp-2023 | congreso-jornada-2025 | pp-pension-ipc-2026 | pp-banca-jornada | pp-jornada-2025 | canarias-regularizacion-2026 | senado-smi-2022 | canarias-cadena-julio-2022 | senado-pelotas-2021 | pp-mordaza-pnl-2021 | canarias-cannabis-2024 | pp-alquiler-2025 | pp-palestina-2024 | pp-murcia-2025,2026-10-07
psoe,Partido Socialista Obrero Español,permiso-nacimiento,¿Deberían ampliarse los permisos retribuidos por nacimiento?,comparable,support,Propone ampliar permisos por nacimiento a 20 semanas.,https://xn--espaaavanza-4db.es/wp-content/uploads/2023/07/PROGRAMA_ELECTORAL-GENERALES-2023.pdf,psoe-permiso-nacimiento,psoe-2023 | psoe-mayo-2024 | psoe-palestina-discurso | psoe-alquiler-2025 | psoe-defensa-plan-2025 | psoe-aborto-pnl-indexada-2025 | senado-pelotas-2021 | psoe-mordaza-2024 | psoe-mordaza-ppl-2024 | psoe-fortunas-2025 | psoe-desahucios-2026 | canarias-cannabis-2024 | psoe-regularizacion-2026,2026-10-07
podemos,Podemos,permiso-nacimiento,¿Deberían ampliarse los permisos retribuidos por nacimiento?,comparable,support,"Propone ampliar los permisos por nacimiento hasta veinticuatro semanas por progenitor, remuneradas al cien por cien de la base reguladora.",https://podemos.info/medida/permisos-por-nacimiento-y-cuidado-del-menor-iguales-e-intransferibles/,podemos-permiso-nacimiento-podemos-permiso-nacimiento-programa-revision,congreso-jornada-2025 | podemos-jornada-2019 | podemos-infantil-programa | podemos-alquiler-programa | podemos-pensiones-programa | podemos-smi-programa | podemos-cie-programa | podemos-cannabis-programa | podemos-vivienda-publica-programa | podemos-desahucios-programa | podemos-hidroelectricas-programa | podemos-nuclear-programa | podemos-permiso-nacimiento-programa | podemos-transporte-joven-europa | podemos-murcia-dental-2023 | podemos-murcia-regularizacion-2026 | podemos-andalucia-aborto-2023 | podemos-software-2015 | podemos-palestina-2016 | podemos-mordaza-declaracion | podemos-ganaderia-europa | podemos-tpan-europa | podemos-justicia-fiscal | podemos-murcia-igualdad-2017 | podemos-jubilacion-declaracion | podemos-cgpj-programa | podemos-cooperacion-programa,2026-10-07
sumar-2023,Sumar · coalición electoral de 2023,permiso-nacimiento,¿Deberían ampliarse los permisos retribuidos por nacimiento?,comparable,support,Propone ampliar progresivamente los permisos por maternidad o paternidad hasta seis meses y garantizar su remuneración.,https://movimientosumar.es/wp-content/uploads/2023/07/Un-Programa-para-ti.pdf,sumar-2023-permiso-nacimiento-ampliacion-2026,sumar-2023,2026-10-07
upn,Unión del Pueblo Navarro,permiso-nacimiento,¿Deberían ampliarse los permisos retribuidos por nacimiento?,no_comparable_evidence,,No se ha encontrado una posición suficientemente clara en las fuentes consultadas.,,,upn-2023 | congreso-jornada-2025 | upn-forales-2023 | navarra-nuclear-votacion-2025 | navarra-ebau-2023 | upn-alquiler-2026,2026-10-07
vox,VOX,permiso-nacimiento,¿Deberían ampliarse los permisos retribuidos por nacimiento?,no_comparable_evidence,,No se ha encontrado una posición suficientemente clara en las fuentes consultadas.,,,vox-2023 | congreso-jornada-2025 | vox-cannabis-2022 | vox-defensa-2025 | vox-regularizacion-2026 | senado-pelotas-2021 | vox-mordaza-2024 | canarias-cannabis-2024 | senado-cooperacion-2022 | vox-fortunas-2024,2026-10-07
ahi,Agrupación Herreña Independiente,crianza,¿Debería crearse una prestación económica por crianza hasta los 18 años?,no_comparable_evidence,,No se ha encontrado una posición suficientemente clara en las fuentes consultadas.,,,ahi-vivienda-2025 | ahi-canarias-2023 | ahi-frontera-2023 | ahi-decreto-canarias-2025 | canarias-jornada-2025 | canarias-regularizacion-2026 | canarias-aborto-2025 | canarias-ganaderia-2026 | canarias-cannabis-2024,2026-10-07
asg,Agrupación Socialista Gomera,crianza,¿Debería crearse una prestación económica por crianza hasta los 18 años?,no_comparable_evidence,,No se ha encontrado una posición suficientemente clara en las fuentes consultadas.,,,asg-pensiones-2018 | asg-vivienda-2026 | asg-transporte-2025 | canarias-jornada-2025 | canarias-regularizacion-2026 | canarias-aborto-2025 | senado-smi-2022 | canarias-infantil-2020 | canarias-ganaderia-2026 | canarias-cadena-julio-2022 | senado-permisos-2026 | canarias-cannabis-2024,2026-10-07
bng,Bloque Nacionalista Galego,crianza,¿Debería crearse una prestación económica por crianza hasta los 18 años?,no_comparable_evidence,,No se ha encontrado una posición suficientemente clara en las fuentes consultadas.,,,bng-2023 | congreso-jornada-35 | bng-galegas-2024,2026-10-07
cc,Coalición Canaria,crianza,¿Debería crearse una prestación económica por crianza hasta los 18 años?,no_comparable_evidence,,No se ha encontrado una posición suficientemente clara en las fuentes consultadas.,,,cc-menores-2024 | cc-pensiones | cc-fiscalidad | cc-canarias-2023 | cc-regularizacion-2026 | canarias-jornada-2025 | canarias-regularizacion-2026 | canarias-aborto-2025 | canarias-infantil-2020 | canarias-cannabis-2024,2026-10-07
compromis,Compromís,crianza,¿Debería crearse una prestación económica por crianza hasta los 18 años?,no_comparable_evidence,,No se ha encontrado una posición suficientemente clara en las fuentes consultadas.,,,congreso-jornada-2025 | compromis-sumar-2023 | compromis-alquiler-2025 | compromis-corts-2023 | compromis-generales-2011-societat | compromis-aborto-2025 | compromis-mordaza-2019 | compromis-acuerdo-2016,2026-10-07
erc,Esquerra Republicana de Catalunya,crianza,¿Debería crearse una prestación económica por crianza hasta los 18 años?,related,,Propone una prestación universal por crianza de hijos. | Exige al Estado una prestación universal de apoyo a la crianza.,https://static.esquerra.cat/uploads/20230905/e2023-programa.pdf | https://static.esquerra.cat/uploads/20240529/c2024-programa.pdf,erc-crianza-ampliacion-2026 | erc-crianza-erc-catalunya-2024-revision,erc-2023 | congreso-jornada-2025 | erc-dental-2026 | erc-cannabis-2021 | erc-vivienda-2018 | erc-palestina-2026 | erc-industria-2026 | erc-cuestionario-pensiones | erc-europeas-2024 | erc-jornada-2024 | erc-catalunya-2024,2026-10-07
eh-bildu,Euskal Herria Bildu,crianza,¿Debería crearse una prestación económica por crianza hasta los 18 años?,comparable,conditional,Propone una prestación universal de doscientos euros por la crianza de hijos e hijas hasta al menos dieciocho años.,https://pello.eus/wp-content/uploads/2024/04/Programa_de_Gobierno_EH_Bildu_CAS.pdf,eh-bildu-crianza-bildu-euskadi-2024-revision,bildu-2023 | bildu-gasteiz-programa | bildu-euskadi-2024 | navarra-nuclear-2025 | navarra-ebau-2023,2026-10-07
pnv,Euzko Alderdi Jeltzalea–Partido Nacionalista Vasco,crianza,¿Debería crearse una prestación económica por crianza hasta los 18 años?,related,,"Propone extender la ayuda de doscientos euros por hijo hasta siete años, y hasta diez para familias numerosas y monoparentales.",https://www.eaj-pnv.eus/es/adjuntos-documentos/21243/pdf/programa-electoral-21a,pnv-crianza-pnv-euskadi-2024-revision,pnv-2023 | congreso-jornada-2025 | pnv-euskadi-2024 | senado-smi-2022 | senado-pelotas-2021 | pnv-mordaza-2024 | pnv-irpf-2022 | pnv-palestina-2024 | pnv-fortunas-acuerdo-2023,2026-10-07
geroa-bai,Geroa Bai,crianza,¿Debería crearse una prestación económica por crianza hasta los 18 años?,no_comparable_evidence,,No se ha encontrado una posición suficientemente clara en las fuentes consultadas.,,,geroa-bai-fiscalidad-2025 | geroa-bai-forales-2023 | geroa-bai-generales-2019 | navarra-nuclear-2025 | geroa-pensiones-enmienda-2014 | geroa-pelotas-2021 | navarra-ebau-2023 | geroa-irpf-2025 | geroa-bai-forales-2015,2026-10-07
iu,Izquierda Unida,crianza,¿Debería crearse una prestación económica por crianza hasta los 18 años?,no_comparable_evidence,,No se ha encontrado una posición suficientemente clara en las fuentes consultadas.,,,iu-2023 | iu-jornada-2024 | iu-palestina-2024 | iu-europeas-2019 | iu-nuclear-2026 | iu-mordaza-2025,2026-10-07
junts,Junts per Catalunya,crianza,¿Debería crearse una prestación económica por crianza hasta los 18 años?,no_comparable_evidence,,No se ha encontrado una posición suficientemente clara en las fuentes consultadas.,,,congreso-jornada-2025 | junts-catalunya-2024 | senado-smi-2022 | senado-pelotas-2021 | senado-cooperacion-2022,2026-10-07
mas-madrid,Más Madrid,crianza,¿Debería crearse una prestación económica por crianza hasta los 18 años?,related,,Propone una prestación por hijo o hija a cargo que alcance progresivamente la universalidad para menores de cero a dieciséis años.,https://programa.masmadrid.org/pdf/Comunidad%20de%20Madrid/Programa%20M%C3%A1s%20Madrid%20-%20CM%202023.pdf,mas-madrid-crianza-mas-madrid-cm-2023-revision,mas-madrid-aborto-2025 | mas-madrid-cm-2023 | mas-madrid-jornada-2024 | mas-madrid-alquiler-2026 | mas-madrid-mordaza | senado-cooperacion-2022 | mas-madrid-fortunas-carta-2023,2026-10-07
pp,Partido Popular,crianza,¿Debería crearse una prestación económica por crianza hasta los 18 años?,no_comparable_evidence,,No se ha encontrado una posición suficientemente clara en las fuentes consultadas.,,,pp-2023 | congreso-jornada-2025 | pp-pension-ipc-2026 | pp-banca-jornada | pp-jornada-2025 | canarias-regularizacion-2026 | senado-smi-2022 | canarias-cadena-julio-2022 | senado-pelotas-2021 | pp-mordaza-pnl-2021 | canarias-cannabis-2024 | pp-alquiler-2025 | pp-palestina-2024 | pp-murcia-2025,2026-10-07
psoe,Partido Socialista Obrero Español,crianza,¿Debería crearse una prestación económica por crianza hasta los 18 años?,related,,Propone una prestación por crianza para familias con menores a cargo; el fragmento no fija el límite de 18 años.,https://xn--espaaavanza-4db.es/wp-content/uploads/2023/07/PROGRAMA_ELECTORAL-GENERALES-2023.pdf,psoe-crianza,psoe-2023 | psoe-mayo-2024 | psoe-palestina-discurso | psoe-alquiler-2025 | psoe-defensa-plan-2025 | psoe-aborto-pnl-indexada-2025 | senado-pelotas-2021 | psoe-mordaza-2024 | psoe-mordaza-ppl-2024 | psoe-fortunas-2025 | psoe-desahucios-2026 | canarias-cannabis-2024 | psoe-regularizacion-2026,2026-10-07
podemos,Podemos,crianza,¿Debería crearse una prestación económica por crianza hasta los 18 años?,no_comparable_evidence,,No se ha encontrado una posición suficientemente clara en las fuentes consultadas.,,,congreso-jornada-2025 | podemos-jornada-2019 | podemos-infantil-programa | podemos-alquiler-programa | podemos-pensiones-programa | podemos-smi-programa | podemos-cie-programa | podemos-cannabis-programa | podemos-vivienda-publica-programa | podemos-desahucios-programa | podemos-hidroelectricas-programa | podemos-nuclear-programa | podemos-permiso-nacimiento-programa | podemos-transporte-joven-europa | podemos-murcia-dental-2023 | podemos-murcia-regularizacion-2026 | podemos-andalucia-aborto-2023 | podemos-software-2015 | podemos-palestina-2016 | podemos-mordaza-declaracion | podemos-ganaderia-europa | podemos-tpan-europa | podemos-justicia-fiscal | podemos-murcia-igualdad-2017 | podemos-jubilacion-declaracion | podemos-cgpj-programa | podemos-cooperacion-programa,2026-10-07
sumar-2023,Sumar · coalición electoral de 2023,crianza,¿Debería crearse una prestación económica por crianza hasta los 18 años?,comparable,support,Propone una prestación por crianza hasta los 18 años que unifique ayudas existentes.,https://movimientosumar.es/wp-content/uploads/2023/07/Un-Programa-para-ti.pdf,sumar-2023-crianza,sumar-2023,2026-10-07
upn,Unión del Pueblo Navarro,crianza,¿Debería crearse una prestación económica por crianza hasta los 18 años?,no_comparable_evidence,,No se ha encontrado una posición suficientemente clara en las fuentes consultadas.,,,upn-2023 | congreso-jornada-2025 | upn-forales-2023 | navarra-nuclear-votacion-2025 | navarra-ebau-2023 | upn-alquiler-2026,2026-10-07
vox,VOX,crianza,¿Debería crearse una prestación económica por crianza hasta los 18 años?,no_comparable_evidence,,No se ha encontrado una posición suficientemente clara en las fuentes consultadas.,,,vox-2023 | congreso-jornada-2025 | vox-cannabis-2022 | vox-defensa-2025 | vox-regularizacion-2026 | senado-pelotas-2021 | vox-mordaza-2024 | canarias-cannabis-2024 | senado-cooperacion-2022 | vox-fortunas-2024,2026-10-07
ahi,Agrupación Herreña Independiente,nuclear,¿Debería prolongarse la vida de las centrales nucleares existentes?,no_comparable_evidence,,No se ha encontrado una posición suficientemente clara en las fuentes consultadas.,,,ahi-vivienda-2025 | ahi-canarias-2023 | ahi-frontera-2023 | ahi-decreto-canarias-2025 | canarias-jornada-2025 | canarias-regularizacion-2026 | canarias-aborto-2025 | canarias-ganaderia-2026 | canarias-cannabis-2024,2026-10-07
asg,Agrupación Socialista Gomera,nuclear,¿Debería prolongarse la vida de las centrales nucleares existentes?,no_comparable_evidence,,No se ha encontrado una posición suficientemente clara en las fuentes consultadas.,,,asg-pensiones-2018 | asg-vivienda-2026 | asg-transporte-2025 | canarias-jornada-2025 | canarias-regularizacion-2026 | canarias-aborto-2025 | senado-smi-2022 | canarias-infantil-2020 | canarias-ganaderia-2026 | canarias-cadena-julio-2022 | senado-permisos-2026 | canarias-cannabis-2024,2026-10-07
bng,Bloque Nacionalista Galego,nuclear,¿Debería prolongarse la vida de las centrales nucleares existentes?,related,,Defiende evitar nuevas centrales nucleares y depósitos de residuos en Galicia.,https://www.bng.gal/media/bnggaliza/files/2024/01/24/24_bng_galegas_programa_goberno.pdf,bng-nuclear-bng-galegas-2024-revision,bng-2023 | congreso-jornada-35 | bng-galegas-2024,2026-10-07
cc,Coalición Canaria,nuclear,¿Debería prolongarse la vida de las centrales nucleares existentes?,no_comparable_evidence,,No se ha encontrado una posición suficientemente clara en las fuentes consultadas.,,,cc-menores-2024 | cc-pensiones | cc-fiscalidad | cc-canarias-2023 | cc-regularizacion-2026 | canarias-jornada-2025 | canarias-regularizacion-2026 | canarias-aborto-2025 | canarias-infantil-2020 | canarias-cannabis-2024,2026-10-07
compromis,Compromís,nuclear,¿Debería prolongarse la vida de las centrales nucleares existentes?,comparable,conditional,Propone exigir al Estado un calendario de cierre definitivo de Cofrentes y un plan para su entorno.,https://28m.compromis.net/docs/PROGRAMA_ELECTORAL_2023_%20CAS.pdf,compromis-nuclear-compromis-corts-2023-revision,congreso-jornada-2025 | compromis-sumar-2023 | compromis-alquiler-2025 | compromis-corts-2023 | compromis-generales-2011-societat | compromis-aborto-2025 | compromis-mordaza-2019 | compromis-acuerdo-2016,2026-10-07
erc,Esquerra Republicana de Catalunya,nuclear,¿Debería prolongarse la vida de las centrales nucleares existentes?,comparable,conditional,Propone eliminar todas las energías no renovables para 2040 dentro de la transición europea.,https://static.esquerra.cat/uploads/20240527/Programa-electoral-eleccions-Parlament-Europeu-2024.pdf,erc-nuclear-erc-europeas-2024-revision,erc-2023 | congreso-jornada-2025 | erc-dental-2026 | erc-cannabis-2021 | erc-vivienda-2018 | erc-palestina-2026 | erc-industria-2026 | erc-cuestionario-pensiones | erc-europeas-2024 | erc-jornada-2024 | erc-catalunya-2024,2026-10-07
eh-bildu,Euskal Herria Bildu,nuclear,¿Debería prolongarse la vida de las centrales nucleares existentes?,comparable,oppose,Rechaza mantener centrales nucleares para garantizar su explotación hasta 2050 y defiende energía renovable al servicio del interés común.,https://parlamentodenavarra.es/sites/default/files/diarios-sesiones/Plen11069.pdf,eh-bildu-nuclear-navarra-nuclear-2025-revision,bildu-2023 | bildu-gasteiz-programa | bildu-euskadi-2024 | navarra-nuclear-2025 | navarra-ebau-2023,2026-10-07
pnv,Euzko Alderdi Jeltzalea–Partido Nacionalista Vasco,nuclear,¿Debería prolongarse la vida de las centrales nucleares existentes?,no_comparable_evidence,,No se ha encontrado una posición suficientemente clara en las fuentes consultadas.,,,pnv-2023 | congreso-jornada-2025 | pnv-euskadi-2024 | senado-smi-2022 | senado-pelotas-2021 | pnv-mordaza-2024 | pnv-irpf-2022 | pnv-palestina-2024 | pnv-fortunas-acuerdo-2023,2026-10-07
geroa-bai,Geroa Bai,nuclear,¿Debería prolongarse la vida de las centrales nucleares existentes?,comparable,oppose,"Defiende respetar el calendario de cierre de las centrales existentes, sin ampliar su vida útil.",https://parlamentodenavarra.es/sites/default/files/diarios-sesiones/Plen11069.pdf,geroa-bai-nuclear-navarra-nuclear-2025-revision,geroa-bai-fiscalidad-2025 | geroa-bai-forales-2023 | geroa-bai-generales-2019 | navarra-nuclear-2025 | geroa-pensiones-enmienda-2014 | geroa-pelotas-2021 | navarra-ebau-2023 | geroa-irpf-2025 | geroa-bai-forales-2015,2026-10-07
iu,Izquierda Unida,nuclear,¿Debería prolongarse la vida de las centrales nucleares existentes?,comparable,oppose,Rechaza ampliar la vida útil de Almaraz y defiende blindar los cierres para evitar más prórrogas nucleares.,https://izquierdaunida.org/2026/08/14/maillo-traslada-el-absoluto-desacuerdo-de-iu-con-ampliar-la-vida-util-de-la-central-de-almaraz-y-plantea-una-estrategia-de-blindaje-de-cierres-para-que-no-sea-el-principio-d/,iu-nuclear-iu-nuclear-2026-revision,iu-2023 | iu-jornada-2024 | iu-palestina-2024 | iu-europeas-2019 | iu-nuclear-2026 | iu-mordaza-2025,2026-10-07
junts,Junts per Catalunya,nuclear,¿Debería prolongarse la vida de las centrales nucleares existentes?,no_comparable_evidence,,No se ha encontrado una posición suficientemente clara en las fuentes consultadas.,,,congreso-jornada-2025 | junts-catalunya-2024 | senado-smi-2022 | senado-pelotas-2021 | senado-cooperacion-2022,2026-10-07
mas-madrid,Más Madrid,nuclear,¿Debería prolongarse la vida de las centrales nucleares existentes?,no_comparable_evidence,,No se ha encontrado una posición suficientemente clara en las fuentes consultadas.,,,mas-madrid-aborto-2025 | mas-madrid-cm-2023 | mas-madrid-jornada-2024 | mas-madrid-alquiler-2026 | mas-madrid-mordaza | senado-cooperacion-2022 | mas-madrid-fortunas-carta-2023,2026-10-07
pp,Partido Popular,nuclear,¿Debería prolongarse la vida de las centrales nucleares existentes?,comparable,support,Propone extender la vida útil de centrales existentes con autorización del Consejo de Seguridad Nuclear.,https://www.pp.es/storage/2023/07/programa_electoral_pp_23j_feijoo_2023.pdf,pp-nuclear,pp-2023 | congreso-jornada-2025 | pp-pension-ipc-2026 | pp-banca-jornada | pp-jornada-2025 | canarias-regularizacion-2026 | senado-smi-2022 | canarias-cadena-julio-2022 | senado-pelotas-2021 | pp-mordaza-pnl-2021 | canarias-cannabis-2024 | pp-alquiler-2025 | pp-palestina-2024 | pp-murcia-2025,2026-10-07
psoe,Partido Socialista Obrero Español,nuclear,¿Debería prolongarse la vida de las centrales nucleares existentes?,comparable,oppose,Propone seguir con el desmantelamiento progresivo y ordenado de las centrales nucleares.,https://xn--espaaavanza-4db.es/wp-content/uploads/2023/07/PROGRAMA_ELECTORAL-GENERALES-2023.pdf,psoe-nuclear,psoe-2023 | psoe-mayo-2024 | psoe-palestina-discurso | psoe-alquiler-2025 | psoe-defensa-plan-2025 | psoe-aborto-pnl-indexada-2025 | senado-pelotas-2021 | psoe-mordaza-2024 | psoe-mordaza-ppl-2024 | psoe-fortunas-2025 | psoe-desahucios-2026 | canarias-cannabis-2024 | psoe-regularizacion-2026,2026-10-07
podemos,Podemos,nuclear,¿Debería prolongarse la vida de las centrales nucleares existentes?,comparable,conditional,Propone cerrar las centrales nucleares con creación previa de empleo alternativo.,https://podemos.info/medida/objetivos-de-cierre-de-las-centrales-de-carbon-antes-del-final-de-2025-y-siempre-garantizando-el-uso-de-carbon-nacional-y-de-las-centrales-nucleares-antes-del-final-de-2024/,podemos-nuclear-podemos-nuclear-programa-revision,congreso-jornada-2025 | podemos-jornada-2019 | podemos-infantil-programa | podemos-alquiler-programa | podemos-pensiones-programa | podemos-smi-programa | podemos-cie-programa | podemos-cannabis-programa | podemos-vivienda-publica-programa | podemos-desahucios-programa | podemos-hidroelectricas-programa | podemos-nuclear-programa | podemos-permiso-nacimiento-programa | podemos-transporte-joven-europa | podemos-murcia-dental-2023 | podemos-murcia-regularizacion-2026 | podemos-andalucia-aborto-2023 | podemos-software-2015 | podemos-palestina-2016 | podemos-mordaza-declaracion | podemos-ganaderia-europa | podemos-tpan-europa | podemos-justicia-fiscal | podemos-murcia-igualdad-2017 | podemos-jubilacion-declaracion | podemos-cgpj-programa | podemos-cooperacion-programa,2026-10-07
sumar-2023,Sumar · coalición electoral de 2023,nuclear,¿Debería prolongarse la vida de las centrales nucleares existentes?,comparable,oppose,Se compromete a mantener el calendario de cierre de las centrales nucleares y aplicar una moratoria a nuevas iniciativas.,https://movimientosumar.es/wp-content/uploads/2023/07/Un-Programa-para-ti.pdf,sumar-2023-nuclear-sumar-2023-revision,sumar-2023,2026-10-07
upn,Unión del Pueblo Navarro,nuclear,¿Debería prolongarse la vida de las centrales nucleares existentes?,comparable,conditional,Apoya una moción para revisar el calendario de cierre e incluir la energía nuclear en la planificación a medio y largo plazo.,https://parlamentodenavarra.es/es/noticias/rechazada-una-moci%C3%B3n-del-ppn-para-instar-al-gobierno-central-revisar-el-calendario-de,upn-nuclear-navarra-nuclear-votacion-2025-revision,upn-2023 | congreso-jornada-2025 | upn-forales-2023 | navarra-nuclear-votacion-2025 | navarra-ebau-2023 | upn-alquiler-2026,2026-10-07
vox,VOX,nuclear,¿Debería prolongarse la vida de las centrales nucleares existentes?,comparable,support,Propone ampliar la vida útil de las centrales nucleares existentes.,https://www.votaabascal.es/assets/pdf/Programa-VOX-2023.pdf,vox-nuclear,vox-2023 | congreso-jornada-2025 | vox-cannabis-2022 | vox-defensa-2025 | vox-regularizacion-2026 | senado-pelotas-2021 | vox-mordaza-2024 | canarias-cannabis-2024 | senado-cooperacion-2022 | vox-fortunas-2024,2026-10-07
ahi,Agrupación Herreña Independiente,energia-publica,¿Debería haber una empresa pública de energía que gestione centrales hidroeléctricas al terminar sus concesiones?,no_comparable_evidence,,No se ha encontrado una posición suficientemente clara en las fuentes consultadas.,,,ahi-vivienda-2025 | ahi-canarias-2023 | ahi-frontera-2023 | ahi-decreto-canarias-2025 | canarias-jornada-2025 | canarias-regularizacion-2026 | canarias-aborto-2025 | canarias-ganaderia-2026 | canarias-cannabis-2024,2026-10-07
asg,Agrupación Socialista Gomera,energia-publica,¿Debería haber una empresa pública de energía que gestione centrales hidroeléctricas al terminar sus concesiones?,no_comparable_evidence,,No se ha encontrado una posición suficientemente clara en las fuentes consultadas.,,,asg-pensiones-2018 | asg-vivienda-2026 | asg-transporte-2025 | canarias-jornada-2025 | canarias-regularizacion-2026 | canarias-aborto-2025 | senado-smi-2022 | canarias-infantil-2020 | canarias-ganaderia-2026 | canarias-cadena-julio-2022 | senado-permisos-2026 | canarias-cannabis-2024,2026-10-07
bng,Bloque Nacionalista Galego,energia-publica,¿Debería haber una empresa pública de energía que gestione centrales hidroeléctricas al terminar sus concesiones?,comparable,conditional,Propone recuperar las concesiones de los embalses y transferirlas a Galicia para crear una empresa pública de energía.,https://www.bng.gal/media/bnggaliza/files/2023/07/05/23_bng_xerais_programa.pdf,bng-energia-publica-ampliacion-2026,bng-2023 | congreso-jornada-35 | bng-galegas-2024,2026-10-07
cc,Coalición Canaria,energia-publica,¿Debería haber una empresa pública de energía que gestione centrales hidroeléctricas al terminar sus concesiones?,no_comparable_evidence,,No se ha encontrado una posición suficientemente clara en las fuentes consultadas.,,,cc-menores-2024 | cc-pensiones | cc-fiscalidad | cc-canarias-2023 | cc-regularizacion-2026 | canarias-jornada-2025 | canarias-regularizacion-2026 | canarias-aborto-2025 | canarias-infantil-2020 | canarias-cannabis-2024,2026-10-07
compromis,Compromís,energia-publica,¿Debería haber una empresa pública de energía que gestione centrales hidroeléctricas al terminar sus concesiones?,no_comparable_evidence,,No se ha encontrado una posición suficientemente clara en las fuentes consultadas.,,,congreso-jornada-2025 | compromis-sumar-2023 | compromis-alquiler-2025 | compromis-corts-2023 | compromis-generales-2011-societat | compromis-aborto-2025 | compromis-mordaza-2019 | compromis-acuerdo-2016,2026-10-07
erc,Esquerra Republicana de Catalunya,energia-publica,¿Debería haber una empresa pública de energía que gestione centrales hidroeléctricas al terminar sus concesiones?,no_comparable_evidence,,No se ha encontrado una posición suficientemente clara en las fuentes consultadas.,,,erc-2023 | congreso-jornada-2025 | erc-dental-2026 | erc-cannabis-2021 | erc-vivienda-2018 | erc-palestina-2026 | erc-industria-2026 | erc-cuestionario-pensiones | erc-europeas-2024 | erc-jornada-2024 | erc-catalunya-2024,2026-10-07
eh-bildu,Euskal Herria Bildu,energia-publica,¿Debería haber una empresa pública de energía que gestione centrales hidroeléctricas al terminar sus concesiones?,no_comparable_evidence,,No se ha encontrado una posición suficientemente clara en las fuentes consultadas.,,,bildu-2023 | bildu-gasteiz-programa | bildu-euskadi-2024 | navarra-nuclear-2025 | navarra-ebau-2023,2026-10-07
pnv,Euzko Alderdi Jeltzalea–Partido Nacionalista Vasco,energia-publica,¿Debería haber una empresa pública de energía que gestione centrales hidroeléctricas al terminar sus concesiones?,no_comparable_evidence,,No se ha encontrado una posición suficientemente clara en las fuentes consultadas.,,,pnv-2023 | congreso-jornada-2025 | pnv-euskadi-2024 | senado-smi-2022 | senado-pelotas-2021 | pnv-mordaza-2024 | pnv-irpf-2022 | pnv-palestina-2024 | pnv-fortunas-acuerdo-2023,2026-10-07
geroa-bai,Geroa Bai,energia-publica,¿Debería haber una empresa pública de energía que gestione centrales hidroeléctricas al terminar sus concesiones?,no_comparable_evidence,,No se ha encontrado una posición suficientemente clara en las fuentes consultadas.,,,geroa-bai-fiscalidad-2025 | geroa-bai-forales-2023 | geroa-bai-generales-2019 | navarra-nuclear-2025 | geroa-pensiones-enmienda-2014 | geroa-pelotas-2021 | navarra-ebau-2023 | geroa-irpf-2025 | geroa-bai-forales-2015,2026-10-07
iu,Izquierda Unida,energia-publica,¿Debería haber una empresa pública de energía que gestione centrales hidroeléctricas al terminar sus concesiones?,comparable,support,Propone convertir HUNOSA en empresa pública energética receptora de concesiones hidráulicas vencidas.,https://izquierdaunida.org/wp-content/uploads/2023/07/Programa-IU-Elecciones-Generales-Jl2023.pdf,iu-energia-publica,iu-2023 | iu-jornada-2024 | iu-palestina-2024 | iu-europeas-2019 | iu-nuclear-2026 | iu-mordaza-2025,2026-10-07
junts,Junts per Catalunya,energia-publica,¿Debería haber una empresa pública de energía que gestione centrales hidroeléctricas al terminar sus concesiones?,no_comparable_evidence,,No se ha encontrado una posición suficientemente clara en las fuentes consultadas.,,,congreso-jornada-2025 | junts-catalunya-2024 | senado-smi-2022 | senado-pelotas-2021 | senado-cooperacion-2022,2026-10-07
mas-madrid,Más Madrid,energia-publica,¿Debería haber una empresa pública de energía que gestione centrales hidroeléctricas al terminar sus concesiones?,no_comparable_evidence,,No se ha encontrado una posición suficientemente clara en las fuentes consultadas.,,,mas-madrid-aborto-2025 | mas-madrid-cm-2023 | mas-madrid-jornada-2024 | mas-madrid-alquiler-2026 | mas-madrid-mordaza | senado-cooperacion-2022 | mas-madrid-fortunas-carta-2023,2026-10-07
pp,Partido Popular,energia-publica,¿Debería haber una empresa pública de energía que gestione centrales hidroeléctricas al terminar sus concesiones?,no_comparable_evidence,,No se ha encontrado una posición suficientemente clara en las fuentes consultadas.,,,pp-2023 | congreso-jornada-2025 | pp-pension-ipc-2026 | pp-banca-jornada | pp-jornada-2025 | canarias-regularizacion-2026 | senado-smi-2022 | canarias-cadena-julio-2022 | senado-pelotas-2021 | pp-mordaza-pnl-2021 | canarias-cannabis-2024 | pp-alquiler-2025 | pp-palestina-2024 | pp-murcia-2025,2026-10-07
psoe,Partido Socialista Obrero Español,energia-publica,¿Debería haber una empresa pública de energía que gestione centrales hidroeléctricas al terminar sus concesiones?,no_comparable_evidence,,No se ha encontrado una posición suficientemente clara en las fuentes consultadas.,,,psoe-2023 | psoe-mayo-2024 | psoe-palestina-discurso | psoe-alquiler-2025 | psoe-defensa-plan-2025 | psoe-aborto-pnl-indexada-2025 | senado-pelotas-2021 | psoe-mordaza-2024 | psoe-mordaza-ppl-2024 | psoe-fortunas-2025 | psoe-desahucios-2026 | canarias-cannabis-2024 | psoe-regularizacion-2026,2026-10-07
podemos,Podemos,energia-publica,¿Debería haber una empresa pública de energía que gestione centrales hidroeléctricas al terminar sus concesiones?,comparable,support,Propone que una empresa pública de energía asuma las centrales hidroeléctricas cuando caduquen sus concesiones.,https://podemos.info/medida/recuperar-automaticamente-la-gestion-publica-de-las-centrales-hidroelectricas-cuyas-concesiones-para-la-explotacion-privada-hayan-caducado-o-lo-hagan-en-el-futuro/,podemos-energia-publica-podemos-hidroelectricas-programa-revision,congreso-jornada-2025 | podemos-jornada-2019 | podemos-infantil-programa | podemos-alquiler-programa | podemos-pensiones-programa | podemos-smi-programa | podemos-cie-programa | podemos-cannabis-programa | podemos-vivienda-publica-programa | podemos-desahucios-programa | podemos-hidroelectricas-programa | podemos-nuclear-programa | podemos-permiso-nacimiento-programa | podemos-transporte-joven-europa | podemos-murcia-dental-2023 | podemos-murcia-regularizacion-2026 | podemos-andalucia-aborto-2023 | podemos-software-2015 | podemos-palestina-2016 | podemos-mordaza-declaracion | podemos-ganaderia-europa | podemos-tpan-europa | podemos-justicia-fiscal | podemos-murcia-igualdad-2017 | podemos-jubilacion-declaracion | podemos-cgpj-programa | podemos-cooperacion-programa,2026-10-07
sumar-2023,Sumar · coalición electoral de 2023,energia-publica,¿Debería haber una empresa pública de energía que gestione centrales hidroeléctricas al terminar sus concesiones?,comparable,support,Propone gestionar mediante empresa pública centrales hidroeléctricas según venzan las concesiones.,https://movimientosumar.es/wp-content/uploads/2023/07/Un-Programa-para-ti.pdf,sumar-2023-energia-publica,sumar-2023,2026-10-07
upn,Unión del Pueblo Navarro,energia-publica,¿Debería haber una empresa pública de energía que gestione centrales hidroeléctricas al terminar sus concesiones?,no_comparable_evidence,,No se ha encontrado una posición suficientemente clara en las fuentes consultadas.,,,upn-2023 | congreso-jornada-2025 | upn-forales-2023 | navarra-nuclear-votacion-2025 | navarra-ebau-2023 | upn-alquiler-2026,2026-10-07
vox,VOX,energia-publica,¿Debería haber una empresa pública de energía que gestione centrales hidroeléctricas al terminar sus concesiones?,no_comparable_evidence,,No se ha encontrado una posición suficientemente clara en las fuentes consultadas.,,,vox-2023 | congreso-jornada-2025 | vox-cannabis-2022 | vox-defensa-2025 | vox-regularizacion-2026 | senado-pelotas-2021 | vox-mordaza-2024 | canarias-cannabis-2024 | senado-cooperacion-2022 | vox-fortunas-2024,2026-10-07
ahi,Agrupación Herreña Independiente,renovables,¿Debería fijarse un objetivo de al menos el 90 % de electricidad renovable para 2030?,no_comparable_evidence,,No se ha encontrado una posición suficientemente clara en las fuentes consultadas.,,,ahi-vivienda-2025 | ahi-canarias-2023 | ahi-frontera-2023 | ahi-decreto-canarias-2025 | canarias-jornada-2025 | canarias-regularizacion-2026 | canarias-aborto-2025 | canarias-ganaderia-2026 | canarias-cannabis-2024,2026-10-07
asg,Agrupación Socialista Gomera,renovables,¿Debería fijarse un objetivo de al menos el 90 % de electricidad renovable para 2030?,no_comparable_evidence,,No se ha encontrado una posición suficientemente clara en las fuentes consultadas.,,,asg-pensiones-2018 | asg-vivienda-2026 | asg-transporte-2025 | canarias-jornada-2025 | canarias-regularizacion-2026 | canarias-aborto-2025 | senado-smi-2022 | canarias-infantil-2020 | canarias-ganaderia-2026 | canarias-cadena-julio-2022 | senado-permisos-2026 | canarias-cannabis-2024,2026-10-07
bng,Bloque Nacionalista Galego,renovables,¿Debería fijarse un objetivo de al menos el 90 % de electricidad renovable para 2030?,no_comparable_evidence,,No se ha encontrado una posición suficientemente clara en las fuentes consultadas.,,,bng-2023 | congreso-jornada-35 | bng-galegas-2024,2026-10-07
cc,Coalición Canaria,renovables,¿Debería fijarse un objetivo de al menos el 90 % de electricidad renovable para 2030?,no_comparable_evidence,,No se ha encontrado una posición suficientemente clara en las fuentes consultadas.,,,cc-menores-2024 | cc-pensiones | cc-fiscalidad | cc-canarias-2023 | cc-regularizacion-2026 | canarias-jornada-2025 | canarias-regularizacion-2026 | canarias-aborto-2025 | canarias-infantil-2020 | canarias-cannabis-2024,2026-10-07
compromis,Compromís,renovables,¿Debería fijarse un objetivo de al menos el 90 % de electricidad renovable para 2030?,no_comparable_evidence,,No se ha encontrado una posición suficientemente clara en las fuentes consultadas.,,,congreso-jornada-2025 | compromis-sumar-2023 | compromis-alquiler-2025 | compromis-corts-2023 | compromis-generales-2011-societat | compromis-aborto-2025 | compromis-mordaza-2019 | compromis-acuerdo-2016,2026-10-07
erc,Esquerra Republicana de Catalunya,renovables,¿Debería fijarse un objetivo de al menos el 90 % de electricidad renovable para 2030?,no_comparable_evidence,,No se ha encontrado una posición suficientemente clara en las fuentes consultadas.,,,erc-2023 | congreso-jornada-2025 | erc-dental-2026 | erc-cannabis-2021 | erc-vivienda-2018 | erc-palestina-2026 | erc-industria-2026 | erc-cuestionario-pensiones | erc-europeas-2024 | erc-jornada-2024 | erc-catalunya-2024,2026-10-07
eh-bildu,Euskal Herria Bildu,renovables,¿Debería fijarse un objetivo de al menos el 90 % de electricidad renovable para 2030?,no_comparable_evidence,,No se ha encontrado una posición suficientemente clara en las fuentes consultadas.,,,bildu-2023 | bildu-gasteiz-programa | bildu-euskadi-2024 | navarra-nuclear-2025 | navarra-ebau-2023,2026-10-07
pnv,Euzko Alderdi Jeltzalea–Partido Nacionalista Vasco,renovables,¿Debería fijarse un objetivo de al menos el 90 % de electricidad renovable para 2030?,no_comparable_evidence,,No se ha encontrado una posición suficientemente clara en las fuentes consultadas.,,,pnv-2023 | congreso-jornada-2025 | pnv-euskadi-2024 | senado-smi-2022 | senado-pelotas-2021 | pnv-mordaza-2024 | pnv-irpf-2022 | pnv-palestina-2024 | pnv-fortunas-acuerdo-2023,2026-10-07
geroa-bai,Geroa Bai,renovables,¿Debería fijarse un objetivo de al menos el 90 % de electricidad renovable para 2030?,no_comparable_evidence,,No se ha encontrado una posición suficientemente clara en las fuentes consultadas.,,,geroa-bai-fiscalidad-2025 | geroa-bai-forales-2023 | geroa-bai-generales-2019 | navarra-nuclear-2025 | geroa-pensiones-enmienda-2014 | geroa-pelotas-2021 | navarra-ebau-2023 | geroa-irpf-2025 | geroa-bai-forales-2015,2026-10-07
iu,Izquierda Unida,renovables,¿Debería fijarse un objetivo de al menos el 90 % de electricidad renovable para 2030?,no_comparable_evidence,,No se ha encontrado una posición suficientemente clara en las fuentes consultadas.,,,iu-2023 | iu-jornada-2024 | iu-palestina-2024 | iu-europeas-2019 | iu-nuclear-2026 | iu-mordaza-2025,2026-10-07
junts,Junts per Catalunya,renovables,¿Debería fijarse un objetivo de al menos el 90 % de electricidad renovable para 2030?,no_comparable_evidence,,No se ha encontrado una posición suficientemente clara en las fuentes consultadas.,,,congreso-jornada-2025 | junts-catalunya-2024 | senado-smi-2022 | senado-pelotas-2021 | senado-cooperacion-2022,2026-10-07
mas-madrid,Más Madrid,renovables,¿Debería fijarse un objetivo de al menos el 90 % de electricidad renovable para 2030?,no_comparable_evidence,,No se ha encontrado una posición suficientemente clara en las fuentes consultadas.,,,mas-madrid-aborto-2025 | mas-madrid-cm-2023 | mas-madrid-jornada-2024 | mas-madrid-alquiler-2026 | mas-madrid-mordaza | senado-cooperacion-2022 | mas-madrid-fortunas-carta-2023,2026-10-07
pp,Partido Popular,renovables,¿Debería fijarse un objetivo de al menos el 90 % de electricidad renovable para 2030?,no_comparable_evidence,,No se ha encontrado una posición suficientemente clara en las fuentes consultadas.,,,pp-2023 | congreso-jornada-2025 | pp-pension-ipc-2026 | pp-banca-jornada | pp-jornada-2025 | canarias-regularizacion-2026 | senado-smi-2022 | canarias-cadena-julio-2022 | senado-pelotas-2021 | pp-mordaza-pnl-2021 | canarias-cannabis-2024 | pp-alquiler-2025 | pp-palestina-2024 | pp-murcia-2025,2026-10-07
psoe,Partido Socialista Obrero Español,renovables,¿Debería fijarse un objetivo de al menos el 90 % de electricidad renovable para 2030?,no_comparable_evidence,,No se ha encontrado una posición suficientemente clara en las fuentes consultadas.,,,psoe-2023 | psoe-mayo-2024 | psoe-palestina-discurso | psoe-alquiler-2025 | psoe-defensa-plan-2025 | psoe-aborto-pnl-indexada-2025 | senado-pelotas-2021 | psoe-mordaza-2024 | psoe-mordaza-ppl-2024 | psoe-fortunas-2025 | psoe-desahucios-2026 | canarias-cannabis-2024 | psoe-regularizacion-2026,2026-10-07
podemos,Podemos,renovables,¿Debería fijarse un objetivo de al menos el 90 % de electricidad renovable para 2030?,no_comparable_evidence,,No se ha encontrado una posición suficientemente clara en las fuentes consultadas.,,,congreso-jornada-2025 | podemos-jornada-2019 | podemos-infantil-programa | podemos-alquiler-programa | podemos-pensiones-programa | podemos-smi-programa | podemos-cie-programa | podemos-cannabis-programa | podemos-vivienda-publica-programa | podemos-desahucios-programa | podemos-hidroelectricas-programa | podemos-nuclear-programa | podemos-permiso-nacimiento-programa | podemos-transporte-joven-europa | podemos-murcia-dental-2023 | podemos-murcia-regularizacion-2026 | podemos-andalucia-aborto-2023 | podemos-software-2015 | podemos-palestina-2016 | podemos-mordaza-declaracion | podemos-ganaderia-europa | podemos-tpan-europa | podemos-justicia-fiscal | podemos-murcia-igualdad-2017 | podemos-jubilacion-declaracion | podemos-cgpj-programa | podemos-cooperacion-programa,2026-10-07
sumar-2023,Sumar · coalición electoral de 2023,renovables,¿Debería fijarse un objetivo de al menos el 90 % de electricidad renovable para 2030?,comparable,support,Propone alcanzar al menos un 90 % de electricidad renovable para 2030.,https://movimientosumar.es/wp-content/uploads/2023/07/Un-Programa-para-ti.pdf,sumar-2023-renovables,sumar-2023,2026-10-07
upn,Unión del Pueblo Navarro,renovables,¿Debería fijarse un objetivo de al menos el 90 % de electricidad renovable para 2030?,related,,Propone desarrollar energías renovables; este fragmento no establece el objetivo del 90 % para 2030.,https://www.upn.org/wp-content/uploads/2023/07/Programa-Generales-23J_V2-1.pdf,upn-renovables,upn-2023 | congreso-jornada-2025 | upn-forales-2023 | navarra-nuclear-votacion-2025 | navarra-ebau-2023 | upn-alquiler-2026,2026-10-07
vox,VOX,renovables,¿Debería fijarse un objetivo de al menos el 90 % de electricidad renovable para 2030?,no_comparable_evidence,,No se ha encontrado una posición suficientemente clara en las fuentes consultadas.,,,vox-2023 | congreso-jornada-2025 | vox-cannabis-2022 | vox-defensa-2025 | vox-regularizacion-2026 | senado-pelotas-2021 | vox-mordaza-2024 | canarias-cannabis-2024 | senado-cooperacion-2022 | vox-fortunas-2024,2026-10-07
ahi,Agrupación Herreña Independiente,restauracion,¿Debería aprobarse una estrategia nacional para restaurar ecosistemas degradados?,no_comparable_evidence,,No se ha encontrado una posición suficientemente clara en las fuentes consultadas.,,,ahi-vivienda-2025 | ahi-canarias-2023 | ahi-frontera-2023 | ahi-decreto-canarias-2025 | canarias-jornada-2025 | canarias-regularizacion-2026 | canarias-aborto-2025 | canarias-ganaderia-2026 | canarias-cannabis-2024,2026-10-07
asg,Agrupación Socialista Gomera,restauracion,¿Debería aprobarse una estrategia nacional para restaurar ecosistemas degradados?,no_comparable_evidence,,No se ha encontrado una posición suficientemente clara en las fuentes consultadas.,,,asg-pensiones-2018 | asg-vivienda-2026 | asg-transporte-2025 | canarias-jornada-2025 | canarias-regularizacion-2026 | canarias-aborto-2025 | senado-smi-2022 | canarias-infantil-2020 | canarias-ganaderia-2026 | canarias-cadena-julio-2022 | senado-permisos-2026 | canarias-cannabis-2024,2026-10-07
bng,Bloque Nacionalista Galego,restauracion,¿Debería aprobarse una estrategia nacional para restaurar ecosistemas degradados?,no_comparable_evidence,,No se ha encontrado una posición suficientemente clara en las fuentes consultadas.,,,bng-2023 | congreso-jornada-35 | bng-galegas-2024,2026-10-07
cc,Coalición Canaria,restauracion,¿Debería aprobarse una estrategia nacional para restaurar ecosistemas degradados?,no_comparable_evidence,,No se ha encontrado una posición suficientemente clara en las fuentes consultadas.,,,cc-menores-2024 | cc-pensiones | cc-fiscalidad | cc-canarias-2023 | cc-regularizacion-2026 | canarias-jornada-2025 | canarias-regularizacion-2026 | canarias-aborto-2025 | canarias-infantil-2020 | canarias-cannabis-2024,2026-10-07
compromis,Compromís,restauracion,¿Debería aprobarse una estrategia nacional para restaurar ecosistemas degradados?,no_comparable_evidence,,No se ha encontrado una posición suficientemente clara en las fuentes consultadas.,,,congreso-jornada-2025 | compromis-sumar-2023 | compromis-alquiler-2025 | compromis-corts-2023 | compromis-generales-2011-societat | compromis-aborto-2025 | compromis-mordaza-2019 | compromis-acuerdo-2016,2026-10-07
erc,Esquerra Republicana de Catalunya,restauracion,¿Debería aprobarse una estrategia nacional para restaurar ecosistemas degradados?,no_comparable_evidence,,No se ha encontrado una posición suficientemente clara en las fuentes consultadas.,,,erc-2023 | congreso-jornada-2025 | erc-dental-2026 | erc-cannabis-2021 | erc-vivienda-2018 | erc-palestina-2026 | erc-industria-2026 | erc-cuestionario-pensiones | erc-europeas-2024 | erc-jornada-2024 | erc-catalunya-2024,2026-10-07
eh-bildu,Euskal Herria Bildu,restauracion,¿Debería aprobarse una estrategia nacional para restaurar ecosistemas degradados?,no_comparable_evidence,,No se ha encontrado una posición suficientemente clara en las fuentes consultadas.,,,bildu-2023 | bildu-gasteiz-programa | bildu-euskadi-2024 | navarra-nuclear-2025 | navarra-ebau-2023,2026-10-07
pnv,Euzko Alderdi Jeltzalea–Partido Nacionalista Vasco,restauracion,¿Debería aprobarse una estrategia nacional para restaurar ecosistemas degradados?,no_comparable_evidence,,No se ha encontrado una posición suficientemente clara en las fuentes consultadas.,,,pnv-2023 | congreso-jornada-2025 | pnv-euskadi-2024 | senado-smi-2022 | senado-pelotas-2021 | pnv-mordaza-2024 | pnv-irpf-2022 | pnv-palestina-2024 | pnv-fortunas-acuerdo-2023,2026-10-07
geroa-bai,Geroa Bai,restauracion,¿Debería aprobarse una estrategia nacional para restaurar ecosistemas degradados?,no_comparable_evidence,,No se ha encontrado una posición suficientemente clara en las fuentes consultadas.,,,geroa-bai-fiscalidad-2025 | geroa-bai-forales-2023 | geroa-bai-generales-2019 | navarra-nuclear-2025 | geroa-pensiones-enmienda-2014 | geroa-pelotas-2021 | navarra-ebau-2023 | geroa-irpf-2025 | geroa-bai-forales-2015,2026-10-07
iu,Izquierda Unida,restauracion,¿Debería aprobarse una estrategia nacional para restaurar ecosistemas degradados?,no_comparable_evidence,,No se ha encontrado una posición suficientemente clara en las fuentes consultadas.,,,iu-2023 | iu-jornada-2024 | iu-palestina-2024 | iu-europeas-2019 | iu-nuclear-2026 | iu-mordaza-2025,2026-10-07
junts,Junts per Catalunya,restauracion,¿Debería aprobarse una estrategia nacional para restaurar ecosistemas degradados?,no_comparable_evidence,,No se ha encontrado una posición suficientemente clara en las fuentes consultadas.,,,congreso-jornada-2025 | junts-catalunya-2024 | senado-smi-2022 | senado-pelotas-2021 | senado-cooperacion-2022,2026-10-07
mas-madrid,Más Madrid,restauracion,¿Debería aprobarse una estrategia nacional para restaurar ecosistemas degradados?,no_comparable_evidence,,No se ha encontrado una posición suficientemente clara en las fuentes consultadas.,,,mas-madrid-aborto-2025 | mas-madrid-cm-2023 | mas-madrid-jornada-2024 | mas-madrid-alquiler-2026 | mas-madrid-mordaza | senado-cooperacion-2022 | mas-madrid-fortunas-carta-2023,2026-10-07
pp,Partido Popular,restauracion,¿Debería aprobarse una estrategia nacional para restaurar ecosistemas degradados?,no_comparable_evidence,,No se ha encontrado una posición suficientemente clara en las fuentes consultadas.,,,pp-2023 | congreso-jornada-2025 | pp-pension-ipc-2026 | pp-banca-jornada | pp-jornada-2025 | canarias-regularizacion-2026 | senado-smi-2022 | canarias-cadena-julio-2022 | senado-pelotas-2021 | pp-mordaza-pnl-2021 | canarias-cannabis-2024 | pp-alquiler-2025 | pp-palestina-2024 | pp-murcia-2025,2026-10-07
psoe,Partido Socialista Obrero Español,restauracion,¿Debería aprobarse una estrategia nacional para restaurar ecosistemas degradados?,comparable,conditional,"Propone desplegar la Estrategia Nacional de Infraestructura Verde, Conectividad y Restauración Ecológicas.",https://xn--espaaavanza-4db.es/wp-content/uploads/2023/07/PROGRAMA_ELECTORAL-GENERALES-2023.pdf,psoe-restauracion-ampliacion-2026,psoe-2023 | psoe-mayo-2024 | psoe-palestina-discurso | psoe-alquiler-2025 | psoe-defensa-plan-2025 | psoe-aborto-pnl-indexada-2025 | senado-pelotas-2021 | psoe-mordaza-2024 | psoe-mordaza-ppl-2024 | psoe-fortunas-2025 | psoe-desahucios-2026 | canarias-cannabis-2024 | psoe-regularizacion-2026,2026-10-07
podemos,Podemos,restauracion,¿Debería aprobarse una estrategia nacional para restaurar ecosistemas degradados?,no_comparable_evidence,,No se ha encontrado una posición suficientemente clara en las fuentes consultadas.,,,congreso-jornada-2025 | podemos-jornada-2019 | podemos-infantil-programa | podemos-alquiler-programa | podemos-pensiones-programa | podemos-smi-programa | podemos-cie-programa | podemos-cannabis-programa | podemos-vivienda-publica-programa | podemos-desahucios-programa | podemos-hidroelectricas-programa | podemos-nuclear-programa | podemos-permiso-nacimiento-programa | podemos-transporte-joven-europa | podemos-murcia-dental-2023 | podemos-murcia-regularizacion-2026 | podemos-andalucia-aborto-2023 | podemos-software-2015 | podemos-palestina-2016 | podemos-mordaza-declaracion | podemos-ganaderia-europa | podemos-tpan-europa | podemos-justicia-fiscal | podemos-murcia-igualdad-2017 | podemos-jubilacion-declaracion | podemos-cgpj-programa | podemos-cooperacion-programa,2026-10-07
sumar-2023,Sumar · coalición electoral de 2023,restauracion,¿Debería aprobarse una estrategia nacional para restaurar ecosistemas degradados?,comparable,support,"Propone una estrategia nacional de infraestructuras verdes, conectividad y restauración ecológica.",https://movimientosumar.es/wp-content/uploads/2023/07/Un-Programa-para-ti.pdf,sumar-2023-restauracion,sumar-2023,2026-10-07
upn,Unión del Pueblo Navarro,restauracion,¿Debería aprobarse una estrategia nacional para restaurar ecosistemas degradados?,no_comparable_evidence,,No se ha encontrado una posición suficientemente clara en las fuentes consultadas.,,,upn-2023 | congreso-jornada-2025 | upn-forales-2023 | navarra-nuclear-votacion-2025 | navarra-ebau-2023 | upn-alquiler-2026,2026-10-07
vox,VOX,restauracion,¿Debería aprobarse una estrategia nacional para restaurar ecosistemas degradados?,no_comparable_evidence,,No se ha encontrado una posición suficientemente clara en las fuentes consultadas.,,,vox-2023 | congreso-jornada-2025 | vox-cannabis-2022 | vox-defensa-2025 | vox-regularizacion-2026 | senado-pelotas-2021 | vox-mordaza-2024 | canarias-cannabis-2024 | senado-cooperacion-2022 | vox-fortunas-2024,2026-10-07
ahi,Agrupación Herreña Independiente,jets,¿Deberían restringirse los vuelos en aviones privados?,no_comparable_evidence,,No se ha encontrado una posición suficientemente clara en las fuentes consultadas.,,,ahi-vivienda-2025 | ahi-canarias-2023 | ahi-frontera-2023 | ahi-decreto-canarias-2025 | canarias-jornada-2025 | canarias-regularizacion-2026 | canarias-aborto-2025 | canarias-ganaderia-2026 | canarias-cannabis-2024,2026-10-07
asg,Agrupación Socialista Gomera,jets,¿Deberían restringirse los vuelos en aviones privados?,no_comparable_evidence,,No se ha encontrado una posición suficientemente clara en las fuentes consultadas.,,,asg-pensiones-2018 | asg-vivienda-2026 | asg-transporte-2025 | canarias-jornada-2025 | canarias-regularizacion-2026 | canarias-aborto-2025 | senado-smi-2022 | canarias-infantil-2020 | canarias-ganaderia-2026 | canarias-cadena-julio-2022 | senado-permisos-2026 | canarias-cannabis-2024,2026-10-07
bng,Bloque Nacionalista Galego,jets,¿Deberían restringirse los vuelos en aviones privados?,no_comparable_evidence,,No se ha encontrado una posición suficientemente clara en las fuentes consultadas.,,,bng-2023 | congreso-jornada-35 | bng-galegas-2024,2026-10-07
cc,Coalición Canaria,jets,¿Deberían restringirse los vuelos en aviones privados?,no_comparable_evidence,,No se ha encontrado una posición suficientemente clara en las fuentes consultadas.,,,cc-menores-2024 | cc-pensiones | cc-fiscalidad | cc-canarias-2023 | cc-regularizacion-2026 | canarias-jornada-2025 | canarias-regularizacion-2026 | canarias-aborto-2025 | canarias-infantil-2020 | canarias-cannabis-2024,2026-10-07
compromis,Compromís,jets,¿Deberían restringirse los vuelos en aviones privados?,no_comparable_evidence,,No se ha encontrado una posición suficientemente clara en las fuentes consultadas.,,,congreso-jornada-2025 | compromis-sumar-2023 | compromis-alquiler-2025 | compromis-corts-2023 | compromis-generales-2011-societat | compromis-aborto-2025 | compromis-mordaza-2019 | compromis-acuerdo-2016,2026-10-07
erc,Esquerra Republicana de Catalunya,jets,¿Deberían restringirse los vuelos en aviones privados?,no_comparable_evidence,,No se ha encontrado una posición suficientemente clara en las fuentes consultadas.,,,erc-2023 | congreso-jornada-2025 | erc-dental-2026 | erc-cannabis-2021 | erc-vivienda-2018 | erc-palestina-2026 | erc-industria-2026 | erc-cuestionario-pensiones | erc-europeas-2024 | erc-jornada-2024 | erc-catalunya-2024,2026-10-07
eh-bildu,Euskal Herria Bildu,jets,¿Deberían restringirse los vuelos en aviones privados?,no_comparable_evidence,,No se ha encontrado una posición suficientemente clara en las fuentes consultadas.,,,bildu-2023 | bildu-gasteiz-programa | bildu-euskadi-2024 | navarra-nuclear-2025 | navarra-ebau-2023,2026-10-07
pnv,Euzko Alderdi Jeltzalea–Partido Nacionalista Vasco,jets,¿Deberían restringirse los vuelos en aviones privados?,no_comparable_evidence,,No se ha encontrado una posición suficientemente clara en las fuentes consultadas.,,,pnv-2023 | congreso-jornada-2025 | pnv-euskadi-2024 | senado-smi-2022 | senado-pelotas-2021 | pnv-mordaza-2024 | pnv-irpf-2022 | pnv-palestina-2024 | pnv-fortunas-acuerdo-2023,2026-10-07
geroa-bai,Geroa Bai,jets,¿Deberían restringirse los vuelos en aviones privados?,no_comparable_evidence,,No se ha encontrado una posición suficientemente clara en las fuentes consultadas.,,,geroa-bai-fiscalidad-2025 | geroa-bai-forales-2023 | geroa-bai-generales-2019 | navarra-nuclear-2025 | geroa-pensiones-enmienda-2014 | geroa-pelotas-2021 | navarra-ebau-2023 | geroa-irpf-2025 | geroa-bai-forales-2015,2026-10-07
iu,Izquierda Unida,jets,¿Deberían restringirse los vuelos en aviones privados?,no_comparable_evidence,,No se ha encontrado una posición suficientemente clara en las fuentes consultadas.,,,iu-2023 | iu-jornada-2024 | iu-palestina-2024 | iu-europeas-2019 | iu-nuclear-2026 | iu-mordaza-2025,2026-10-07
junts,Junts per Catalunya,jets,¿Deberían restringirse los vuelos en aviones privados?,no_comparable_evidence,,No se ha encontrado una posición suficientemente clara en las fuentes consultadas.,,,congreso-jornada-2025 | junts-catalunya-2024 | senado-smi-2022 | senado-pelotas-2021 | senado-cooperacion-2022,2026-10-07
mas-madrid,Más Madrid,jets,¿Deberían restringirse los vuelos en aviones privados?,no_comparable_evidence,,No se ha encontrado una posición suficientemente clara en las fuentes consultadas.,,,mas-madrid-aborto-2025 | mas-madrid-cm-2023 | mas-madrid-jornada-2024 | mas-madrid-alquiler-2026 | mas-madrid-mordaza | senado-cooperacion-2022 | mas-madrid-fortunas-carta-2023,2026-10-07
pp,Partido Popular,jets,¿Deberían restringirse los vuelos en aviones privados?,no_comparable_evidence,,No se ha encontrado una posición suficientemente clara en las fuentes consultadas.,,,pp-2023 | congreso-jornada-2025 | pp-pension-ipc-2026 | pp-banca-jornada | pp-jornada-2025 | canarias-regularizacion-2026 | senado-smi-2022 | canarias-cadena-julio-2022 | senado-pelotas-2021 | pp-mordaza-pnl-2021 | canarias-cannabis-2024 | pp-alquiler-2025 | pp-palestina-2024 | pp-murcia-2025,2026-10-07
psoe,Partido Socialista Obrero Español,jets,¿Deberían restringirse los vuelos en aviones privados?,no_comparable_evidence,,No se ha encontrado una posición suficientemente clara en las fuentes consultadas.,,,psoe-2023 | psoe-mayo-2024 | psoe-palestina-discurso | psoe-alquiler-2025 | psoe-defensa-plan-2025 | psoe-aborto-pnl-indexada-2025 | senado-pelotas-2021 | psoe-mordaza-2024 | psoe-mordaza-ppl-2024 | psoe-fortunas-2025 | psoe-desahucios-2026 | canarias-cannabis-2024 | psoe-regularizacion-2026,2026-10-07
podemos,Podemos,jets,¿Deberían restringirse los vuelos en aviones privados?,no_comparable_evidence,,No se ha encontrado una posición suficientemente clara en las fuentes consultadas.,,,congreso-jornada-2025 | podemos-jornada-2019 | podemos-infantil-programa | podemos-alquiler-programa | podemos-pensiones-programa | podemos-smi-programa | podemos-cie-programa | podemos-cannabis-programa | podemos-vivienda-publica-programa | podemos-desahucios-programa | podemos-hidroelectricas-programa | podemos-nuclear-programa | podemos-permiso-nacimiento-programa | podemos-transporte-joven-europa | podemos-murcia-dental-2023 | podemos-murcia-regularizacion-2026 | podemos-andalucia-aborto-2023 | podemos-software-2015 | podemos-palestina-2016 | podemos-mordaza-declaracion | podemos-ganaderia-europa | podemos-tpan-europa | podemos-justicia-fiscal | podemos-murcia-igualdad-2017 | podemos-jubilacion-declaracion | podemos-cgpj-programa | podemos-cooperacion-programa,2026-10-07
sumar-2023,Sumar · coalición electoral de 2023,jets,¿Deberían restringirse los vuelos en aviones privados?,comparable,support,Propone restringir el uso de aviones privados.,https://movimientosumar.es/wp-content/uploads/2023/07/Un-Programa-para-ti.pdf,sumar-2023-jets,sumar-2023,2026-10-07
upn,Unión del Pueblo Navarro,jets,¿Deberían restringirse los vuelos en aviones privados?,no_comparable_evidence,,No se ha encontrado una posición suficientemente clara en las fuentes consultadas.,,,upn-2023 | congreso-jornada-2025 | upn-forales-2023 | navarra-nuclear-votacion-2025 | navarra-ebau-2023 | upn-alquiler-2026,2026-10-07
vox,VOX,jets,¿Deberían restringirse los vuelos en aviones privados?,no_comparable_evidence,,No se ha encontrado una posición suficientemente clara en las fuentes consultadas.,,,vox-2023 | congreso-jornada-2025 | vox-cannabis-2022 | vox-defensa-2025 | vox-regularizacion-2026 | senado-pelotas-2021 | vox-mordaza-2024 | canarias-cannabis-2024 | senado-cooperacion-2022 | vox-fortunas-2024,2026-10-07
ahi,Agrupación Herreña Independiente,transporte-joven,¿Debería ser gratuito el transporte público para menores y estudiantes jóvenes?,comparable,conditional,"AHI pide mantener el transporte público gratuito en Canarias, incluido el destinado a jóvenes.",https://ahi-elhierro.es/ahi-pide-unidad-en-todas-las-instituciones-herrenas-para-apoyar-el-decreto-canarias-una-mejora-para-todos/,ahi-transporte-joven-ahi-decreto-canarias-2025-revision,ahi-vivienda-2025 | ahi-canarias-2023 | ahi-frontera-2023 | ahi-decreto-canarias-2025 | canarias-jornada-2025 | canarias-regularizacion-2026 | canarias-aborto-2025 | canarias-ganaderia-2026 | canarias-cannabis-2024,2026-10-07
asg,Agrupación Socialista Gomera,transporte-joven,¿Debería ser gratuito el transporte público para menores y estudiantes jóvenes?,comparable,conditional,Defiende potenciar el transporte público gratuito en Canarias.,https://www.agrupacionsocialistagomera.es/asg-reclama-cambios-estructurales-en-la-politica-de-movilidad/,asg-transporte-joven-asg-transporte-2025-revision,asg-pensiones-2018 | asg-vivienda-2026 | asg-transporte-2025 | canarias-jornada-2025 | canarias-regularizacion-2026 | canarias-aborto-2025 | senado-smi-2022 | canarias-infantil-2020 | canarias-ganaderia-2026 | canarias-cadena-julio-2022 | senado-permisos-2026 | canarias-cannabis-2024,2026-10-07
bng,Bloque Nacionalista Galego,transporte-joven,¿Debería ser gratuito el transporte público para menores y estudiantes jóvenes?,no_comparable_evidence,,No se ha encontrado una posición suficientemente clara en las fuentes consultadas.,,,bng-2023 | congreso-jornada-35 | bng-galegas-2024,2026-10-07
cc,Coalición Canaria,transporte-joven,¿Debería ser gratuito el transporte público para menores y estudiantes jóvenes?,no_comparable_evidence,,No se ha encontrado una posición suficientemente clara en las fuentes consultadas.,,,cc-menores-2024 | cc-pensiones | cc-fiscalidad | cc-canarias-2023 | cc-regularizacion-2026 | canarias-jornada-2025 | canarias-regularizacion-2026 | canarias-aborto-2025 | canarias-infantil-2020 | canarias-cannabis-2024,2026-10-07
compromis,Compromís,transporte-joven,¿Debería ser gratuito el transporte público para menores y estudiantes jóvenes?,comparable,conditional,Propone extender permanentemente el transporte público gratuito para jóvenes en la Comunitat Valenciana.,https://28m.compromis.net/docs/PROGRAMA_ELECTORAL_2023_%20CAS.pdf,compromis-transporte-joven-compromis-corts-2023-revision,congreso-jornada-2025 | compromis-sumar-2023 | compromis-alquiler-2025 | compromis-corts-2023 | compromis-generales-2011-societat | compromis-aborto-2025 | compromis-mordaza-2019 | compromis-acuerdo-2016,2026-10-07
erc,Esquerra Republicana de Catalunya,transporte-joven,¿Debería ser gratuito el transporte público para menores y estudiantes jóvenes?,comparable,conditional,Propone extender la gratuidad de los desplazamientos con T-16 a toda el área tarifaria de residencia.,https://static.esquerra.cat/uploads/20240529/c2024-programa.pdf,erc-transporte-joven-erc-catalunya-2024-revision,erc-2023 | congreso-jornada-2025 | erc-dental-2026 | erc-cannabis-2021 | erc-vivienda-2018 | erc-palestina-2026 | erc-industria-2026 | erc-cuestionario-pensiones | erc-europeas-2024 | erc-jornada-2024 | erc-catalunya-2024,2026-10-07
eh-bildu,Euskal Herria Bildu,transporte-joven,¿Debería ser gratuito el transporte público para menores y estudiantes jóvenes?,comparable,conditional,Propone transporte gratuito hasta los doce años de edad en la Comunidad Autónoma Vasca.,https://pello.eus/wp-content/uploads/2024/04/Programa_de_Gobierno_EH_Bildu_CAS.pdf,eh-bildu-transporte-joven-ampliacion-2026 | eh-bildu-transporte-joven-bildu-euskadi-2024-revision,bildu-2023 | bildu-gasteiz-programa | bildu-euskadi-2024 | navarra-nuclear-2025 | navarra-ebau-2023,2026-10-07
pnv,Euzko Alderdi Jeltzalea–Partido Nacionalista Vasco,transporte-joven,¿Debería ser gratuito el transporte público para menores y estudiantes jóvenes?,no_comparable_evidence,,No se ha encontrado una posición suficientemente clara en las fuentes consultadas.,,,pnv-2023 | congreso-jornada-2025 | pnv-euskadi-2024 | senado-smi-2022 | senado-pelotas-2021 | pnv-mordaza-2024 | pnv-irpf-2022 | pnv-palestina-2024 | pnv-fortunas-acuerdo-2023,2026-10-07
geroa-bai,Geroa Bai,transporte-joven,¿Debería ser gratuito el transporte público para menores y estudiantes jóvenes?,comparable,conditional,En el apartado de juventud propone avanzar hacia movilidad gratuita mediante bicicletas y transporte público.,https://geroabai.eus/files/2023/05/programa-parlamento-completo-pag-4.pdf,geroa-bai-transporte-joven-geroa-bai-forales-2023-revision,geroa-bai-fiscalidad-2025 | geroa-bai-forales-2023 | geroa-bai-generales-2019 | navarra-nuclear-2025 | geroa-pensiones-enmienda-2014 | geroa-pelotas-2021 | navarra-ebau-2023 | geroa-irpf-2025 | geroa-bai-forales-2015,2026-10-07
iu,Izquierda Unida,transporte-joven,¿Debería ser gratuito el transporte público para menores y estudiantes jóvenes?,no_comparable_evidence,,No se ha encontrado una posición suficientemente clara en las fuentes consultadas.,,,iu-2023 | iu-jornada-2024 | iu-palestina-2024 | iu-europeas-2019 | iu-nuclear-2026 | iu-mordaza-2025,2026-10-07
junts,Junts per Catalunya,transporte-joven,¿Debería ser gratuito el transporte público para menores y estudiantes jóvenes?,related,,Propone evitar gratuidades generales para invertir en competitividad del transporte y bajar sus precios.,https://carlespuigdemont.cat/wp-content/uploads/2024/04/PROGRAMA-DE-GOVERN.pdf,junts-transporte-joven-junts-catalunya-2024-revision,congreso-jornada-2025 | junts-catalunya-2024 | senado-smi-2022 | senado-pelotas-2021 | senado-cooperacion-2022,2026-10-07
mas-madrid,Más Madrid,transporte-joven,¿Debería ser gratuito el transporte público para menores y estudiantes jóvenes?,related,,Propone rutas escolares gratuitas para estudiantes de bachillerato y FP que estudien fuera de su municipio.,https://programa.masmadrid.org/pdf/Comunidad%20de%20Madrid/Programa%20M%C3%A1s%20Madrid%20-%20CM%202023.pdf,mas-madrid-transporte-joven-mas-madrid-cm-2023-revision,mas-madrid-aborto-2025 | mas-madrid-cm-2023 | mas-madrid-jornada-2024 | mas-madrid-alquiler-2026 | mas-madrid-mordaza | senado-cooperacion-2022 | mas-madrid-fortunas-carta-2023,2026-10-07
pp,Partido Popular,transporte-joven,¿Debería ser gratuito el transporte público para menores y estudiantes jóvenes?,no_comparable_evidence,,No se ha encontrado una posición suficientemente clara en las fuentes consultadas.,,,pp-2023 | congreso-jornada-2025 | pp-pension-ipc-2026 | pp-banca-jornada | pp-jornada-2025 | canarias-regularizacion-2026 | senado-smi-2022 | canarias-cadena-julio-2022 | senado-pelotas-2021 | pp-mordaza-pnl-2021 | canarias-cannabis-2024 | pp-alquiler-2025 | pp-palestina-2024 | pp-murcia-2025,2026-10-07
psoe,Partido Socialista Obrero Español,transporte-joven,¿Debería ser gratuito el transporte público para menores y estudiantes jóvenes?,comparable,support,Propone transporte público urbano gratuito para niños y estudiantes hasta los 24 años.,https://xn--espaaavanza-4db.es/wp-content/uploads/2023/07/PROGRAMA_ELECTORAL-GENERALES-2023.pdf,psoe-transporte-joven,psoe-2023 | psoe-mayo-2024 | psoe-palestina-discurso | psoe-alquiler-2025 | psoe-defensa-plan-2025 | psoe-aborto-pnl-indexada-2025 | senado-pelotas-2021 | psoe-mordaza-2024 | psoe-mordaza-ppl-2024 | psoe-fortunas-2025 | psoe-desahucios-2026 | canarias-cannabis-2024 | psoe-regularizacion-2026,2026-10-07
podemos,Podemos,transporte-joven,¿Debería ser gratuito el transporte público para menores y estudiantes jóvenes?,comparable,conditional,"Propone una tarjeta europea de transporte colectivo gratuito para menores de veintiséis años, en colaboración con las administraciones estatales.",https://podemos.info/en/medida-europa/tarjeta-europea-de-transporte-gratuita-para-menores-de-26-anos/,podemos-transporte-joven-podemos-transporte-joven-europa-revision,congreso-jornada-2025 | podemos-jornada-2019 | podemos-infantil-programa | podemos-alquiler-programa | podemos-pensiones-programa | podemos-smi-programa | podemos-cie-programa | podemos-cannabis-programa | podemos-vivienda-publica-programa | podemos-desahucios-programa | podemos-hidroelectricas-programa | podemos-nuclear-programa | podemos-permiso-nacimiento-programa | podemos-transporte-joven-europa | podemos-murcia-dental-2023 | podemos-murcia-regularizacion-2026 | podemos-andalucia-aborto-2023 | podemos-software-2015 | podemos-palestina-2016 | podemos-mordaza-declaracion | podemos-ganaderia-europa | podemos-tpan-europa | podemos-justicia-fiscal | podemos-murcia-igualdad-2017 | podemos-jubilacion-declaracion | podemos-cgpj-programa | podemos-cooperacion-programa,2026-10-07
sumar-2023,Sumar · coalición electoral de 2023,transporte-joven,¿Debería ser gratuito el transporte público para menores y estudiantes jóvenes?,no_comparable_evidence,,No se ha encontrado una posición suficientemente clara en las fuentes consultadas.,,,sumar-2023,2026-10-07
upn,Unión del Pueblo Navarro,transporte-joven,¿Debería ser gratuito el transporte público para menores y estudiantes jóvenes?,no_comparable_evidence,,No se ha encontrado una posición suficientemente clara en las fuentes consultadas.,,,upn-2023 | congreso-jornada-2025 | upn-forales-2023 | navarra-nuclear-votacion-2025 | navarra-ebau-2023 | upn-alquiler-2026,2026-10-07
vox,VOX,transporte-joven,¿Debería ser gratuito el transporte público para menores y estudiantes jóvenes?,no_comparable_evidence,,No se ha encontrado una posición suficientemente clara en las fuentes consultadas.,,,vox-2023 | congreso-jornada-2025 | vox-cannabis-2022 | vox-defensa-2025 | vox-regularizacion-2026 | senado-pelotas-2021 | vox-mordaza-2024 | canarias-cannabis-2024 | senado-cooperacion-2022 | vox-fortunas-2024,2026-10-07
ahi,Agrupación Herreña Independiente,cadena-alimentaria,¿Debería reforzarse la prohibición de pagar a productores agrarios por debajo de sus costes?,no_comparable_evidence,,No se ha encontrado una posición suficientemente clara en las fuentes consultadas.,,,ahi-vivienda-2025 | ahi-canarias-2023 | ahi-frontera-2023 | ahi-decreto-canarias-2025 | canarias-jornada-2025 | canarias-regularizacion-2026 | canarias-aborto-2025 | canarias-ganaderia-2026 | canarias-cannabis-2024,2026-10-07
asg,Agrupación Socialista Gomera,cadena-alimentaria,¿Debería reforzarse la prohibición de pagar a productores agrarios por debajo de sus costes?,comparable,support,Defiende vigilar el cumplimiento de la ley de cadena alimentaria para impedir que se pague la leche por debajo del coste de producción.,https://www.parcan.es/pub/ds.py/2022/130/37/,asg-cadena-alimentaria-canarias-cadena-julio-2022-revision,asg-pensiones-2018 | asg-vivienda-2026 | asg-transporte-2025 | canarias-jornada-2025 | canarias-regularizacion-2026 | canarias-aborto-2025 | senado-smi-2022 | canarias-infantil-2020 | canarias-ganaderia-2026 | canarias-cadena-julio-2022 | senado-permisos-2026 | canarias-cannabis-2024,2026-10-07
bng,Bloque Nacionalista Galego,cadena-alimentaria,¿Debería reforzarse la prohibición de pagar a productores agrarios por debajo de sus costes?,comparable,support,Propone reforzar la ley para impedir ventas por debajo de costes con referencias objetivas de precio.,https://www.bng.gal/media/bnggaliza/files/2023/07/05/23_bng_xerais_programa.pdf,bng-cadena-alimentaria,bng-2023 | congreso-jornada-35 | bng-galegas-2024,2026-10-07
cc,Coalición Canaria,cadena-alimentaria,¿Debería reforzarse la prohibición de pagar a productores agrarios por debajo de sus costes?,no_comparable_evidence,,No se ha encontrado una posición suficientemente clara en las fuentes consultadas.,,,cc-menores-2024 | cc-pensiones | cc-fiscalidad | cc-canarias-2023 | cc-regularizacion-2026 | canarias-jornada-2025 | canarias-regularizacion-2026 | canarias-aborto-2025 | canarias-infantil-2020 | canarias-cannabis-2024,2026-10-07
compromis,Compromís,cadena-alimentaria,¿Debería reforzarse la prohibición de pagar a productores agrarios por debajo de sus costes?,related,,"Propone mejorar la cadena alimentaria y formar precios desde el productor, protegiendo el primer eslabón.",https://28m.compromis.net/docs/PROGRAMA_ELECTORAL_2023_%20CAS.pdf,compromis-cadena-alimentaria-compromis-corts-2023-revision,congreso-jornada-2025 | compromis-sumar-2023 | compromis-alquiler-2025 | compromis-corts-2023 | compromis-generales-2011-societat | compromis-aborto-2025 | compromis-mordaza-2019 | compromis-acuerdo-2016,2026-10-07
erc,Esquerra Republicana de Catalunya,cadena-alimentaria,¿Debería reforzarse la prohibición de pagar a productores agrarios por debajo de sus costes?,related,,"Propone modificar la ley alimentaria para mejorar precios de productores, equilibrio y transparencia; no se atribuye una prohibición concreta adicional. | Propone desarrollar, mejorar y aplicar la ley de cadena alimentaria para corregir desequilibrios que perjudican la viabilidad de las empresas agrarias.",https://static.esquerra.cat/uploads/20230905/e2023-programa.pdf,erc-cadena-alimentaria | erc-cadena-alimentaria-erc-2023-revision,erc-2023 | congreso-jornada-2025 | erc-dental-2026 | erc-cannabis-2021 | erc-vivienda-2018 | erc-palestina-2026 | erc-industria-2026 | erc-cuestionario-pensiones | erc-europeas-2024 | erc-jornada-2024 | erc-catalunya-2024,2026-10-07
eh-bildu,Euskal Herria Bildu,cadena-alimentaria,¿Debería reforzarse la prohibición de pagar a productores agrarios por debajo de sus costes?,related,,Propone reforzar recursos de control y criterios de buenas prácticas en la cadena alimentaria para lograr precios dignos.,https://pello.eus/wp-content/uploads/2024/04/Programa_de_Gobierno_EH_Bildu_CAS.pdf,eh-bildu-cadena-alimentaria-bildu-euskadi-2024-revision,bildu-2023 | bildu-gasteiz-programa | bildu-euskadi-2024 | navarra-nuclear-2025 | navarra-ebau-2023,2026-10-07
pnv,Euzko Alderdi Jeltzalea–Partido Nacionalista Vasco,cadena-alimentaria,¿Debería reforzarse la prohibición de pagar a productores agrarios por debajo de sus costes?,no_comparable_evidence,,No se ha encontrado una posición suficientemente clara en las fuentes consultadas.,,,pnv-2023 | congreso-jornada-2025 | pnv-euskadi-2024 | senado-smi-2022 | senado-pelotas-2021 | pnv-mordaza-2024 | pnv-irpf-2022 | pnv-palestina-2024 | pnv-fortunas-acuerdo-2023,2026-10-07
geroa-bai,Geroa Bai,cadena-alimentaria,¿Debería reforzarse la prohibición de pagar a productores agrarios por debajo de sus costes?,no_comparable_evidence,,No se ha encontrado una posición suficientemente clara en las fuentes consultadas.,,,geroa-bai-fiscalidad-2025 | geroa-bai-forales-2023 | geroa-bai-generales-2019 | navarra-nuclear-2025 | geroa-pensiones-enmienda-2014 | geroa-pelotas-2021 | navarra-ebau-2023 | geroa-irpf-2025 | geroa-bai-forales-2015,2026-10-07
iu,Izquierda Unida,cadena-alimentaria,¿Debería reforzarse la prohibición de pagar a productores agrarios por debajo de sus costes?,comparable,support,"Defiende controlar y sancionar incumplimientos de la Ley de la Cadena Alimentaria, que presenta como protección frente a ventas a pérdidas.",https://izquierdaunida.org/wp-content/uploads/2023/07/Programa-IU-Elecciones-Generales-Jl2023.pdf,iu-cadena-alimentaria-iu-2023-revision,iu-2023 | iu-jornada-2024 | iu-palestina-2024 | iu-europeas-2019 | iu-nuclear-2026 | iu-mordaza-2025,2026-10-07
junts,Junts per Catalunya,cadena-alimentaria,¿Debería reforzarse la prohibición de pagar a productores agrarios por debajo de sus costes?,no_comparable_evidence,,No se ha encontrado una posición suficientemente clara en las fuentes consultadas.,,,congreso-jornada-2025 | junts-catalunya-2024 | senado-smi-2022 | senado-pelotas-2021 | senado-cooperacion-2022,2026-10-07
mas-madrid,Más Madrid,cadena-alimentaria,¿Debería reforzarse la prohibición de pagar a productores agrarios por debajo de sus costes?,no_comparable_evidence,,No se ha encontrado una posición suficientemente clara en las fuentes consultadas.,,,mas-madrid-aborto-2025 | mas-madrid-cm-2023 | mas-madrid-jornada-2024 | mas-madrid-alquiler-2026 | mas-madrid-mordaza | senado-cooperacion-2022 | mas-madrid-fortunas-carta-2023,2026-10-07
pp,Partido Popular,cadena-alimentaria,¿Debería reforzarse la prohibición de pagar a productores agrarios por debajo de sus costes?,comparable,support,Propone un equipo de inspección que asegure precios ganaderos superiores a los costes de producción.,https://www.parcan.es/pub/ds.py/2022/130/37/,pp-cadena-alimentaria-ampliacion-2026 | pp-cadena-alimentaria-canarias-cadena-julio-2022-revision,pp-2023 | congreso-jornada-2025 | pp-pension-ipc-2026 | pp-banca-jornada | pp-jornada-2025 | canarias-regularizacion-2026 | senado-smi-2022 | canarias-cadena-julio-2022 | senado-pelotas-2021 | pp-mordaza-pnl-2021 | canarias-cannabis-2024 | pp-alquiler-2025 | pp-palestina-2024 | pp-murcia-2025,2026-10-07
psoe,Partido Socialista Obrero Español,cadena-alimentaria,¿Debería reforzarse la prohibición de pagar a productores agrarios por debajo de sus costes?,comparable,support,Propone asegurar el cumplimiento de la ley de cadena alimentaria reforzando la AICA y los controles autonómicos.,https://xn--espaaavanza-4db.es/wp-content/uploads/2023/07/PROGRAMA_ELECTORAL-GENERALES-2023.pdf,psoe-cadena-alimentaria-psoe-2023-revision,psoe-2023 | psoe-mayo-2024 | psoe-palestina-discurso | psoe-alquiler-2025 | psoe-defensa-plan-2025 | psoe-aborto-pnl-indexada-2025 | senado-pelotas-2021 | psoe-mordaza-2024 | psoe-mordaza-ppl-2024 | psoe-fortunas-2025 | psoe-desahucios-2026 | canarias-cannabis-2024 | psoe-regularizacion-2026,2026-10-07
podemos,Podemos,cadena-alimentaria,¿Debería reforzarse la prohibición de pagar a productores agrarios por debajo de sus costes?,no_comparable_evidence,,No se ha encontrado una posición suficientemente clara en las fuentes consultadas.,,,congreso-jornada-2025 | podemos-jornada-2019 | podemos-infantil-programa | podemos-alquiler-programa | podemos-pensiones-programa | podemos-smi-programa | podemos-cie-programa | podemos-cannabis-programa | podemos-vivienda-publica-programa | podemos-desahucios-programa | podemos-hidroelectricas-programa | podemos-nuclear-programa | podemos-permiso-nacimiento-programa | podemos-transporte-joven-europa | podemos-murcia-dental-2023 | podemos-murcia-regularizacion-2026 | podemos-andalucia-aborto-2023 | podemos-software-2015 | podemos-palestina-2016 | podemos-mordaza-declaracion | podemos-ganaderia-europa | podemos-tpan-europa | podemos-justicia-fiscal | podemos-murcia-igualdad-2017 | podemos-jubilacion-declaracion | podemos-cgpj-programa | podemos-cooperacion-programa,2026-10-07
sumar-2023,Sumar · coalición electoral de 2023,cadena-alimentaria,¿Debería reforzarse la prohibición de pagar a productores agrarios por debajo de sus costes?,comparable,support,Propone sancionar los incumplimientos de la ley de cadena alimentaria y reforzar los medios de la AICA.,https://movimientosumar.es/wp-content/uploads/2023/07/Un-Programa-para-ti.pdf,sumar-2023-cadena-alimentaria-sumar-2023-revision,sumar-2023,2026-10-07
upn,Unión del Pueblo Navarro,cadena-alimentaria,¿Debería reforzarse la prohibición de pagar a productores agrarios por debajo de sus costes?,no_comparable_evidence,,No se ha encontrado una posición suficientemente clara en las fuentes consultadas.,,,upn-2023 | congreso-jornada-2025 | upn-forales-2023 | navarra-nuclear-votacion-2025 | navarra-ebau-2023 | upn-alquiler-2026,2026-10-07
vox,VOX,cadena-alimentaria,¿Debería reforzarse la prohibición de pagar a productores agrarios por debajo de sus costes?,comparable,support,Propone aplicar la Ley de la Cadena Alimentaria para que agricultores y ganaderos no vendan a pérdidas.,https://www.votaabascal.es/assets/pdf/Programa-VOX-2023.pdf,vox-cadena-alimentaria-ampliacion-2026,vox-2023 | congreso-jornada-2025 | vox-cannabis-2022 | vox-defensa-2025 | vox-regularizacion-2026 | senado-pelotas-2021 | vox-mordaza-2024 | canarias-cannabis-2024 | senado-cooperacion-2022 | vox-fortunas-2024,2026-10-07
ahi,Agrupación Herreña Independiente,ganaderia,¿Debería destinarse apoyo público específico a la ganadería extensiva?,comparable,conditional,"Apoya reforzar las ayudas agroambientales, incluidas las destinadas a mantener ganadería no estabulada en dehesas.",https://www.parcan.es/pub/ds.py/2026/115/1/,ahi-ganaderia-canarias-ganaderia-2026-revision,ahi-vivienda-2025 | ahi-canarias-2023 | ahi-frontera-2023 | ahi-decreto-canarias-2025 | canarias-jornada-2025 | canarias-regularizacion-2026 | canarias-aborto-2025 | canarias-ganaderia-2026 | canarias-cannabis-2024,2026-10-07
asg,Agrupación Socialista Gomera,ganaderia,¿Debería destinarse apoyo público específico a la ganadería extensiva?,comparable,conditional,"Apoya las ayudas agroambientales del PEPAC, entre ellas las de ganadería de pastoreo extensivo, con recursos que compensen los costes canarios.",https://www.parcan.es/pub/ds.py/2026/115/1/,asg-ganaderia-canarias-ganaderia-2026-revision,asg-pensiones-2018 | asg-vivienda-2026 | asg-transporte-2025 | canarias-jornada-2025 | canarias-regularizacion-2026 | canarias-aborto-2025 | senado-smi-2022 | canarias-infantil-2020 | canarias-ganaderia-2026 | canarias-cadena-julio-2022 | senado-permisos-2026 | canarias-cannabis-2024,2026-10-07
bng,Bloque Nacionalista Galego,ganaderia,¿Debería destinarse apoyo público específico a la ganadería extensiva?,comparable,conditional,"Propone fomentar la ganadería extensiva mediante pastoreo, una escuela de pastores y un servicio público en colaboración con asociaciones ganaderas.",https://www.bng.gal/media/bnggaliza/files/2024/01/24/24_bng_galegas_programa_goberno.pdf,bng-ganaderia-bng-galegas-2024-revision,bng-2023 | congreso-jornada-35 | bng-galegas-2024,2026-10-07
cc,Coalición Canaria,ganaderia,¿Debería destinarse apoyo público específico a la ganadería extensiva?,no_comparable_evidence,,No se ha encontrado una posición suficientemente clara en las fuentes consultadas.,,,cc-menores-2024 | cc-pensiones | cc-fiscalidad | cc-canarias-2023 | cc-regularizacion-2026 | canarias-jornada-2025 | canarias-regularizacion-2026 | canarias-aborto-2025 | canarias-infantil-2020 | canarias-cannabis-2024,2026-10-07
compromis,Compromís,ganaderia,¿Debería destinarse apoyo público específico a la ganadería extensiva?,comparable,conditional,"Propone un plan público para fomentar la ganadería extensiva, junto a agricultura de secano, pesca artesanal y gestión forestal sostenible.",https://28m.compromis.net/docs/PROGRAMA_ELECTORAL_2023_%20CAS.pdf,compromis-ganaderia-compromis-corts-2023-revision,congreso-jornada-2025 | compromis-sumar-2023 | compromis-alquiler-2025 | compromis-corts-2023 | compromis-generales-2011-societat | compromis-aborto-2025 | compromis-mordaza-2019 | compromis-acuerdo-2016,2026-10-07
erc,Esquerra Republicana de Catalunya,ganaderia,¿Debería destinarse apoyo público específico a la ganadería extensiva?,comparable,support,Propone fomentar ganadería extensiva y transición de intensiva hacia modelos más sostenibles.,https://static.esquerra.cat/uploads/20230905/e2023-programa.pdf,erc-ganaderia,erc-2023 | congreso-jornada-2025 | erc-dental-2026 | erc-cannabis-2021 | erc-vivienda-2018 | erc-palestina-2026 | erc-industria-2026 | erc-cuestionario-pensiones | erc-europeas-2024 | erc-jornada-2024 | erc-catalunya-2024,2026-10-07
eh-bildu,Euskal Herria Bildu,ganaderia,¿Debería destinarse apoyo público específico a la ganadería extensiva?,no_comparable_evidence,,No se ha encontrado una posición suficientemente clara en las fuentes consultadas.,,,bildu-2023 | bildu-gasteiz-programa | bildu-euskadi-2024 | navarra-nuclear-2025 | navarra-ebau-2023,2026-10-07
pnv,Euzko Alderdi Jeltzalea–Partido Nacionalista Vasco,ganaderia,¿Debería destinarse apoyo público específico a la ganadería extensiva?,no_comparable_evidence,,No se ha encontrado una posición suficientemente clara en las fuentes consultadas.,,,pnv-2023 | congreso-jornada-2025 | pnv-euskadi-2024 | senado-smi-2022 | senado-pelotas-2021 | pnv-mordaza-2024 | pnv-irpf-2022 | pnv-palestina-2024 | pnv-fortunas-acuerdo-2023,2026-10-07
geroa-bai,Geroa Bai,ganaderia,¿Debería destinarse apoyo público específico a la ganadería extensiva?,comparable,conditional,Propone impulsar el Plan Estratégico de la Ganadería Extensiva de Navarra.,https://geroabai.eus/files/2023/05/programa-parlamento-completo-pag-4.pdf,geroa-bai-ganaderia-geroa-bai-forales-2023-revision,geroa-bai-fiscalidad-2025 | geroa-bai-forales-2023 | geroa-bai-generales-2019 | navarra-nuclear-2025 | geroa-pensiones-enmienda-2014 | geroa-pelotas-2021 | navarra-ebau-2023 | geroa-irpf-2025 | geroa-bai-forales-2015,2026-10-07
iu,Izquierda Unida,ganaderia,¿Debería destinarse apoyo público específico a la ganadería extensiva?,comparable,support,Propone apoyo a ganadería extensiva mediante la PAC y condiciones sociales.,https://izquierdaunida.org/wp-content/uploads/2023/07/Programa-IU-Elecciones-Generales-Jl2023.pdf,iu-ganaderia,iu-2023 | iu-jornada-2024 | iu-palestina-2024 | iu-europeas-2019 | iu-nuclear-2026 | iu-mordaza-2025,2026-10-07
junts,Junts per Catalunya,ganaderia,¿Debería destinarse apoyo público específico a la ganadería extensiva?,comparable,conditional,Propone ejecutar el plan catalán de ganadería extensiva y contratos para pastoreo que prevenga incendios y mejore la biodiversidad.,https://carlespuigdemont.cat/wp-content/uploads/2024/04/PROGRAMA-DE-GOVERN.pdf,junts-ganaderia-junts-catalunya-2024-revision,congreso-jornada-2025 | junts-catalunya-2024 | senado-smi-2022 | senado-pelotas-2021 | senado-cooperacion-2022,2026-10-07
mas-madrid,Más Madrid,ganaderia,¿Debería destinarse apoyo público específico a la ganadería extensiva?,no_comparable_evidence,,No se ha encontrado una posición suficientemente clara en las fuentes consultadas.,,,mas-madrid-aborto-2025 | mas-madrid-cm-2023 | mas-madrid-jornada-2024 | mas-madrid-alquiler-2026 | mas-madrid-mordaza | senado-cooperacion-2022 | mas-madrid-fortunas-carta-2023,2026-10-07
pp,Partido Popular,ganaderia,¿Debería destinarse apoyo público específico a la ganadería extensiva?,comparable,support,"Defiende políticas públicas que favorezcan la ganadería extensiva, el pastoreo y otras actividades rurales sostenibles.",https://www.pp.es/storage/2025/09/20250925Declaracion_RegiondeMurcia_PP.pdf,pp-ganaderia-pp-murcia-2025-revision,pp-2023 | congreso-jornada-2025 | pp-pension-ipc-2026 | pp-banca-jornada | pp-jornada-2025 | canarias-regularizacion-2026 | senado-smi-2022 | canarias-cadena-julio-2022 | senado-pelotas-2021 | pp-mordaza-pnl-2021 | canarias-cannabis-2024 | pp-alquiler-2025 | pp-palestina-2024 | pp-murcia-2025,2026-10-07
psoe,Partido Socialista Obrero Español,ganaderia,¿Debería destinarse apoyo público específico a la ganadería extensiva?,comparable,support,Propone apoyar especialmente la ganadería extensiva por sus efectos sociales y ambientales.,https://xn--espaaavanza-4db.es/wp-content/uploads/2023/07/PROGRAMA_ELECTORAL-GENERALES-2023.pdf,psoe-ganaderia,psoe-2023 | psoe-mayo-2024 | psoe-palestina-discurso | psoe-alquiler-2025 | psoe-defensa-plan-2025 | psoe-aborto-pnl-indexada-2025 | senado-pelotas-2021 | psoe-mordaza-2024 | psoe-mordaza-ppl-2024 | psoe-fortunas-2025 | psoe-desahucios-2026 | canarias-cannabis-2024 | psoe-regularizacion-2026,2026-10-07
podemos,Podemos,ganaderia,¿Debería destinarse apoyo público específico a la ganadería extensiva?,comparable,conditional,"Propone mantener ayudas de la PAC a sectores estratégicos como la ganadería extensiva, con condiciones ambientales y laborales.",https://podemos.info/medida-europa/un-reparto-justo-y-adecuado-de-las-ayudas-directas/,podemos-ganaderia-podemos-ganaderia-europa-revision,congreso-jornada-2025 | podemos-jornada-2019 | podemos-infantil-programa | podemos-alquiler-programa | podemos-pensiones-programa | podemos-smi-programa | podemos-cie-programa | podemos-cannabis-programa | podemos-vivienda-publica-programa | podemos-desahucios-programa | podemos-hidroelectricas-programa | podemos-nuclear-programa | podemos-permiso-nacimiento-programa | podemos-transporte-joven-europa | podemos-murcia-dental-2023 | podemos-murcia-regularizacion-2026 | podemos-andalucia-aborto-2023 | podemos-software-2015 | podemos-palestina-2016 | podemos-mordaza-declaracion | podemos-ganaderia-europa | podemos-tpan-europa | podemos-justicia-fiscal | podemos-murcia-igualdad-2017 | podemos-jubilacion-declaracion | podemos-cgpj-programa | podemos-cooperacion-programa,2026-10-07
sumar-2023,Sumar · coalición electoral de 2023,ganaderia,¿Debería destinarse apoyo público específico a la ganadería extensiva?,comparable,support,Propone apoyos suplementarios para la ganadería extensiva y un modelo sostenible de producción.,https://movimientosumar.es/wp-content/uploads/2023/07/Un-Programa-para-ti.pdf,sumar-2023-ganaderia,sumar-2023,2026-10-07
upn,Unión del Pueblo Navarro,ganaderia,¿Debería destinarse apoyo público específico a la ganadería extensiva?,no_comparable_evidence,,No se ha encontrado una posición suficientemente clara en las fuentes consultadas.,,,upn-2023 | congreso-jornada-2025 | upn-forales-2023 | navarra-nuclear-votacion-2025 | navarra-ebau-2023 | upn-alquiler-2026,2026-10-07
vox,VOX,ganaderia,¿Debería destinarse apoyo público específico a la ganadería extensiva?,comparable,support,Propone facilitar el pastoreo extensivo como prevención de incendios.,https://www.votaabascal.es/assets/pdf/Programa-VOX-2023.pdf,vox-ganaderia,vox-2023 | congreso-jornada-2025 | vox-cannabis-2022 | vox-defensa-2025 | vox-regularizacion-2026 | senado-pelotas-2021 | vox-mordaza-2024 | canarias-cannabis-2024 | senado-cooperacion-2022 | vox-fortunas-2024,2026-10-07
ahi,Agrupación Herreña Independiente,ley-industria,¿Debería aprobarse una nueva ley de industria?,no_comparable_evidence,,No se ha encontrado una posición suficientemente clara en las fuentes consultadas.,,,ahi-vivienda-2025 | ahi-canarias-2023 | ahi-frontera-2023 | ahi-decreto-canarias-2025 | canarias-jornada-2025 | canarias-regularizacion-2026 | canarias-aborto-2025 | canarias-ganaderia-2026 | canarias-cannabis-2024,2026-10-07
asg,Agrupación Socialista Gomera,ley-industria,¿Debería aprobarse una nueva ley de industria?,no_comparable_evidence,,No se ha encontrado una posición suficientemente clara en las fuentes consultadas.,,,asg-pensiones-2018 | asg-vivienda-2026 | asg-transporte-2025 | canarias-jornada-2025 | canarias-regularizacion-2026 | canarias-aborto-2025 | senado-smi-2022 | canarias-infantil-2020 | canarias-ganaderia-2026 | canarias-cadena-julio-2022 | senado-permisos-2026 | canarias-cannabis-2024,2026-10-07
bng,Bloque Nacionalista Galego,ley-industria,¿Debería aprobarse una nueva ley de industria?,no_comparable_evidence,,No se ha encontrado una posición suficientemente clara en las fuentes consultadas.,,,bng-2023 | congreso-jornada-35 | bng-galegas-2024,2026-10-07
cc,Coalición Canaria,ley-industria,¿Debería aprobarse una nueva ley de industria?,no_comparable_evidence,,No se ha encontrado una posición suficientemente clara en las fuentes consultadas.,,,cc-menores-2024 | cc-pensiones | cc-fiscalidad | cc-canarias-2023 | cc-regularizacion-2026 | canarias-jornada-2025 | canarias-regularizacion-2026 | canarias-aborto-2025 | canarias-infantil-2020 | canarias-cannabis-2024,2026-10-07
compromis,Compromís,ley-industria,¿Debería aprobarse una nueva ley de industria?,no_comparable_evidence,,No se ha encontrado una posición suficientemente clara en las fuentes consultadas.,,,congreso-jornada-2025 | compromis-sumar-2023 | compromis-alquiler-2025 | compromis-corts-2023 | compromis-generales-2011-societat | compromis-aborto-2025 | compromis-mordaza-2019 | compromis-acuerdo-2016,2026-10-07
erc,Esquerra Republicana de Catalunya,ley-industria,¿Debería aprobarse una nueva ley de industria?,comparable,support,Reclama tramitar una nueva ley estatal de industria que sustituya a la de 1992.,https://www.esquerra.cat/esquerra-reclama-al-congres-la-nova-llei-dindustria-per-impulsar-la-modernitzacio-i-la-competitivitat-del-sector/,erc-ley-industria-erc-industria-2026-revision,erc-2023 | congreso-jornada-2025 | erc-dental-2026 | erc-cannabis-2021 | erc-vivienda-2018 | erc-palestina-2026 | erc-industria-2026 | erc-cuestionario-pensiones | erc-europeas-2024 | erc-jornada-2024 | erc-catalunya-2024,2026-10-07
eh-bildu,Euskal Herria Bildu,ley-industria,¿Debería aprobarse una nueva ley de industria?,comparable,support,"Propone una nueva ley de industria centrada en pymes, investigación, innovación y digitalización.",https://ehbildu.eus/dokumentuak/23J-COMPROMISO-DE-EUSKAL-HERRIA-BILDU.pdf,eh-bildu-ley-industria,bildu-2023 | bildu-gasteiz-programa | bildu-euskadi-2024 | navarra-nuclear-2025 | navarra-ebau-2023,2026-10-07
pnv,Euzko Alderdi Jeltzalea–Partido Nacionalista Vasco,ley-industria,¿Debería aprobarse una nueva ley de industria?,comparable,conditional,Defiende una ley de industria que respete las competencias autonómicas.,https://www.eaj-pnv.eus/es/adjuntos-documentos/20945/pdf/con-voz-propia-programa-electoral-23-j,pnv-ley-industria-pnv-2023-revision,pnv-2023 | congreso-jornada-2025 | pnv-euskadi-2024 | senado-smi-2022 | senado-pelotas-2021 | pnv-mordaza-2024 | pnv-irpf-2022 | pnv-palestina-2024 | pnv-fortunas-acuerdo-2023,2026-10-07
geroa-bai,Geroa Bai,ley-industria,¿Debería aprobarse una nueva ley de industria?,comparable,conditional,Propone elaborar una Ley Foral de Industria de Navarra.,https://geroabai.eus/files/2023/05/programa-parlamento-completo-pag-4.pdf,geroa-bai-ley-industria-geroa-bai-forales-2023-revision,geroa-bai-fiscalidad-2025 | geroa-bai-forales-2023 | geroa-bai-generales-2019 | navarra-nuclear-2025 | geroa-pensiones-enmienda-2014 | geroa-pelotas-2021 | navarra-ebau-2023 | geroa-irpf-2025 | geroa-bai-forales-2015,2026-10-07
iu,Izquierda Unida,ley-industria,¿Debería aprobarse una nueva ley de industria?,no_comparable_evidence,,No se ha encontrado una posición suficientemente clara en las fuentes consultadas.,,,iu-2023 | iu-jornada-2024 | iu-palestina-2024 | iu-europeas-2019 | iu-nuclear-2026 | iu-mordaza-2025,2026-10-07
junts,Junts per Catalunya,ley-industria,¿Debería aprobarse una nueva ley de industria?,no_comparable_evidence,,No se ha encontrado una posición suficientemente clara en las fuentes consultadas.,,,congreso-jornada-2025 | junts-catalunya-2024 | senado-smi-2022 | senado-pelotas-2021 | senado-cooperacion-2022,2026-10-07
mas-madrid,Más Madrid,ley-industria,¿Debería aprobarse una nueva ley de industria?,no_comparable_evidence,,No se ha encontrado una posición suficientemente clara en las fuentes consultadas.,,,mas-madrid-aborto-2025 | mas-madrid-cm-2023 | mas-madrid-jornada-2024 | mas-madrid-alquiler-2026 | mas-madrid-mordaza | senado-cooperacion-2022 | mas-madrid-fortunas-carta-2023,2026-10-07
pp,Partido Popular,ley-industria,¿Debería aprobarse una nueva ley de industria?,no_comparable_evidence,,No se ha encontrado una posición suficientemente clara en las fuentes consultadas.,,,pp-2023 | congreso-jornada-2025 | pp-pension-ipc-2026 | pp-banca-jornada | pp-jornada-2025 | canarias-regularizacion-2026 | senado-smi-2022 | canarias-cadena-julio-2022 | senado-pelotas-2021 | pp-mordaza-pnl-2021 | canarias-cannabis-2024 | pp-alquiler-2025 | pp-palestina-2024 | pp-murcia-2025,2026-10-07
psoe,Partido Socialista Obrero Español,ley-industria,¿Debería aprobarse una nueva ley de industria?,comparable,support,Propone aprobar una nueva ley de industria diseñada con sector y agentes sociales.,https://xn--espaaavanza-4db.es/wp-content/uploads/2023/07/PROGRAMA_ELECTORAL-GENERALES-2023.pdf,psoe-ley-industria,psoe-2023 | psoe-mayo-2024 | psoe-palestina-discurso | psoe-alquiler-2025 | psoe-defensa-plan-2025 | psoe-aborto-pnl-indexada-2025 | senado-pelotas-2021 | psoe-mordaza-2024 | psoe-mordaza-ppl-2024 | psoe-fortunas-2025 | psoe-desahucios-2026 | canarias-cannabis-2024 | psoe-regularizacion-2026,2026-10-07
podemos,Podemos,ley-industria,¿Debería aprobarse una nueva ley de industria?,no_comparable_evidence,,No se ha encontrado una posición suficientemente clara en las fuentes consultadas.,,,congreso-jornada-2025 | podemos-jornada-2019 | podemos-infantil-programa | podemos-alquiler-programa | podemos-pensiones-programa | podemos-smi-programa | podemos-cie-programa | podemos-cannabis-programa | podemos-vivienda-publica-programa | podemos-desahucios-programa | podemos-hidroelectricas-programa | podemos-nuclear-programa | podemos-permiso-nacimiento-programa | podemos-transporte-joven-europa | podemos-murcia-dental-2023 | podemos-murcia-regularizacion-2026 | podemos-andalucia-aborto-2023 | podemos-software-2015 | podemos-palestina-2016 | podemos-mordaza-declaracion | podemos-ganaderia-europa | podemos-tpan-europa | podemos-justicia-fiscal | podemos-murcia-igualdad-2017 | podemos-jubilacion-declaracion | podemos-cgpj-programa | podemos-cooperacion-programa,2026-10-07
sumar-2023,Sumar · coalición electoral de 2023,ley-industria,¿Debería aprobarse una nueva ley de industria?,no_comparable_evidence,,No se ha encontrado una posición suficientemente clara en las fuentes consultadas.,,,sumar-2023,2026-10-07
upn,Unión del Pueblo Navarro,ley-industria,¿Debería aprobarse una nueva ley de industria?,no_comparable_evidence,,No se ha encontrado una posición suficientemente clara en las fuentes consultadas.,,,upn-2023 | congreso-jornada-2025 | upn-forales-2023 | navarra-nuclear-votacion-2025 | navarra-ebau-2023 | upn-alquiler-2026,2026-10-07
vox,VOX,ley-industria,¿Debería aprobarse una nueva ley de industria?,comparable,support,Propone una ley de industria para potenciar la reindustrialización de España.,https://www.votaabascal.es/assets/pdf/Programa-VOX-2023.pdf,vox-ley-industria-vox-2023-revision,vox-2023 | congreso-jornada-2025 | vox-cannabis-2022 | vox-defensa-2025 | vox-regularizacion-2026 | senado-pelotas-2021 | vox-mordaza-2024 | canarias-cannabis-2024 | senado-cooperacion-2022 | vox-fortunas-2024,2026-10-07
ahi,Agrupación Herreña Independiente,convenios,¿Deberían prevalecer los convenios autonómicos cuando sean más favorables para los trabajadores?,no_comparable_evidence,,No se ha encontrado una posición suficientemente clara en las fuentes consultadas.,,,ahi-vivienda-2025 | ahi-canarias-2023 | ahi-frontera-2023 | ahi-decreto-canarias-2025 | canarias-jornada-2025 | canarias-regularizacion-2026 | canarias-aborto-2025 | canarias-ganaderia-2026 | canarias-cannabis-2024,2026-10-07
asg,Agrupación Socialista Gomera,convenios,¿Deberían prevalecer los convenios autonómicos cuando sean más favorables para los trabajadores?,no_comparable_evidence,,No se ha encontrado una posición suficientemente clara en las fuentes consultadas.,,,asg-pensiones-2018 | asg-vivienda-2026 | asg-transporte-2025 | canarias-jornada-2025 | canarias-regularizacion-2026 | canarias-aborto-2025 | senado-smi-2022 | canarias-infantil-2020 | canarias-ganaderia-2026 | canarias-cadena-julio-2022 | senado-permisos-2026 | canarias-cannabis-2024,2026-10-07
bng,Bloque Nacionalista Galego,convenios,¿Deberían prevalecer los convenios autonómicos cuando sean más favorables para los trabajadores?,related,,Propone prevalencia de convenios provinciales o gallegos sobre los estatales. | Defiende un marco gallego de relaciones laborales con prevalencia de convenios gallegos sobre los estatales.,https://www.bng.gal/media/bnggaliza/files/2023/07/05/23_bng_xerais_programa.pdf | https://www.bng.gal/media/bnggaliza/files/2024/01/24/24_bng_galegas_programa_goberno.pdf,bng-convenios-ampliacion-2026 | bng-convenios-bng-galegas-2024-revision,bng-2023 | congreso-jornada-35 | bng-galegas-2024,2026-10-07
cc,Coalición Canaria,convenios,¿Deberían prevalecer los convenios autonómicos cuando sean más favorables para los trabajadores?,no_comparable_evidence,,No se ha encontrado una posición suficientemente clara en las fuentes consultadas.,,,cc-menores-2024 | cc-pensiones | cc-fiscalidad | cc-canarias-2023 | cc-regularizacion-2026 | canarias-jornada-2025 | canarias-regularizacion-2026 | canarias-aborto-2025 | canarias-infantil-2020 | canarias-cannabis-2024,2026-10-07
compromis,Compromís,convenios,¿Deberían prevalecer los convenios autonómicos cuando sean más favorables para los trabajadores?,no_comparable_evidence,,No se ha encontrado una posición suficientemente clara en las fuentes consultadas.,,,congreso-jornada-2025 | compromis-sumar-2023 | compromis-alquiler-2025 | compromis-corts-2023 | compromis-generales-2011-societat | compromis-aborto-2025 | compromis-mordaza-2019 | compromis-acuerdo-2016,2026-10-07
erc,Esquerra Republicana de Catalunya,convenios,¿Deberían prevalecer los convenios autonómicos cuando sean más favorables para los trabajadores?,no_comparable_evidence,,No se ha encontrado una posición suficientemente clara en las fuentes consultadas.,,,erc-2023 | congreso-jornada-2025 | erc-dental-2026 | erc-cannabis-2021 | erc-vivienda-2018 | erc-palestina-2026 | erc-industria-2026 | erc-cuestionario-pensiones | erc-europeas-2024 | erc-jornada-2024 | erc-catalunya-2024,2026-10-07
eh-bildu,Euskal Herria Bildu,convenios,¿Deberían prevalecer los convenios autonómicos cuando sean más favorables para los trabajadores?,comparable,conditional,"Propone dar prioridad a convenios vascos, provinciales y autonómicos asegurando un aumento salarial superior al estatal.",https://ehbildu.eus/dokumentuak/23J-COMPROMISO-DE-EUSKAL-HERRIA-BILDU.pdf,eh-bildu-convenios-ampliacion-2026,bildu-2023 | bildu-gasteiz-programa | bildu-euskadi-2024 | navarra-nuclear-2025 | navarra-ebau-2023,2026-10-07
pnv,Euzko Alderdi Jeltzalea–Partido Nacionalista Vasco,convenios,¿Deberían prevalecer los convenios autonómicos cuando sean más favorables para los trabajadores?,comparable,support,Propone prevalencia de convenios autonómicos cuando sean más favorables para trabajadores.,https://www.eaj-pnv.eus/es/adjuntos-documentos/20945/pdf/con-voz-propia-programa-electoral-23-j,pnv-convenios | pnv-convenios-pnv-euskadi-2024-revision,pnv-2023 | congreso-jornada-2025 | pnv-euskadi-2024 | senado-smi-2022 | senado-pelotas-2021 | pnv-mordaza-2024 | pnv-irpf-2022 | pnv-palestina-2024 | pnv-fortunas-acuerdo-2023,2026-10-07
geroa-bai,Geroa Bai,convenios,¿Deberían prevalecer los convenios autonómicos cuando sean más favorables para los trabajadores?,no_comparable_evidence,,No se ha encontrado una posición suficientemente clara en las fuentes consultadas.,,,geroa-bai-fiscalidad-2025 | geroa-bai-forales-2023 | geroa-bai-generales-2019 | navarra-nuclear-2025 | geroa-pensiones-enmienda-2014 | geroa-pelotas-2021 | navarra-ebau-2023 | geroa-irpf-2025 | geroa-bai-forales-2015,2026-10-07
iu,Izquierda Unida,convenios,¿Deberían prevalecer los convenios autonómicos cuando sean más favorables para los trabajadores?,no_comparable_evidence,,No se ha encontrado una posición suficientemente clara en las fuentes consultadas.,,,iu-2023 | iu-jornada-2024 | iu-palestina-2024 | iu-europeas-2019 | iu-nuclear-2026 | iu-mordaza-2025,2026-10-07
junts,Junts per Catalunya,convenios,¿Deberían prevalecer los convenios autonómicos cuando sean más favorables para los trabajadores?,no_comparable_evidence,,No se ha encontrado una posición suficientemente clara en las fuentes consultadas.,,,congreso-jornada-2025 | junts-catalunya-2024 | senado-smi-2022 | senado-pelotas-2021 | senado-cooperacion-2022,2026-10-07
mas-madrid,Más Madrid,convenios,¿Deberían prevalecer los convenios autonómicos cuando sean más favorables para los trabajadores?,no_comparable_evidence,,No se ha encontrado una posición suficientemente clara en las fuentes consultadas.,,,mas-madrid-aborto-2025 | mas-madrid-cm-2023 | mas-madrid-jornada-2024 | mas-madrid-alquiler-2026 | mas-madrid-mordaza | senado-cooperacion-2022 | mas-madrid-fortunas-carta-2023,2026-10-07
pp,Partido Popular,convenios,¿Deberían prevalecer los convenios autonómicos cuando sean más favorables para los trabajadores?,no_comparable_evidence,,No se ha encontrado una posición suficientemente clara en las fuentes consultadas.,,,pp-2023 | congreso-jornada-2025 | pp-pension-ipc-2026 | pp-banca-jornada | pp-jornada-2025 | canarias-regularizacion-2026 | senado-smi-2022 | canarias-cadena-julio-2022 | senado-pelotas-2021 | pp-mordaza-pnl-2021 | canarias-cannabis-2024 | pp-alquiler-2025 | pp-palestina-2024 | pp-murcia-2025,2026-10-07
psoe,Partido Socialista Obrero Español,convenios,¿Deberían prevalecer los convenios autonómicos cuando sean más favorables para los trabajadores?,no_comparable_evidence,,No se ha encontrado una posición suficientemente clara en las fuentes consultadas.,,,psoe-2023 | psoe-mayo-2024 | psoe-palestina-discurso | psoe-alquiler-2025 | psoe-defensa-plan-2025 | psoe-aborto-pnl-indexada-2025 | senado-pelotas-2021 | psoe-mordaza-2024 | psoe-mordaza-ppl-2024 | psoe-fortunas-2025 | psoe-desahucios-2026 | canarias-cannabis-2024 | psoe-regularizacion-2026,2026-10-07
podemos,Podemos,convenios,¿Deberían prevalecer los convenios autonómicos cuando sean más favorables para los trabajadores?,no_comparable_evidence,,No se ha encontrado una posición suficientemente clara en las fuentes consultadas.,,,congreso-jornada-2025 | podemos-jornada-2019 | podemos-infantil-programa | podemos-alquiler-programa | podemos-pensiones-programa | podemos-smi-programa | podemos-cie-programa | podemos-cannabis-programa | podemos-vivienda-publica-programa | podemos-desahucios-programa | podemos-hidroelectricas-programa | podemos-nuclear-programa | podemos-permiso-nacimiento-programa | podemos-transporte-joven-europa | podemos-murcia-dental-2023 | podemos-murcia-regularizacion-2026 | podemos-andalucia-aborto-2023 | podemos-software-2015 | podemos-palestina-2016 | podemos-mordaza-declaracion | podemos-ganaderia-europa | podemos-tpan-europa | podemos-justicia-fiscal | podemos-murcia-igualdad-2017 | podemos-jubilacion-declaracion | podemos-cgpj-programa | podemos-cooperacion-programa,2026-10-07
sumar-2023,Sumar · coalición electoral de 2023,convenios,¿Deberían prevalecer los convenios autonómicos cuando sean más favorables para los trabajadores?,no_comparable_evidence,,No se ha encontrado una posición suficientemente clara en las fuentes consultadas.,,,sumar-2023,2026-10-07
upn,Unión del Pueblo Navarro,convenios,¿Deberían prevalecer los convenios autonómicos cuando sean más favorables para los trabajadores?,no_comparable_evidence,,No se ha encontrado una posición suficientemente clara en las fuentes consultadas.,,,upn-2023 | congreso-jornada-2025 | upn-forales-2023 | navarra-nuclear-votacion-2025 | navarra-ebau-2023 | upn-alquiler-2026,2026-10-07
vox,VOX,convenios,¿Deberían prevalecer los convenios autonómicos cuando sean más favorables para los trabajadores?,no_comparable_evidence,,No se ha encontrado una posición suficientemente clara en las fuentes consultadas.,,,vox-2023 | congreso-jornada-2025 | vox-cannabis-2022 | vox-defensa-2025 | vox-regularizacion-2026 | senado-pelotas-2021 | vox-mordaza-2024 | canarias-cannabis-2024 | senado-cooperacion-2022 | vox-fortunas-2024,2026-10-07
ahi,Agrupación Herreña Independiente,reglas-fiscales,¿Deberían flexibilizarse las reglas fiscales europeas para inversiones de transición ecológica y digital?,no_comparable_evidence,,No se ha encontrado una posición suficientemente clara en las fuentes consultadas.,,,ahi-vivienda-2025 | ahi-canarias-2023 | ahi-frontera-2023 | ahi-decreto-canarias-2025 | canarias-jornada-2025 | canarias-regularizacion-2026 | canarias-aborto-2025 | canarias-ganaderia-2026 | canarias-cannabis-2024,2026-10-07
asg,Agrupación Socialista Gomera,reglas-fiscales,¿Deberían flexibilizarse las reglas fiscales europeas para inversiones de transición ecológica y digital?,no_comparable_evidence,,No se ha encontrado una posición suficientemente clara en las fuentes consultadas.,,,asg-pensiones-2018 | asg-vivienda-2026 | asg-transporte-2025 | canarias-jornada-2025 | canarias-regularizacion-2026 | canarias-aborto-2025 | senado-smi-2022 | canarias-infantil-2020 | canarias-ganaderia-2026 | canarias-cadena-julio-2022 | senado-permisos-2026 | canarias-cannabis-2024,2026-10-07
bng,Bloque Nacionalista Galego,reglas-fiscales,¿Deberían flexibilizarse las reglas fiscales europeas para inversiones de transición ecológica y digital?,no_comparable_evidence,,No se ha encontrado una posición suficientemente clara en las fuentes consultadas.,,,bng-2023 | congreso-jornada-35 | bng-galegas-2024,2026-10-07
cc,Coalición Canaria,reglas-fiscales,¿Deberían flexibilizarse las reglas fiscales europeas para inversiones de transición ecológica y digital?,no_comparable_evidence,,No se ha encontrado una posición suficientemente clara en las fuentes consultadas.,,,cc-menores-2024 | cc-pensiones | cc-fiscalidad | cc-canarias-2023 | cc-regularizacion-2026 | canarias-jornada-2025 | canarias-regularizacion-2026 | canarias-aborto-2025 | canarias-infantil-2020 | canarias-cannabis-2024,2026-10-07
compromis,Compromís,reglas-fiscales,¿Deberían flexibilizarse las reglas fiscales europeas para inversiones de transición ecológica y digital?,no_comparable_evidence,,No se ha encontrado una posición suficientemente clara en las fuentes consultadas.,,,congreso-jornada-2025 | compromis-sumar-2023 | compromis-alquiler-2025 | compromis-corts-2023 | compromis-generales-2011-societat | compromis-aborto-2025 | compromis-mordaza-2019 | compromis-acuerdo-2016,2026-10-07
erc,Esquerra Republicana de Catalunya,reglas-fiscales,¿Deberían flexibilizarse las reglas fiscales europeas para inversiones de transición ecológica y digital?,comparable,conditional,"Propone reformar las reglas fiscales para favorecer la inversión y la transición justa, alineando las transiciones verde y digital.",https://static.esquerra.cat/uploads/20240527/Programa-electoral-eleccions-Parlament-Europeu-2024.pdf,erc-reglas-fiscales-erc-europeas-2024-revision,erc-2023 | congreso-jornada-2025 | erc-dental-2026 | erc-cannabis-2021 | erc-vivienda-2018 | erc-palestina-2026 | erc-industria-2026 | erc-cuestionario-pensiones | erc-europeas-2024 | erc-jornada-2024 | erc-catalunya-2024,2026-10-07
eh-bildu,Euskal Herria Bildu,reglas-fiscales,¿Deberían flexibilizarse las reglas fiscales europeas para inversiones de transición ecológica y digital?,no_comparable_evidence,,No se ha encontrado una posición suficientemente clara en las fuentes consultadas.,,,bildu-2023 | bildu-gasteiz-programa | bildu-euskadi-2024 | navarra-nuclear-2025 | navarra-ebau-2023,2026-10-07
pnv,Euzko Alderdi Jeltzalea–Partido Nacionalista Vasco,reglas-fiscales,¿Deberían flexibilizarse las reglas fiscales europeas para inversiones de transición ecológica y digital?,comparable,support,Propone exceptuar inversiones o flexibilizar el cómputo fiscal para transición ecológica y digital.,https://www.eaj-pnv.eus/es/adjuntos-documentos/20945/pdf/con-voz-propia-programa-electoral-23-j,pnv-reglas-fiscales,pnv-2023 | congreso-jornada-2025 | pnv-euskadi-2024 | senado-smi-2022 | senado-pelotas-2021 | pnv-mordaza-2024 | pnv-irpf-2022 | pnv-palestina-2024 | pnv-fortunas-acuerdo-2023,2026-10-07
geroa-bai,Geroa Bai,reglas-fiscales,¿Deberían flexibilizarse las reglas fiscales europeas para inversiones de transición ecológica y digital?,no_comparable_evidence,,No se ha encontrado una posición suficientemente clara en las fuentes consultadas.,,,geroa-bai-fiscalidad-2025 | geroa-bai-forales-2023 | geroa-bai-generales-2019 | navarra-nuclear-2025 | geroa-pensiones-enmienda-2014 | geroa-pelotas-2021 | navarra-ebau-2023 | geroa-irpf-2025 | geroa-bai-forales-2015,2026-10-07
iu,Izquierda Unida,reglas-fiscales,¿Deberían flexibilizarse las reglas fiscales europeas para inversiones de transición ecológica y digital?,comparable,conditional,"Propone eliminar umbrales fiscales uniformes y adaptar las reglas a cada país, protegiendo gasto e inversión bajo condiciones sociales.",https://izquierdaunida.org/wp-content/uploads/2023/07/Programa-IU-Elecciones-Generales-Jl2023.pdf,iu-reglas-fiscales-iu-2023-revision,iu-2023 | iu-jornada-2024 | iu-palestina-2024 | iu-europeas-2019 | iu-nuclear-2026 | iu-mordaza-2025,2026-10-07
junts,Junts per Catalunya,reglas-fiscales,¿Deberían flexibilizarse las reglas fiscales europeas para inversiones de transición ecológica y digital?,no_comparable_evidence,,No se ha encontrado una posición suficientemente clara en las fuentes consultadas.,,,congreso-jornada-2025 | junts-catalunya-2024 | senado-smi-2022 | senado-pelotas-2021 | senado-cooperacion-2022,2026-10-07
mas-madrid,Más Madrid,reglas-fiscales,¿Deberían flexibilizarse las reglas fiscales europeas para inversiones de transición ecológica y digital?,no_comparable_evidence,,No se ha encontrado una posición suficientemente clara en las fuentes consultadas.,,,mas-madrid-aborto-2025 | mas-madrid-cm-2023 | mas-madrid-jornada-2024 | mas-madrid-alquiler-2026 | mas-madrid-mordaza | senado-cooperacion-2022 | mas-madrid-fortunas-carta-2023,2026-10-07
pp,Partido Popular,reglas-fiscales,¿Deberían flexibilizarse las reglas fiscales europeas para inversiones de transición ecológica y digital?,no_comparable_evidence,,No se ha encontrado una posición suficientemente clara en las fuentes consultadas.,,,pp-2023 | congreso-jornada-2025 | pp-pension-ipc-2026 | pp-banca-jornada | pp-jornada-2025 | canarias-regularizacion-2026 | senado-smi-2022 | canarias-cadena-julio-2022 | senado-pelotas-2021 | pp-mordaza-pnl-2021 | canarias-cannabis-2024 | pp-alquiler-2025 | pp-palestina-2024 | pp-murcia-2025,2026-10-07
psoe,Partido Socialista Obrero Español,reglas-fiscales,¿Deberían flexibilizarse las reglas fiscales europeas para inversiones de transición ecológica y digital?,no_comparable_evidence,,No se ha encontrado una posición suficientemente clara en las fuentes consultadas.,,,psoe-2023 | psoe-mayo-2024 | psoe-palestina-discurso | psoe-alquiler-2025 | psoe-defensa-plan-2025 | psoe-aborto-pnl-indexada-2025 | senado-pelotas-2021 | psoe-mordaza-2024 | psoe-mordaza-ppl-2024 | psoe-fortunas-2025 | psoe-desahucios-2026 | canarias-cannabis-2024 | psoe-regularizacion-2026,2026-10-07
podemos,Podemos,reglas-fiscales,¿Deberían flexibilizarse las reglas fiscales europeas para inversiones de transición ecológica y digital?,no_comparable_evidence,,No se ha encontrado una posición suficientemente clara en las fuentes consultadas.,,,congreso-jornada-2025 | podemos-jornada-2019 | podemos-infantil-programa | podemos-alquiler-programa | podemos-pensiones-programa | podemos-smi-programa | podemos-cie-programa | podemos-cannabis-programa | podemos-vivienda-publica-programa | podemos-desahucios-programa | podemos-hidroelectricas-programa | podemos-nuclear-programa | podemos-permiso-nacimiento-programa | podemos-transporte-joven-europa | podemos-murcia-dental-2023 | podemos-murcia-regularizacion-2026 | podemos-andalucia-aborto-2023 | podemos-software-2015 | podemos-palestina-2016 | podemos-mordaza-declaracion | podemos-ganaderia-europa | podemos-tpan-europa | podemos-justicia-fiscal | podemos-murcia-igualdad-2017 | podemos-jubilacion-declaracion | podemos-cgpj-programa | podemos-cooperacion-programa,2026-10-07
sumar-2023,Sumar · coalición electoral de 2023,reglas-fiscales,¿Deberían flexibilizarse las reglas fiscales europeas para inversiones de transición ecológica y digital?,comparable,conditional,Propone excluir del cálculo del déficit las inversiones en transición ecológica e infraestructura social.,https://movimientosumar.es/wp-content/uploads/2023/07/Un-Programa-para-ti.pdf,sumar-2023-reglas-fiscales | sumar-2023-reglas-fiscales-ampliacion-2026,sumar-2023,2026-10-07
upn,Unión del Pueblo Navarro,reglas-fiscales,¿Deberían flexibilizarse las reglas fiscales europeas para inversiones de transición ecológica y digital?,no_comparable_evidence,,No se ha encontrado una posición suficientemente clara en las fuentes consultadas.,,,upn-2023 | congreso-jornada-2025 | upn-forales-2023 | navarra-nuclear-votacion-2025 | navarra-ebau-2023 | upn-alquiler-2026,2026-10-07
vox,VOX,reglas-fiscales,¿Deberían flexibilizarse las reglas fiscales europeas para inversiones de transición ecológica y digital?,no_comparable_evidence,,No se ha encontrado una posición suficientemente clara en las fuentes consultadas.,,,vox-2023 | congreso-jornada-2025 | vox-cannabis-2022 | vox-defensa-2025 | vox-regularizacion-2026 | senado-pelotas-2021 | vox-mordaza-2024 | canarias-cannabis-2024 | senado-cooperacion-2022 | vox-fortunas-2024,2026-10-07
ahi,Agrupación Herreña Independiente,palestina,¿Debería España reconocer al Estado palestino?,no_comparable_evidence,,No se ha encontrado una posición suficientemente clara en las fuentes consultadas.,,,ahi-vivienda-2025 | ahi-canarias-2023 | ahi-frontera-2023 | ahi-decreto-canarias-2025 | canarias-jornada-2025 | canarias-regularizacion-2026 | canarias-aborto-2025 | canarias-ganaderia-2026 | canarias-cannabis-2024,2026-10-07
asg,Agrupación Socialista Gomera,palestina,¿Debería España reconocer al Estado palestino?,no_comparable_evidence,,No se ha encontrado una posición suficientemente clara en las fuentes consultadas.,,,asg-pensiones-2018 | asg-vivienda-2026 | asg-transporte-2025 | canarias-jornada-2025 | canarias-regularizacion-2026 | canarias-aborto-2025 | senado-smi-2022 | canarias-infantil-2020 | canarias-ganaderia-2026 | canarias-cadena-julio-2022 | senado-permisos-2026 | canarias-cannabis-2024,2026-10-07
bng,Bloque Nacionalista Galego,palestina,¿Debería España reconocer al Estado palestino?,comparable,support,Propone reconocer al Estado palestino.,https://www.bng.gal/media/bnggaliza/files/2023/07/05/23_bng_xerais_programa.pdf,bng-palestina,bng-2023 | congreso-jornada-35 | bng-galegas-2024,2026-10-07
cc,Coalición Canaria,palestina,¿Debería España reconocer al Estado palestino?,no_comparable_evidence,,No se ha encontrado una posición suficientemente clara en las fuentes consultadas.,,,cc-menores-2024 | cc-pensiones | cc-fiscalidad | cc-canarias-2023 | cc-regularizacion-2026 | canarias-jornada-2025 | canarias-regularizacion-2026 | canarias-aborto-2025 | canarias-infantil-2020 | canarias-cannabis-2024,2026-10-07
compromis,Compromís,palestina,¿Debería España reconocer al Estado palestino?,no_comparable_evidence,,No se ha encontrado una posición suficientemente clara en las fuentes consultadas.,,,congreso-jornada-2025 | compromis-sumar-2023 | compromis-alquiler-2025 | compromis-corts-2023 | compromis-generales-2011-societat | compromis-aborto-2025 | compromis-mordaza-2019 | compromis-acuerdo-2016,2026-10-07
erc,Esquerra Republicana de Catalunya,palestina,¿Debería España reconocer al Estado palestino?,comparable,support,Valora positivamente el reconocimiento del Estado palestino y reclama al Gobierno español medidas para hacerlo efectivo.,https://www.esquerra.cat/esquerra-referma-el-seu-compromis-amb-els-drets-del-poble-palesti-en-una-reunio-amb-arab-barghouti/,erc-palestina-erc-palestina-2026-revision,erc-2023 | congreso-jornada-2025 | erc-dental-2026 | erc-cannabis-2021 | erc-vivienda-2018 | erc-palestina-2026 | erc-industria-2026 | erc-cuestionario-pensiones | erc-europeas-2024 | erc-jornada-2024 | erc-catalunya-2024,2026-10-07
eh-bildu,Euskal Herria Bildu,palestina,¿Debería España reconocer al Estado palestino?,no_comparable_evidence,,No se ha encontrado una posición suficientemente clara en las fuentes consultadas.,,,bildu-2023 | bildu-gasteiz-programa | bildu-euskadi-2024 | navarra-nuclear-2025 | navarra-ebau-2023,2026-10-07
pnv,Euzko Alderdi Jeltzalea–Partido Nacionalista Vasco,palestina,¿Debería España reconocer al Estado palestino?,comparable,conditional,"Apoya el reconocimiento del Estado palestino anunciado por España, dentro de una solución de dos Estados.",https://www.eaj-pnv.eus/es/noticias/55672/el-grupo-vasco-apoya-el-simbolico-reconocimiento-d/,pnv-palestina-pnv-palestina-2024-revision,pnv-2023 | congreso-jornada-2025 | pnv-euskadi-2024 | senado-smi-2022 | senado-pelotas-2021 | pnv-mordaza-2024 | pnv-irpf-2022 | pnv-palestina-2024 | pnv-fortunas-acuerdo-2023,2026-10-07
geroa-bai,Geroa Bai,palestina,¿Debería España reconocer al Estado palestino?,no_comparable_evidence,,No se ha encontrado una posición suficientemente clara en las fuentes consultadas.,,,geroa-bai-fiscalidad-2025 | geroa-bai-forales-2023 | geroa-bai-generales-2019 | navarra-nuclear-2025 | geroa-pensiones-enmienda-2014 | geroa-pelotas-2021 | navarra-ebau-2023 | geroa-irpf-2025 | geroa-bai-forales-2015,2026-10-07
iu,Izquierda Unida,palestina,¿Debería España reconocer al Estado palestino?,comparable,support,Celebra el reconocimiento del Estado palestino por España y pide extenderlo al resto de gobiernos europeos.,https://izquierdaunida.org/2024/05/22/iu-celebra-el-reconocimiento-del-estado-palestino-y-pide-al-gobierno-que-lidere-las-acciones-de-la-comunidad-internacional-contra-el-genocidio-cometido-por-israel/,iu-palestina-iu-palestina-2024-revision,iu-2023 | iu-jornada-2024 | iu-palestina-2024 | iu-europeas-2019 | iu-nuclear-2026 | iu-mordaza-2025,2026-10-07
junts,Junts per Catalunya,palestina,¿Debería España reconocer al Estado palestino?,no_comparable_evidence,,No se ha encontrado una posición suficientemente clara en las fuentes consultadas.,,,congreso-jornada-2025 | junts-catalunya-2024 | senado-smi-2022 | senado-pelotas-2021 | senado-cooperacion-2022,2026-10-07
mas-madrid,Más Madrid,palestina,¿Debería España reconocer al Estado palestino?,no_comparable_evidence,,No se ha encontrado una posición suficientemente clara en las fuentes consultadas.,,,mas-madrid-aborto-2025 | mas-madrid-cm-2023 | mas-madrid-jornada-2024 | mas-madrid-alquiler-2026 | mas-madrid-mordaza | senado-cooperacion-2022 | mas-madrid-fortunas-carta-2023,2026-10-07
pp,Partido Popular,palestina,¿Debería España reconocer al Estado palestino?,comparable,conditional,"Rechaza reconocer el Estado palestino en las circunstancias de mayo de 2024, por considerar inadecuado el momento.",https://www.pp.es/actualidad/articulos/monago-albares-reconocer-al-estado-palestino-es-perjudicial-fortalece-hamas/,pp-palestina-pp-palestina-2024-revision,pp-2023 | congreso-jornada-2025 | pp-pension-ipc-2026 | pp-banca-jornada | pp-jornada-2025 | canarias-regularizacion-2026 | senado-smi-2022 | canarias-cadena-julio-2022 | senado-pelotas-2021 | pp-mordaza-pnl-2021 | canarias-cannabis-2024 | pp-alquiler-2025 | pp-palestina-2024 | pp-murcia-2025,2026-10-07
psoe,Partido Socialista Obrero Español,palestina,¿Debería España reconocer al Estado palestino?,comparable,support,Defiende el reconocimiento del Estado palestino y la convivencia pacífica de Israel y Palestina.,https://www.psoe.es/media-content/2023/11/111123-Discurso-Pedro-S%C3%A1nchez-Congreso-PES-M%C3%A1laga.pdf,psoe-palestina-psoe-palestina-discurso-revision,psoe-2023 | psoe-mayo-2024 | psoe-palestina-discurso | psoe-alquiler-2025 | psoe-defensa-plan-2025 | psoe-aborto-pnl-indexada-2025 | senado-pelotas-2021 | psoe-mordaza-2024 | psoe-mordaza-ppl-2024 | psoe-fortunas-2025 | psoe-desahucios-2026 | canarias-cannabis-2024 | psoe-regularizacion-2026,2026-10-07
podemos,Podemos,palestina,¿Debería España reconocer al Estado palestino?,comparable,support,Defiende que España reconozca unilateralmente el Estado palestino en el primer Consejo de Ministros de un Gobierno participado por Podemos.,https://podemos.info/reconocer-el-estado-palestino-un-paso-politico-para-construir-la-paz/,podemos-palestina-podemos-palestina-2016-revision,congreso-jornada-2025 | podemos-jornada-2019 | podemos-infantil-programa | podemos-alquiler-programa | podemos-pensiones-programa | podemos-smi-programa | podemos-cie-programa | podemos-cannabis-programa | podemos-vivienda-publica-programa | podemos-desahucios-programa | podemos-hidroelectricas-programa | podemos-nuclear-programa | podemos-permiso-nacimiento-programa | podemos-transporte-joven-europa | podemos-murcia-dental-2023 | podemos-murcia-regularizacion-2026 | podemos-andalucia-aborto-2023 | podemos-software-2015 | podemos-palestina-2016 | podemos-mordaza-declaracion | podemos-ganaderia-europa | podemos-tpan-europa | podemos-justicia-fiscal | podemos-murcia-igualdad-2017 | podemos-jubilacion-declaracion | podemos-cgpj-programa | podemos-cooperacion-programa,2026-10-07
sumar-2023,Sumar · coalición electoral de 2023,palestina,¿Debería España reconocer al Estado palestino?,comparable,conditional,Propone avanzar hacia el reconocimiento del Estado palestino teniendo en cuenta la voluntad de la sociedad civil palestina.,https://movimientosumar.es/wp-content/uploads/2023/07/Un-Programa-para-ti.pdf,sumar-2023-palestina-sumar-2023-revision,sumar-2023,2026-10-07
upn,Unión del Pueblo Navarro,palestina,¿Debería España reconocer al Estado palestino?,no_comparable_evidence,,No se ha encontrado una posición suficientemente clara en las fuentes consultadas.,,,upn-2023 | congreso-jornada-2025 | upn-forales-2023 | navarra-nuclear-votacion-2025 | navarra-ebau-2023 | upn-alquiler-2026,2026-10-07
vox,VOX,palestina,¿Debería España reconocer al Estado palestino?,no_comparable_evidence,,No se ha encontrado una posición suficientemente clara en las fuentes consultadas.,,,vox-2023 | congreso-jornada-2025 | vox-cannabis-2022 | vox-defensa-2025 | vox-regularizacion-2026 | senado-pelotas-2021 | vox-mordaza-2024 | canarias-cannabis-2024 | senado-cooperacion-2022 | vox-fortunas-2024,2026-10-07
ahi,Agrupación Herreña Independiente,armas-nucleares,¿Debería España adherirse al Tratado de Prohibición de las Armas Nucleares?,no_comparable_evidence,,No se ha encontrado una posición suficientemente clara en las fuentes consultadas.,,,ahi-vivienda-2025 | ahi-canarias-2023 | ahi-frontera-2023 | ahi-decreto-canarias-2025 | canarias-jornada-2025 | canarias-regularizacion-2026 | canarias-aborto-2025 | canarias-ganaderia-2026 | canarias-cannabis-2024,2026-10-07
asg,Agrupación Socialista Gomera,armas-nucleares,¿Debería España adherirse al Tratado de Prohibición de las Armas Nucleares?,no_comparable_evidence,,No se ha encontrado una posición suficientemente clara en las fuentes consultadas.,,,asg-pensiones-2018 | asg-vivienda-2026 | asg-transporte-2025 | canarias-jornada-2025 | canarias-regularizacion-2026 | canarias-aborto-2025 | senado-smi-2022 | canarias-infantil-2020 | canarias-ganaderia-2026 | canarias-cadena-julio-2022 | senado-permisos-2026 | canarias-cannabis-2024,2026-10-07
bng,Bloque Nacionalista Galego,armas-nucleares,¿Debería España adherirse al Tratado de Prohibición de las Armas Nucleares?,no_comparable_evidence,,No se ha encontrado una posición suficientemente clara en las fuentes consultadas.,,,bng-2023 | congreso-jornada-35 | bng-galegas-2024,2026-10-07
cc,Coalición Canaria,armas-nucleares,¿Debería España adherirse al Tratado de Prohibición de las Armas Nucleares?,no_comparable_evidence,,No se ha encontrado una posición suficientemente clara en las fuentes consultadas.,,,cc-menores-2024 | cc-pensiones | cc-fiscalidad | cc-canarias-2023 | cc-regularizacion-2026 | canarias-jornada-2025 | canarias-regularizacion-2026 | canarias-aborto-2025 | canarias-infantil-2020 | canarias-cannabis-2024,2026-10-07
compromis,Compromís,armas-nucleares,¿Debería España adherirse al Tratado de Prohibición de las Armas Nucleares?,no_comparable_evidence,,No se ha encontrado una posición suficientemente clara en las fuentes consultadas.,,,congreso-jornada-2025 | compromis-sumar-2023 | compromis-alquiler-2025 | compromis-corts-2023 | compromis-generales-2011-societat | compromis-aborto-2025 | compromis-mordaza-2019 | compromis-acuerdo-2016,2026-10-07
erc,Esquerra Republicana de Catalunya,armas-nucleares,¿Debería España adherirse al Tratado de Prohibición de las Armas Nucleares?,comparable,support,Propone ratificar el Tratado de Prohibición de las Armas Nucleares.,https://static.esquerra.cat/uploads/20230905/e2023-programa.pdf,erc-armas-nucleares,erc-2023 | congreso-jornada-2025 | erc-dental-2026 | erc-cannabis-2021 | erc-vivienda-2018 | erc-palestina-2026 | erc-industria-2026 | erc-cuestionario-pensiones | erc-europeas-2024 | erc-jornada-2024 | erc-catalunya-2024,2026-10-07
eh-bildu,Euskal Herria Bildu,armas-nucleares,¿Debería España adherirse al Tratado de Prohibición de las Armas Nucleares?,no_comparable_evidence,,No se ha encontrado una posición suficientemente clara en las fuentes consultadas.,,,bildu-2023 | bildu-gasteiz-programa | bildu-euskadi-2024 | navarra-nuclear-2025 | navarra-ebau-2023,2026-10-07
pnv,Euzko Alderdi Jeltzalea–Partido Nacionalista Vasco,armas-nucleares,¿Debería España adherirse al Tratado de Prohibición de las Armas Nucleares?,no_comparable_evidence,,No se ha encontrado una posición suficientemente clara en las fuentes consultadas.,,,pnv-2023 | congreso-jornada-2025 | pnv-euskadi-2024 | senado-smi-2022 | senado-pelotas-2021 | pnv-mordaza-2024 | pnv-irpf-2022 | pnv-palestina-2024 | pnv-fortunas-acuerdo-2023,2026-10-07
geroa-bai,Geroa Bai,armas-nucleares,¿Debería España adherirse al Tratado de Prohibición de las Armas Nucleares?,no_comparable_evidence,,No se ha encontrado una posición suficientemente clara en las fuentes consultadas.,,,geroa-bai-fiscalidad-2025 | geroa-bai-forales-2023 | geroa-bai-generales-2019 | navarra-nuclear-2025 | geroa-pensiones-enmienda-2014 | geroa-pelotas-2021 | navarra-ebau-2023 | geroa-irpf-2025 | geroa-bai-forales-2015,2026-10-07
iu,Izquierda Unida,armas-nucleares,¿Debería España adherirse al Tratado de Prohibición de las Armas Nucleares?,comparable,support,Propone incorporarse al Tratado de Prohibición de las Armas Nucleares.,https://izquierdaunida.org/wp-content/uploads/2023/07/Programa-IU-Elecciones-Generales-Jl2023.pdf,iu-armas-nucleares,iu-2023 | iu-jornada-2024 | iu-palestina-2024 | iu-europeas-2019 | iu-nuclear-2026 | iu-mordaza-2025,2026-10-07
junts,Junts per Catalunya,armas-nucleares,¿Debería España adherirse al Tratado de Prohibición de las Armas Nucleares?,no_comparable_evidence,,No se ha encontrado una posición suficientemente clara en las fuentes consultadas.,,,congreso-jornada-2025 | junts-catalunya-2024 | senado-smi-2022 | senado-pelotas-2021 | senado-cooperacion-2022,2026-10-07
mas-madrid,Más Madrid,armas-nucleares,¿Debería España adherirse al Tratado de Prohibición de las Armas Nucleares?,no_comparable_evidence,,No se ha encontrado una posición suficientemente clara en las fuentes consultadas.,,,mas-madrid-aborto-2025 | mas-madrid-cm-2023 | mas-madrid-jornada-2024 | mas-madrid-alquiler-2026 | mas-madrid-mordaza | senado-cooperacion-2022 | mas-madrid-fortunas-carta-2023,2026-10-07
pp,Partido Popular,armas-nucleares,¿Debería España adherirse al Tratado de Prohibición de las Armas Nucleares?,no_comparable_evidence,,No se ha encontrado una posición suficientemente clara en las fuentes consultadas.,,,pp-2023 | congreso-jornada-2025 | pp-pension-ipc-2026 | pp-banca-jornada | pp-jornada-2025 | canarias-regularizacion-2026 | senado-smi-2022 | canarias-cadena-julio-2022 | senado-pelotas-2021 | pp-mordaza-pnl-2021 | canarias-cannabis-2024 | pp-alquiler-2025 | pp-palestina-2024 | pp-murcia-2025,2026-10-07
psoe,Partido Socialista Obrero Español,armas-nucleares,¿Debería España adherirse al Tratado de Prohibición de las Armas Nucleares?,no_comparable_evidence,,No se ha encontrado una posición suficientemente clara en las fuentes consultadas.,,,psoe-2023 | psoe-mayo-2024 | psoe-palestina-discurso | psoe-alquiler-2025 | psoe-defensa-plan-2025 | psoe-aborto-pnl-indexada-2025 | senado-pelotas-2021 | psoe-mordaza-2024 | psoe-mordaza-ppl-2024 | psoe-fortunas-2025 | psoe-desahucios-2026 | canarias-cannabis-2024 | psoe-regularizacion-2026,2026-10-07
podemos,Podemos,armas-nucleares,¿Debería España adherirse al Tratado de Prohibición de las Armas Nucleares?,comparable,conditional,Defiende promover la adhesión y firma del tratado de prohibición de armas nucleares.,https://podemos.info/as/medida-europa/un-compromiso-activo-para-la-paz/,podemos-armas-nucleares-podemos-tpan-europa-revision,congreso-jornada-2025 | podemos-jornada-2019 | podemos-infantil-programa | podemos-alquiler-programa | podemos-pensiones-programa | podemos-smi-programa | podemos-cie-programa | podemos-cannabis-programa | podemos-vivienda-publica-programa | podemos-desahucios-programa | podemos-hidroelectricas-programa | podemos-nuclear-programa | podemos-permiso-nacimiento-programa | podemos-transporte-joven-europa | podemos-murcia-dental-2023 | podemos-murcia-regularizacion-2026 | podemos-andalucia-aborto-2023 | podemos-software-2015 | podemos-palestina-2016 | podemos-mordaza-declaracion | podemos-ganaderia-europa | podemos-tpan-europa | podemos-justicia-fiscal | podemos-murcia-igualdad-2017 | podemos-jubilacion-declaracion | podemos-cgpj-programa | podemos-cooperacion-programa,2026-10-07
sumar-2023,Sumar · coalición electoral de 2023,armas-nucleares,¿Debería España adherirse al Tratado de Prohibición de las Armas Nucleares?,comparable,support,Propone incorporarse al Tratado de Prohibición de Armas Nucleares.,https://movimientosumar.es/wp-content/uploads/2023/07/Un-Programa-para-ti.pdf,sumar-2023-armas-nucleares,sumar-2023,2026-10-07
upn,Unión del Pueblo Navarro,armas-nucleares,¿Debería España adherirse al Tratado de Prohibición de las Armas Nucleares?,no_comparable_evidence,,No se ha encontrado una posición suficientemente clara en las fuentes consultadas.,,,upn-2023 | congreso-jornada-2025 | upn-forales-2023 | navarra-nuclear-votacion-2025 | navarra-ebau-2023 | upn-alquiler-2026,2026-10-07
vox,VOX,armas-nucleares,¿Debería España adherirse al Tratado de Prohibición de las Armas Nucleares?,no_comparable_evidence,,No se ha encontrado una posición suficientemente clara en las fuentes consultadas.,,,vox-2023 | congreso-jornada-2025 | vox-cannabis-2022 | vox-defensa-2025 | vox-regularizacion-2026 | senado-pelotas-2021 | vox-mordaza-2024 | canarias-cannabis-2024 | senado-cooperacion-2022 | vox-fortunas-2024,2026-10-07
ahi,Agrupación Herreña Independiente,cooperacion,"¿Debería destinarse el 0,7 % de la renta nacional bruta a ayuda oficial al desarrollo para 2030?",no_comparable_evidence,,No se ha encontrado una posición suficientemente clara en las fuentes consultadas.,,,ahi-vivienda-2025 | ahi-canarias-2023 | ahi-frontera-2023 | ahi-decreto-canarias-2025 | canarias-jornada-2025 | canarias-regularizacion-2026 | canarias-aborto-2025 | canarias-ganaderia-2026 | canarias-cannabis-2024,2026-10-07
asg,Agrupación Socialista Gomera,cooperacion,"¿Debería destinarse el 0,7 % de la renta nacional bruta a ayuda oficial al desarrollo para 2030?",no_comparable_evidence,,No se ha encontrado una posición suficientemente clara en las fuentes consultadas.,,,asg-pensiones-2018 | asg-vivienda-2026 | asg-transporte-2025 | canarias-jornada-2025 | canarias-regularizacion-2026 | canarias-aborto-2025 | senado-smi-2022 | canarias-infantil-2020 | canarias-ganaderia-2026 | canarias-cadena-julio-2022 | senado-permisos-2026 | canarias-cannabis-2024,2026-10-07
bng,Bloque Nacionalista Galego,cooperacion,"¿Debería destinarse el 0,7 % de la renta nacional bruta a ayuda oficial al desarrollo para 2030?",related,,"Propone llegar progresivamente al 0,2 por ciento del presupuesto autonómico en cooperación y avanzar hacia el 0,7 por ciento.",https://www.bng.gal/media/bnggaliza/files/2024/01/24/24_bng_galegas_programa_goberno.pdf,bng-cooperacion-bng-galegas-2024-revision,bng-2023 | congreso-jornada-35 | bng-galegas-2024,2026-10-07
cc,Coalición Canaria,cooperacion,"¿Debería destinarse el 0,7 % de la renta nacional bruta a ayuda oficial al desarrollo para 2030?",no_comparable_evidence,,No se ha encontrado una posición suficientemente clara en las fuentes consultadas.,,,cc-menores-2024 | cc-pensiones | cc-fiscalidad | cc-canarias-2023 | cc-regularizacion-2026 | canarias-jornada-2025 | canarias-regularizacion-2026 | canarias-aborto-2025 | canarias-infantil-2020 | canarias-cannabis-2024,2026-10-07
compromis,Compromís,cooperacion,"¿Debería destinarse el 0,7 % de la renta nacional bruta a ayuda oficial al desarrollo para 2030?",no_comparable_evidence,,No se ha encontrado una posición suficientemente clara en las fuentes consultadas.,,,congreso-jornada-2025 | compromis-sumar-2023 | compromis-alquiler-2025 | compromis-corts-2023 | compromis-generales-2011-societat | compromis-aborto-2025 | compromis-mordaza-2019 | compromis-acuerdo-2016,2026-10-07
erc,Esquerra Republicana de Catalunya,cooperacion,"¿Debería destinarse el 0,7 % de la renta nacional bruta a ayuda oficial al desarrollo para 2030?",related,,Defiende alcanzar el cero coma siete por ciento de los ingresos propios catalanes en cooperación para 2030.,https://static.esquerra.cat/uploads/20240529/c2024-programa.pdf,erc-cooperacion-erc-catalunya-2024-revision,erc-2023 | congreso-jornada-2025 | erc-dental-2026 | erc-cannabis-2021 | erc-vivienda-2018 | erc-palestina-2026 | erc-industria-2026 | erc-cuestionario-pensiones | erc-europeas-2024 | erc-jornada-2024 | erc-catalunya-2024,2026-10-07
eh-bildu,Euskal Herria Bildu,cooperacion,"¿Debería destinarse el 0,7 % de la renta nacional bruta a ayuda oficial al desarrollo para 2030?",no_comparable_evidence,,No se ha encontrado una posición suficientemente clara en las fuentes consultadas.,,,bildu-2023 | bildu-gasteiz-programa | bildu-euskadi-2024 | navarra-nuclear-2025 | navarra-ebau-2023,2026-10-07
pnv,Euzko Alderdi Jeltzalea–Partido Nacionalista Vasco,cooperacion,"¿Debería destinarse el 0,7 % de la renta nacional bruta a ayuda oficial al desarrollo para 2030?",no_comparable_evidence,,No se ha encontrado una posición suficientemente clara en las fuentes consultadas.,,,pnv-2023 | congreso-jornada-2025 | pnv-euskadi-2024 | senado-smi-2022 | senado-pelotas-2021 | pnv-mordaza-2024 | pnv-irpf-2022 | pnv-palestina-2024 | pnv-fortunas-acuerdo-2023,2026-10-07
geroa-bai,Geroa Bai,cooperacion,"¿Debería destinarse el 0,7 % de la renta nacional bruta a ayuda oficial al desarrollo para 2030?",no_comparable_evidence,,No se ha encontrado una posición suficientemente clara en las fuentes consultadas.,,,geroa-bai-fiscalidad-2025 | geroa-bai-forales-2023 | geroa-bai-generales-2019 | navarra-nuclear-2025 | geroa-pensiones-enmienda-2014 | geroa-pelotas-2021 | navarra-ebau-2023 | geroa-irpf-2025 | geroa-bai-forales-2015,2026-10-07
iu,Izquierda Unida,cooperacion,"¿Debería destinarse el 0,7 % de la renta nacional bruta a ayuda oficial al desarrollo para 2030?",related,,"Propone destinar el 0,7 % del PIB a cooperación; no se equipara a renta nacional bruta ni al plazo 2030. | Propone que la ayuda europea al desarrollo alcance el cero coma siete por ciento en la legislatura.",https://izquierdaunida.org/wp-content/uploads/2023/07/Programa-IU-Elecciones-Generales-Jl2023.pdf | https://izquierdaunida.org/wp-content/uploads/2019/05/Programa-completo-IU-Europeas-2019.pdf,iu-cooperacion | iu-cooperacion-iu-europeas-2019-revision,iu-2023 | iu-jornada-2024 | iu-palestina-2024 | iu-europeas-2019 | iu-nuclear-2026 | iu-mordaza-2025,2026-10-07
junts,Junts per Catalunya,cooperacion,"¿Debería destinarse el 0,7 % de la renta nacional bruta a ayuda oficial al desarrollo para 2030?",comparable,conditional,"Defiende alcanzar el cero coma siete por ciento de la renta nacional bruta en ayuda oficial al desarrollo, con planificación plurianual y metas presupuestarias.",https://www.senado.es/legis14/publicaciones/pdf/senado/ds/DS_P_14_116.PDF,junts-cooperacion-junts-catalunya-2024-revision | junts-cooperacion-senado-cooperacion-2022-revision,congreso-jornada-2025 | junts-catalunya-2024 | senado-smi-2022 | senado-pelotas-2021 | senado-cooperacion-2022,2026-10-07
mas-madrid,Más Madrid,cooperacion,"¿Debería destinarse el 0,7 % de la renta nacional bruta a ayuda oficial al desarrollo para 2030?",comparable,support,Defiende el compromiso de aumentar progresivamente la ayuda oficial al desarrollo hasta el cero coma siete por ciento de la renta nacional bruta en 2030.,https://www.senado.es/legis14/publicaciones/pdf/senado/ds/DS_P_14_116.PDF,mas-madrid-cooperacion-senado-cooperacion-2022-revision,mas-madrid-aborto-2025 | mas-madrid-cm-2023 | mas-madrid-jornada-2024 | mas-madrid-alquiler-2026 | mas-madrid-mordaza | senado-cooperacion-2022 | mas-madrid-fortunas-carta-2023,2026-10-07
pp,Partido Popular,cooperacion,"¿Debería destinarse el 0,7 % de la renta nacional bruta a ayuda oficial al desarrollo para 2030?",no_comparable_evidence,,No se ha encontrado una posición suficientemente clara en las fuentes consultadas.,,,pp-2023 | congreso-jornada-2025 | pp-pension-ipc-2026 | pp-banca-jornada | pp-jornada-2025 | canarias-regularizacion-2026 | senado-smi-2022 | canarias-cadena-julio-2022 | senado-pelotas-2021 | pp-mordaza-pnl-2021 | canarias-cannabis-2024 | pp-alquiler-2025 | pp-palestina-2024 | pp-murcia-2025,2026-10-07
psoe,Partido Socialista Obrero Español,cooperacion,"¿Debería destinarse el 0,7 % de la renta nacional bruta a ayuda oficial al desarrollo para 2030?",comparable,support,"Propone alcanzar el 0,7 % de renta nacional bruta en ayuda oficial al desarrollo para 2030.",https://xn--espaaavanza-4db.es/wp-content/uploads/2023/07/PROGRAMA_ELECTORAL-GENERALES-2023.pdf,psoe-cooperacion,psoe-2023 | psoe-mayo-2024 | psoe-palestina-discurso | psoe-alquiler-2025 | psoe-defensa-plan-2025 | psoe-aborto-pnl-indexada-2025 | senado-pelotas-2021 | psoe-mordaza-2024 | psoe-mordaza-ppl-2024 | psoe-fortunas-2025 | psoe-desahucios-2026 | canarias-cannabis-2024 | psoe-regularizacion-2026,2026-10-07
podemos,Podemos,cooperacion,"¿Debería destinarse el 0,7 % de la renta nacional bruta a ayuda oficial al desarrollo para 2030?",comparable,conditional,Propone alcanzar el cero coma siete por ciento de la renta nacional bruta en ayuda al desarrollo para 2027.,https://podemos.info/materia/cooperacion-internacional/,podemos-cooperacion-podemos-cooperacion-programa-revision,congreso-jornada-2025 | podemos-jornada-2019 | podemos-infantil-programa | podemos-alquiler-programa | podemos-pensiones-programa | podemos-smi-programa | podemos-cie-programa | podemos-cannabis-programa | podemos-vivienda-publica-programa | podemos-desahucios-programa | podemos-hidroelectricas-programa | podemos-nuclear-programa | podemos-permiso-nacimiento-programa | podemos-transporte-joven-europa | podemos-murcia-dental-2023 | podemos-murcia-regularizacion-2026 | podemos-andalucia-aborto-2023 | podemos-software-2015 | podemos-palestina-2016 | podemos-mordaza-declaracion | podemos-ganaderia-europa | podemos-tpan-europa | podemos-justicia-fiscal | podemos-murcia-igualdad-2017 | podemos-jubilacion-declaracion | podemos-cgpj-programa | podemos-cooperacion-programa,2026-10-07
sumar-2023,Sumar · coalición electoral de 2023,cooperacion,"¿Debería destinarse el 0,7 % de la renta nacional bruta a ayuda oficial al desarrollo para 2030?",comparable,support,"Propone alcanzar el 0,7 por ciento del PNB en ayuda oficial al desarrollo en 2030, con un objetivo intermedio del 0,55 por ciento.",https://movimientosumar.es/wp-content/uploads/2023/07/Un-Programa-para-ti.pdf,sumar-2023-cooperacion | sumar-2023-cooperacion-sumar-2023-revision,sumar-2023,2026-10-07
upn,Unión del Pueblo Navarro,cooperacion,"¿Debería destinarse el 0,7 % de la renta nacional bruta a ayuda oficial al desarrollo para 2030?",related,,Propone recuperar para 2026 el cero coma siete por ciento del presupuesto navarro en ayuda oficial al desarrollo.,https://www.upn.org/wp-content/uploads/2024/01/programacastellano.pdf,upn-cooperacion-upn-forales-2023-revision,upn-2023 | congreso-jornada-2025 | upn-forales-2023 | navarra-nuclear-votacion-2025 | navarra-ebau-2023 | upn-alquiler-2026,2026-10-07
vox,VOX,cooperacion,"¿Debería destinarse el 0,7 % de la renta nacional bruta a ayuda oficial al desarrollo para 2030?",no_comparable_evidence,,No se ha encontrado una posición suficientemente clara en las fuentes consultadas.,,,vox-2023 | congreso-jornada-2025 | vox-cannabis-2022 | vox-defensa-2025 | vox-regularizacion-2026 | senado-pelotas-2021 | vox-mordaza-2024 | canarias-cannabis-2024 | senado-cooperacion-2022 | vox-fortunas-2024,2026-10-07
ahi,Agrupación Herreña Independiente,defensa,¿Debería destinarse al menos el 2 % del PIB a seguridad y defensa?,no_comparable_evidence,,No se ha encontrado una posición suficientemente clara en las fuentes consultadas.,,,ahi-vivienda-2025 | ahi-canarias-2023 | ahi-frontera-2023 | ahi-decreto-canarias-2025 | canarias-jornada-2025 | canarias-regularizacion-2026 | canarias-aborto-2025 | canarias-ganaderia-2026 | canarias-cannabis-2024,2026-10-07
asg,Agrupación Socialista Gomera,defensa,¿Debería destinarse al menos el 2 % del PIB a seguridad y defensa?,no_comparable_evidence,,No se ha encontrado una posición suficientemente clara en las fuentes consultadas.,,,asg-pensiones-2018 | asg-vivienda-2026 | asg-transporte-2025 | canarias-jornada-2025 | canarias-regularizacion-2026 | canarias-aborto-2025 | senado-smi-2022 | canarias-infantil-2020 | canarias-ganaderia-2026 | canarias-cadena-julio-2022 | senado-permisos-2026 | canarias-cannabis-2024,2026-10-07
bng,Bloque Nacionalista Galego,defensa,¿Debería destinarse al menos el 2 % del PIB a seguridad y defensa?,comparable,oppose,Propone anular el compromiso de elevar el gasto militar al 2 % del PIB y destinar los fondos a políticas sociales.,https://www.bng.gal/media/bnggaliza/files/2023/07/05/23_bng_xerais_programa.pdf,bng-defensa-ampliacion-2026,bng-2023 | congreso-jornada-35 | bng-galegas-2024,2026-10-07
cc,Coalición Canaria,defensa,¿Debería destinarse al menos el 2 % del PIB a seguridad y defensa?,no_comparable_evidence,,No se ha encontrado una posición suficientemente clara en las fuentes consultadas.,,,cc-menores-2024 | cc-pensiones | cc-fiscalidad | cc-canarias-2023 | cc-regularizacion-2026 | canarias-jornada-2025 | canarias-regularizacion-2026 | canarias-aborto-2025 | canarias-infantil-2020 | canarias-cannabis-2024,2026-10-07
compromis,Compromís,defensa,¿Debería destinarse al menos el 2 % del PIB a seguridad y defensa?,no_comparable_evidence,,No se ha encontrado una posición suficientemente clara en las fuentes consultadas.,,,congreso-jornada-2025 | compromis-sumar-2023 | compromis-alquiler-2025 | compromis-corts-2023 | compromis-generales-2011-societat | compromis-aborto-2025 | compromis-mordaza-2019 | compromis-acuerdo-2016,2026-10-07
erc,Esquerra Republicana de Catalunya,defensa,¿Debería destinarse al menos el 2 % del PIB a seguridad y defensa?,no_comparable_evidence,,No se ha encontrado una posición suficientemente clara en las fuentes consultadas.,,,erc-2023 | congreso-jornada-2025 | erc-dental-2026 | erc-cannabis-2021 | erc-vivienda-2018 | erc-palestina-2026 | erc-industria-2026 | erc-cuestionario-pensiones | erc-europeas-2024 | erc-jornada-2024 | erc-catalunya-2024,2026-10-07
eh-bildu,Euskal Herria Bildu,defensa,¿Debería destinarse al menos el 2 % del PIB a seguridad y defensa?,no_comparable_evidence,,No se ha encontrado una posición suficientemente clara en las fuentes consultadas.,,,bildu-2023 | bildu-gasteiz-programa | bildu-euskadi-2024 | navarra-nuclear-2025 | navarra-ebau-2023,2026-10-07
pnv,Euzko Alderdi Jeltzalea–Partido Nacionalista Vasco,defensa,¿Debería destinarse al menos el 2 % del PIB a seguridad y defensa?,no_comparable_evidence,,No se ha encontrado una posición suficientemente clara en las fuentes consultadas.,,,pnv-2023 | congreso-jornada-2025 | pnv-euskadi-2024 | senado-smi-2022 | senado-pelotas-2021 | pnv-mordaza-2024 | pnv-irpf-2022 | pnv-palestina-2024 | pnv-fortunas-acuerdo-2023,2026-10-07
geroa-bai,Geroa Bai,defensa,¿Debería destinarse al menos el 2 % del PIB a seguridad y defensa?,no_comparable_evidence,,No se ha encontrado una posición suficientemente clara en las fuentes consultadas.,,,geroa-bai-fiscalidad-2025 | geroa-bai-forales-2023 | geroa-bai-generales-2019 | navarra-nuclear-2025 | geroa-pensiones-enmienda-2014 | geroa-pelotas-2021 | navarra-ebau-2023 | geroa-irpf-2025 | geroa-bai-forales-2015,2026-10-07
iu,Izquierda Unida,defensa,¿Debería destinarse al menos el 2 % del PIB a seguridad y defensa?,comparable,oppose,"Propone reducir el gasto militar al menos un 0,5 % del PIB y disminuir drásticamente el presupuesto de armamento.",https://izquierdaunida.org/wp-content/uploads/2023/07/Programa-IU-Elecciones-Generales-Jl2023.pdf,iu-defensa-ampliacion-2026,iu-2023 | iu-jornada-2024 | iu-palestina-2024 | iu-europeas-2019 | iu-nuclear-2026 | iu-mordaza-2025,2026-10-07
junts,Junts per Catalunya,defensa,¿Debería destinarse al menos el 2 % del PIB a seguridad y defensa?,no_comparable_evidence,,No se ha encontrado una posición suficientemente clara en las fuentes consultadas.,,,congreso-jornada-2025 | junts-catalunya-2024 | senado-smi-2022 | senado-pelotas-2021 | senado-cooperacion-2022,2026-10-07
mas-madrid,Más Madrid,defensa,¿Debería destinarse al menos el 2 % del PIB a seguridad y defensa?,no_comparable_evidence,,No se ha encontrado una posición suficientemente clara en las fuentes consultadas.,,,mas-madrid-aborto-2025 | mas-madrid-cm-2023 | mas-madrid-jornada-2024 | mas-madrid-alquiler-2026 | mas-madrid-mordaza | senado-cooperacion-2022 | mas-madrid-fortunas-carta-2023,2026-10-07
pp,Partido Popular,defensa,¿Debería destinarse al menos el 2 % del PIB a seguridad y defensa?,comparable,support,Propone cumplir el compromiso de destinar el 2 % del PIB a seguridad y defensa.,https://www.pp.es/storage/2023/07/programa_electoral_pp_23j_feijoo_2023.pdf,pp-defensa,pp-2023 | congreso-jornada-2025 | pp-pension-ipc-2026 | pp-banca-jornada | pp-jornada-2025 | canarias-regularizacion-2026 | senado-smi-2022 | canarias-cadena-julio-2022 | senado-pelotas-2021 | pp-mordaza-pnl-2021 | canarias-cannabis-2024 | pp-alquiler-2025 | pp-palestina-2024 | pp-murcia-2025,2026-10-07
psoe,Partido Socialista Obrero Español,defensa,¿Debería destinarse al menos el 2 % del PIB a seguridad y defensa?,comparable,support,Defiende elevar la inversión en seguridad y defensa al dos por ciento del PIB en 2025.,https://www.psoe.es/el-socialista/mas-defensa-mas-crecimiento-mas-empleo-y-mas-bienestar/,psoe-defensa-ampliacion-2026 | psoe-defensa-psoe-defensa-plan-2025-revision,psoe-2023 | psoe-mayo-2024 | psoe-palestina-discurso | psoe-alquiler-2025 | psoe-defensa-plan-2025 | psoe-aborto-pnl-indexada-2025 | senado-pelotas-2021 | psoe-mordaza-2024 | psoe-mordaza-ppl-2024 | psoe-fortunas-2025 | psoe-desahucios-2026 | canarias-cannabis-2024 | psoe-regularizacion-2026,2026-10-07
podemos,Podemos,defensa,¿Debería destinarse al menos el 2 % del PIB a seguridad y defensa?,no_comparable_evidence,,No se ha encontrado una posición suficientemente clara en las fuentes consultadas.,,,congreso-jornada-2025 | podemos-jornada-2019 | podemos-infantil-programa | podemos-alquiler-programa | podemos-pensiones-programa | podemos-smi-programa | podemos-cie-programa | podemos-cannabis-programa | podemos-vivienda-publica-programa | podemos-desahucios-programa | podemos-hidroelectricas-programa | podemos-nuclear-programa | podemos-permiso-nacimiento-programa | podemos-transporte-joven-europa | podemos-murcia-dental-2023 | podemos-murcia-regularizacion-2026 | podemos-andalucia-aborto-2023 | podemos-software-2015 | podemos-palestina-2016 | podemos-mordaza-declaracion | podemos-ganaderia-europa | podemos-tpan-europa | podemos-justicia-fiscal | podemos-murcia-igualdad-2017 | podemos-jubilacion-declaracion | podemos-cgpj-programa | podemos-cooperacion-programa,2026-10-07
sumar-2023,Sumar · coalición electoral de 2023,defensa,¿Debería destinarse al menos el 2 % del PIB a seguridad y defensa?,no_comparable_evidence,,No se ha encontrado una posición suficientemente clara en las fuentes consultadas.,,,sumar-2023,2026-10-07
upn,Unión del Pueblo Navarro,defensa,¿Debería destinarse al menos el 2 % del PIB a seguridad y defensa?,no_comparable_evidence,,No se ha encontrado una posición suficientemente clara en las fuentes consultadas.,,,upn-2023 | congreso-jornada-2025 | upn-forales-2023 | navarra-nuclear-votacion-2025 | navarra-ebau-2023 | upn-alquiler-2026,2026-10-07
vox,VOX,defensa,¿Debería destinarse al menos el 2 % del PIB a seguridad y defensa?,comparable,support,"Defiende que el dos por ciento del PIB sea el mínimo del presupuesto de defensa, con aumentos posteriores.",https://www.voxespana.es/grupo_parlamentario/actividad-parlamentaria/asarta-reivindica-un-aumento-del-gasto-en-defensa-proponemos-el-2-del-pib-como-el-suelo-20250326,vox-defensa-vox-defensa-2025-revision,vox-2023 | congreso-jornada-2025 | vox-cannabis-2022 | vox-defensa-2025 | vox-regularizacion-2026 | senado-pelotas-2021 | vox-mordaza-2024 | canarias-cannabis-2024 | senado-cooperacion-2022 | vox-fortunas-2024,2026-10-07
ahi,Agrupación Herreña Independiente,ia-derechos,¿Debería regularse la inteligencia artificial para proteger derechos fundamentales?,no_comparable_evidence,,No se ha encontrado una posición suficientemente clara en las fuentes consultadas.,,,ahi-vivienda-2025 | ahi-canarias-2023 | ahi-frontera-2023 | ahi-decreto-canarias-2025 | canarias-jornada-2025 | canarias-regularizacion-2026 | canarias-aborto-2025 | canarias-ganaderia-2026 | canarias-cannabis-2024,2026-10-07
asg,Agrupación Socialista Gomera,ia-derechos,¿Debería regularse la inteligencia artificial para proteger derechos fundamentales?,no_comparable_evidence,,No se ha encontrado una posición suficientemente clara en las fuentes consultadas.,,,asg-pensiones-2018 | asg-vivienda-2026 | asg-transporte-2025 | canarias-jornada-2025 | canarias-regularizacion-2026 | canarias-aborto-2025 | senado-smi-2022 | canarias-infantil-2020 | canarias-ganaderia-2026 | canarias-cadena-julio-2022 | senado-permisos-2026 | canarias-cannabis-2024,2026-10-07
bng,Bloque Nacionalista Galego,ia-derechos,¿Debería regularse la inteligencia artificial para proteger derechos fundamentales?,comparable,conditional,Propone supervisar la inteligencia artificial para garantizar principios éticos y evitar discriminaciones.,https://www.bng.gal/media/bnggaliza/files/2024/01/24/24_bng_galegas_programa_goberno.pdf,bng-ia-derechos-bng-galegas-2024-revision,bng-2023 | congreso-jornada-35 | bng-galegas-2024,2026-10-07
cc,Coalición Canaria,ia-derechos,¿Debería regularse la inteligencia artificial para proteger derechos fundamentales?,no_comparable_evidence,,No se ha encontrado una posición suficientemente clara en las fuentes consultadas.,,,cc-menores-2024 | cc-pensiones | cc-fiscalidad | cc-canarias-2023 | cc-regularizacion-2026 | canarias-jornada-2025 | canarias-regularizacion-2026 | canarias-aborto-2025 | canarias-infantil-2020 | canarias-cannabis-2024,2026-10-07
compromis,Compromís,ia-derechos,¿Debería regularse la inteligencia artificial para proteger derechos fundamentales?,no_comparable_evidence,,No se ha encontrado una posición suficientemente clara en las fuentes consultadas.,,,congreso-jornada-2025 | compromis-sumar-2023 | compromis-alquiler-2025 | compromis-corts-2023 | compromis-generales-2011-societat | compromis-aborto-2025 | compromis-mordaza-2019 | compromis-acuerdo-2016,2026-10-07
erc,Esquerra Republicana de Catalunya,ia-derechos,¿Debería regularse la inteligencia artificial para proteger derechos fundamentales?,comparable,support,Defiende regular la inteligencia artificial para evitar discriminación y proteger los derechos fundamentales.,https://static.esquerra.cat/uploads/20240527/Programa-electoral-eleccions-Parlament-Europeu-2024.pdf,erc-ia-derechos-erc-europeas-2024-revision,erc-2023 | congreso-jornada-2025 | erc-dental-2026 | erc-cannabis-2021 | erc-vivienda-2018 | erc-palestina-2026 | erc-industria-2026 | erc-cuestionario-pensiones | erc-europeas-2024 | erc-jornada-2024 | erc-catalunya-2024,2026-10-07
eh-bildu,Euskal Herria Bildu,ia-derechos,¿Debería regularse la inteligencia artificial para proteger derechos fundamentales?,no_comparable_evidence,,No se ha encontrado una posición suficientemente clara en las fuentes consultadas.,,,bildu-2023 | bildu-gasteiz-programa | bildu-euskadi-2024 | navarra-nuclear-2025 | navarra-ebau-2023,2026-10-07
pnv,Euzko Alderdi Jeltzalea–Partido Nacionalista Vasco,ia-derechos,¿Debería regularse la inteligencia artificial para proteger derechos fundamentales?,comparable,support,Propone regulación de inteligencia artificial basada en protección de derechos humanos.,https://www.eaj-pnv.eus/es/adjuntos-documentos/20945/pdf/con-voz-propia-programa-electoral-23-j,pnv-ia-derechos | pnv-ia-derechos-pnv-euskadi-2024-revision,pnv-2023 | congreso-jornada-2025 | pnv-euskadi-2024 | senado-smi-2022 | senado-pelotas-2021 | pnv-mordaza-2024 | pnv-irpf-2022 | pnv-palestina-2024 | pnv-fortunas-acuerdo-2023,2026-10-07
geroa-bai,Geroa Bai,ia-derechos,¿Debería regularse la inteligencia artificial para proteger derechos fundamentales?,no_comparable_evidence,,No se ha encontrado una posición suficientemente clara en las fuentes consultadas.,,,geroa-bai-fiscalidad-2025 | geroa-bai-forales-2023 | geroa-bai-generales-2019 | navarra-nuclear-2025 | geroa-pensiones-enmienda-2014 | geroa-pelotas-2021 | navarra-ebau-2023 | geroa-irpf-2025 | geroa-bai-forales-2015,2026-10-07
iu,Izquierda Unida,ia-derechos,¿Debería regularse la inteligencia artificial para proteger derechos fundamentales?,comparable,support,Propone regular imágenes y voces generadas por inteligencia artificial para proteger a las personas frente a abusos.,https://izquierdaunida.org/wp-content/uploads/2023/07/Programa-IU-Elecciones-Generales-Jl2023.pdf,iu-ia-derechos-ampliacion-2026,iu-2023 | iu-jornada-2024 | iu-palestina-2024 | iu-europeas-2019 | iu-nuclear-2026 | iu-mordaza-2025,2026-10-07
junts,Junts per Catalunya,ia-derechos,¿Debería regularse la inteligencia artificial para proteger derechos fundamentales?,no_comparable_evidence,,No se ha encontrado una posición suficientemente clara en las fuentes consultadas.,,,congreso-jornada-2025 | junts-catalunya-2024 | senado-smi-2022 | senado-pelotas-2021 | senado-cooperacion-2022,2026-10-07
mas-madrid,Más Madrid,ia-derechos,¿Debería regularse la inteligencia artificial para proteger derechos fundamentales?,no_comparable_evidence,,No se ha encontrado una posición suficientemente clara en las fuentes consultadas.,,,mas-madrid-aborto-2025 | mas-madrid-cm-2023 | mas-madrid-jornada-2024 | mas-madrid-alquiler-2026 | mas-madrid-mordaza | senado-cooperacion-2022 | mas-madrid-fortunas-carta-2023,2026-10-07
pp,Partido Popular,ia-derechos,¿Debería regularse la inteligencia artificial para proteger derechos fundamentales?,comparable,support,Propone impulsar la regulación europea de inteligencia artificial conforme a sus principios y valores.,https://www.pp.es/storage/2023/07/programa_electoral_pp_23j_feijoo_2023.pdf,pp-ia-derechos,pp-2023 | congreso-jornada-2025 | pp-pension-ipc-2026 | pp-banca-jornada | pp-jornada-2025 | canarias-regularizacion-2026 | senado-smi-2022 | canarias-cadena-julio-2022 | senado-pelotas-2021 | pp-mordaza-pnl-2021 | canarias-cannabis-2024 | pp-alquiler-2025 | pp-palestina-2024 | pp-murcia-2025,2026-10-07
psoe,Partido Socialista Obrero Español,ia-derechos,¿Debería regularse la inteligencia artificial para proteger derechos fundamentales?,comparable,support,Propone una autoridad de supervisión de la inteligencia artificial para proteger los derechos y los valores democráticos.,https://xn--espaaavanza-4db.es/wp-content/uploads/2023/07/PROGRAMA_ELECTORAL-GENERALES-2023.pdf,psoe-ia-derechos-ampliacion-2026,psoe-2023 | psoe-mayo-2024 | psoe-palestina-discurso | psoe-alquiler-2025 | psoe-defensa-plan-2025 | psoe-aborto-pnl-indexada-2025 | senado-pelotas-2021 | psoe-mordaza-2024 | psoe-mordaza-ppl-2024 | psoe-fortunas-2025 | psoe-desahucios-2026 | canarias-cannabis-2024 | psoe-regularizacion-2026,2026-10-07
podemos,Podemos,ia-derechos,¿Debería regularse la inteligencia artificial para proteger derechos fundamentales?,no_comparable_evidence,,No se ha encontrado una posición suficientemente clara en las fuentes consultadas.,,,congreso-jornada-2025 | podemos-jornada-2019 | podemos-infantil-programa | podemos-alquiler-programa | podemos-pensiones-programa | podemos-smi-programa | podemos-cie-programa | podemos-cannabis-programa | podemos-vivienda-publica-programa | podemos-desahucios-programa | podemos-hidroelectricas-programa | podemos-nuclear-programa | podemos-permiso-nacimiento-programa | podemos-transporte-joven-europa | podemos-murcia-dental-2023 | podemos-murcia-regularizacion-2026 | podemos-andalucia-aborto-2023 | podemos-software-2015 | podemos-palestina-2016 | podemos-mordaza-declaracion | podemos-ganaderia-europa | podemos-tpan-europa | podemos-justicia-fiscal | podemos-murcia-igualdad-2017 | podemos-jubilacion-declaracion | podemos-cgpj-programa | podemos-cooperacion-programa,2026-10-07
sumar-2023,Sumar · coalición electoral de 2023,ia-derechos,¿Debería regularse la inteligencia artificial para proteger derechos fundamentales?,comparable,support,Propone regular auditorías para comprobar que los sistemas de inteligencia artificial de las empresas no discriminen a las personas trabajadoras.,https://movimientosumar.es/wp-content/uploads/2023/07/Un-Programa-para-ti.pdf,sumar-2023-ia-derechos-ampliacion-2026,sumar-2023,2026-10-07
upn,Unión del Pueblo Navarro,ia-derechos,¿Debería regularse la inteligencia artificial para proteger derechos fundamentales?,no_comparable_evidence,,No se ha encontrado una posición suficientemente clara en las fuentes consultadas.,,,upn-2023 | congreso-jornada-2025 | upn-forales-2023 | navarra-nuclear-votacion-2025 | navarra-ebau-2023 | upn-alquiler-2026,2026-10-07
vox,VOX,ia-derechos,¿Debería regularse la inteligencia artificial para proteger derechos fundamentales?,no_comparable_evidence,,No se ha encontrado una posición suficientemente clara en las fuentes consultadas.,,,vox-2023 | congreso-jornada-2025 | vox-cannabis-2022 | vox-defensa-2025 | vox-regularizacion-2026 | senado-pelotas-2021 | vox-mordaza-2024 | canarias-cannabis-2024 | senado-cooperacion-2022 | vox-fortunas-2024,2026-10-07
ahi,Agrupación Herreña Independiente,atencion-presencial,¿Debería garantizarse atención presencial en la Administración aunque exista una vía digital?,no_comparable_evidence,,No se ha encontrado una posición suficientemente clara en las fuentes consultadas.,,,ahi-vivienda-2025 | ahi-canarias-2023 | ahi-frontera-2023 | ahi-decreto-canarias-2025 | canarias-jornada-2025 | canarias-regularizacion-2026 | canarias-aborto-2025 | canarias-ganaderia-2026 | canarias-cannabis-2024,2026-10-07
asg,Agrupación Socialista Gomera,atencion-presencial,¿Debería garantizarse atención presencial en la Administración aunque exista una vía digital?,comparable,conditional,"Apoya garantizar acceso real a las oficinas de la Seguridad Social, reforzar sus plantillas y reducir esperas de atención presencial.",https://www.senado.es/legis15/publicaciones/pdf/senado/ds/DS_C_15_692.PDF,asg-atencion-presencial-senado-permisos-2026-revision,asg-pensiones-2018 | asg-vivienda-2026 | asg-transporte-2025 | canarias-jornada-2025 | canarias-regularizacion-2026 | canarias-aborto-2025 | senado-smi-2022 | canarias-infantil-2020 | canarias-ganaderia-2026 | canarias-cadena-julio-2022 | senado-permisos-2026 | canarias-cannabis-2024,2026-10-07
bng,Bloque Nacionalista Galego,atencion-presencial,¿Debería garantizarse atención presencial en la Administración aunque exista una vía digital?,comparable,support,Propone atención presencial sin cita previa en todas las oficinas administrativas.,https://www.bng.gal/media/bnggaliza/files/2023/07/05/23_bng_xerais_programa.pdf,bng-atencion-presencial,bng-2023 | congreso-jornada-35 | bng-galegas-2024,2026-10-07
cc,Coalición Canaria,atencion-presencial,¿Debería garantizarse atención presencial en la Administración aunque exista una vía digital?,comparable,conditional,Propone digitalizar los trámites de Canarias sin desatender la atención presencial donde sea necesaria.,https://coalicioncanaria.org/wp-content/uploads/cc-pdf/programas-electorales/00%20Programa%20Electoral%20Elecciones%20auton%C3%B3micas%20y%20municipales%202023.pdf,cc-atencion-presencial-cc-canarias-2023-revision,cc-menores-2024 | cc-pensiones | cc-fiscalidad | cc-canarias-2023 | cc-regularizacion-2026 | canarias-jornada-2025 | canarias-regularizacion-2026 | canarias-aborto-2025 | canarias-infantil-2020 | canarias-cannabis-2024,2026-10-07
compromis,Compromís,atencion-presencial,¿Debería garantizarse atención presencial en la Administración aunque exista una vía digital?,comparable,conditional,Propone garantizar atención presencial sin cita previa en las administraciones valencianas.,https://28m.compromis.net/docs/PROGRAMA_ELECTORAL_2023_%20CAS.pdf,compromis-atencion-presencial-compromis-corts-2023-revision,congreso-jornada-2025 | compromis-sumar-2023 | compromis-alquiler-2025 | compromis-corts-2023 | compromis-generales-2011-societat | compromis-aborto-2025 | compromis-mordaza-2019 | compromis-acuerdo-2016,2026-10-07
erc,Esquerra Republicana de Catalunya,atencion-presencial,¿Debería garantizarse atención presencial en la Administración aunque exista una vía digital?,comparable,support,Propone procedimientos alternativos a medios telemáticos con atención directa de las administraciones.,https://static.esquerra.cat/uploads/20230905/e2023-programa.pdf,erc-atencion-presencial,erc-2023 | congreso-jornada-2025 | erc-dental-2026 | erc-cannabis-2021 | erc-vivienda-2018 | erc-palestina-2026 | erc-industria-2026 | erc-cuestionario-pensiones | erc-europeas-2024 | erc-jornada-2024 | erc-catalunya-2024,2026-10-07
eh-bildu,Euskal Herria Bildu,atencion-presencial,¿Debería garantizarse atención presencial en la Administración aunque exista una vía digital?,comparable,conditional,Propone solicitud y tramitación presencial del ingreso mínimo vital; el ámbito no abarca toda la administración.,https://ehbildu.eus/dokumentuak/23J-COMPROMISO-DE-EUSKAL-HERRIA-BILDU.pdf,eh-bildu-atencion-presencial | eh-bildu-atencion-presencial-bildu-euskadi-2024-revision,bildu-2023 | bildu-gasteiz-programa | bildu-euskadi-2024 | navarra-nuclear-2025 | navarra-ebau-2023,2026-10-07
pnv,Euzko Alderdi Jeltzalea–Partido Nacionalista Vasco,atencion-presencial,¿Debería garantizarse atención presencial en la Administración aunque exista una vía digital?,comparable,conditional,Propone mejorar la atención ciudadana presencial y telemática para que todas las personas puedan acceder a la Administración vasca.,https://www.eaj-pnv.eus/es/adjuntos-documentos/21243/pdf/programa-electoral-21a,pnv-atencion-presencial-pnv-euskadi-2024-revision,pnv-2023 | congreso-jornada-2025 | pnv-euskadi-2024 | senado-smi-2022 | senado-pelotas-2021 | pnv-mordaza-2024 | pnv-irpf-2022 | pnv-palestina-2024 | pnv-fortunas-acuerdo-2023,2026-10-07
geroa-bai,Geroa Bai,atencion-presencial,¿Debería garantizarse atención presencial en la Administración aunque exista una vía digital?,no_comparable_evidence,,No se ha encontrado una posición suficientemente clara en las fuentes consultadas.,,,geroa-bai-fiscalidad-2025 | geroa-bai-forales-2023 | geroa-bai-generales-2019 | navarra-nuclear-2025 | geroa-pensiones-enmienda-2014 | geroa-pelotas-2021 | navarra-ebau-2023 | geroa-irpf-2025 | geroa-bai-forales-2015,2026-10-07
iu,Izquierda Unida,atencion-presencial,¿Debería garantizarse atención presencial en la Administración aunque exista una vía digital?,no_comparable_evidence,,No se ha encontrado una posición suficientemente clara en las fuentes consultadas.,,,iu-2023 | iu-jornada-2024 | iu-palestina-2024 | iu-europeas-2019 | iu-nuclear-2026 | iu-mordaza-2025,2026-10-07
junts,Junts per Catalunya,atencion-presencial,¿Debería garantizarse atención presencial en la Administración aunque exista una vía digital?,no_comparable_evidence,,No se ha encontrado una posición suficientemente clara en las fuentes consultadas.,,,congreso-jornada-2025 | junts-catalunya-2024 | senado-smi-2022 | senado-pelotas-2021 | senado-cooperacion-2022,2026-10-07
mas-madrid,Más Madrid,atencion-presencial,¿Debería garantizarse atención presencial en la Administración aunque exista una vía digital?,comparable,conditional,"Propone atención presencial adecuada para personas mayores y colectivos vulnerables, con oficinas y ventanilla única.",https://programa.masmadrid.org/pdf/Comunidad%20de%20Madrid/Programa%20M%C3%A1s%20Madrid%20-%20CM%202023.pdf,mas-madrid-atencion-presencial-mas-madrid-cm-2023-revision,mas-madrid-aborto-2025 | mas-madrid-cm-2023 | mas-madrid-jornada-2024 | mas-madrid-alquiler-2026 | mas-madrid-mordaza | senado-cooperacion-2022 | mas-madrid-fortunas-carta-2023,2026-10-07
pp,Partido Popular,atencion-presencial,¿Debería garantizarse atención presencial en la Administración aunque exista una vía digital?,comparable,support,"Propone compatibilizar cita previa con atención presencial, eliminando trabas.",https://www.pp.es/storage/2023/07/programa_electoral_pp_23j_feijoo_2023.pdf,pp-atencion-presencial,pp-2023 | congreso-jornada-2025 | pp-pension-ipc-2026 | pp-banca-jornada | pp-jornada-2025 | canarias-regularizacion-2026 | senado-smi-2022 | canarias-cadena-julio-2022 | senado-pelotas-2021 | pp-mordaza-pnl-2021 | canarias-cannabis-2024 | pp-alquiler-2025 | pp-palestina-2024 | pp-murcia-2025,2026-10-07
psoe,Partido Socialista Obrero Español,atencion-presencial,¿Debería garantizarse atención presencial en la Administración aunque exista una vía digital?,comparable,support,Propone atención presencial sin cita previa obligatoria y horarios flexibles.,https://xn--espaaavanza-4db.es/wp-content/uploads/2023/07/PROGRAMA_ELECTORAL-GENERALES-2023.pdf,psoe-atencion-presencial,psoe-2023 | psoe-mayo-2024 | psoe-palestina-discurso | psoe-alquiler-2025 | psoe-defensa-plan-2025 | psoe-aborto-pnl-indexada-2025 | senado-pelotas-2021 | psoe-mordaza-2024 | psoe-mordaza-ppl-2024 | psoe-fortunas-2025 | psoe-desahucios-2026 | canarias-cannabis-2024 | psoe-regularizacion-2026,2026-10-07
podemos,Podemos,atencion-presencial,¿Debería garantizarse atención presencial en la Administración aunque exista una vía digital?,no_comparable_evidence,,No se ha encontrado una posición suficientemente clara en las fuentes consultadas.,,,congreso-jornada-2025 | podemos-jornada-2019 | podemos-infantil-programa | podemos-alquiler-programa | podemos-pensiones-programa | podemos-smi-programa | podemos-cie-programa | podemos-cannabis-programa | podemos-vivienda-publica-programa | podemos-desahucios-programa | podemos-hidroelectricas-programa | podemos-nuclear-programa | podemos-permiso-nacimiento-programa | podemos-transporte-joven-europa | podemos-murcia-dental-2023 | podemos-murcia-regularizacion-2026 | podemos-andalucia-aborto-2023 | podemos-software-2015 | podemos-palestina-2016 | podemos-mordaza-declaracion | podemos-ganaderia-europa | podemos-tpan-europa | podemos-justicia-fiscal | podemos-murcia-igualdad-2017 | podemos-jubilacion-declaracion | podemos-cgpj-programa | podemos-cooperacion-programa,2026-10-07
sumar-2023,Sumar · coalición electoral de 2023,atencion-presencial,¿Debería garantizarse atención presencial en la Administración aunque exista una vía digital?,comparable,support,Propone mantener opciones reales de tramitación presencial al digitalizar la Administración.,https://movimientosumar.es/wp-content/uploads/2023/07/Un-Programa-para-ti.pdf,sumar-2023-atencion-presencial-sumar-2023-revision,sumar-2023,2026-10-07
upn,Unión del Pueblo Navarro,atencion-presencial,¿Debería garantizarse atención presencial en la Administración aunque exista una vía digital?,comparable,conditional,Propone garantizar atención presencial voluntaria en todos los servicios públicos navarros.,https://www.upn.org/wp-content/uploads/2024/01/programacastellano.pdf,upn-atencion-presencial-upn-forales-2023-revision,upn-2023 | congreso-jornada-2025 | upn-forales-2023 | navarra-nuclear-votacion-2025 | navarra-ebau-2023 | upn-alquiler-2026,2026-10-07
vox,VOX,atencion-presencial,¿Debería garantizarse atención presencial en la Administración aunque exista una vía digital?,comparable,support,Propone garantizar una alternativa presencial en gestiones ordinarias para mayores.,https://www.votaabascal.es/assets/pdf/Programa-VOX-2023.pdf,vox-atencion-presencial,vox-2023 | congreso-jornada-2025 | vox-cannabis-2022 | vox-defensa-2025 | vox-regularizacion-2026 | senado-pelotas-2021 | vox-mordaza-2024 | canarias-cannabis-2024 | senado-cooperacion-2022 | vox-fortunas-2024,2026-10-07
ahi,Agrupación Herreña Independiente,software-publico,¿Debería priorizarse software libre en la contratación informática pública?,no_comparable_evidence,,No se ha encontrado una posición suficientemente clara en las fuentes consultadas.,,,ahi-vivienda-2025 | ahi-canarias-2023 | ahi-frontera-2023 | ahi-decreto-canarias-2025 | canarias-jornada-2025 | canarias-regularizacion-2026 | canarias-aborto-2025 | canarias-ganaderia-2026 | canarias-cannabis-2024,2026-10-07
asg,Agrupación Socialista Gomera,software-publico,¿Debería priorizarse software libre en la contratación informática pública?,no_comparable_evidence,,No se ha encontrado una posición suficientemente clara en las fuentes consultadas.,,,asg-pensiones-2018 | asg-vivienda-2026 | asg-transporte-2025 | canarias-jornada-2025 | canarias-regularizacion-2026 | canarias-aborto-2025 | senado-smi-2022 | canarias-infantil-2020 | canarias-ganaderia-2026 | canarias-cadena-julio-2022 | senado-permisos-2026 | canarias-cannabis-2024,2026-10-07
bng,Bloque Nacionalista Galego,software-publico,¿Debería priorizarse software libre en la contratación informática pública?,no_comparable_evidence,,No se ha encontrado una posición suficientemente clara en las fuentes consultadas.,,,bng-2023 | congreso-jornada-35 | bng-galegas-2024,2026-10-07
cc,Coalición Canaria,software-publico,¿Debería priorizarse software libre en la contratación informática pública?,no_comparable_evidence,,No se ha encontrado una posición suficientemente clara en las fuentes consultadas.,,,cc-menores-2024 | cc-pensiones | cc-fiscalidad | cc-canarias-2023 | cc-regularizacion-2026 | canarias-jornada-2025 | canarias-regularizacion-2026 | canarias-aborto-2025 | canarias-infantil-2020 | canarias-cannabis-2024,2026-10-07
compromis,Compromís,software-publico,¿Debería priorizarse software libre en la contratación informática pública?,related,,"Propone tecnologías abiertas, incluido software libre, en la Generalitat y empresas.",https://28m.compromis.net/docs/PROGRAMA_ELECTORAL_2023_%20CAS.pdf,compromis-software-publico-compromis-corts-2023-revision,congreso-jornada-2025 | compromis-sumar-2023 | compromis-alquiler-2025 | compromis-corts-2023 | compromis-generales-2011-societat | compromis-aborto-2025 | compromis-mordaza-2019 | compromis-acuerdo-2016,2026-10-07
erc,Esquerra Republicana de Catalunya,software-publico,¿Debería priorizarse software libre en la contratación informática pública?,related,,Propone fomentar herramientas y tecnologías de software libre y estándares abiertos.,https://static.esquerra.cat/uploads/20240529/c2024-programa.pdf,erc-software-publico-erc-catalunya-2024-revision,erc-2023 | congreso-jornada-2025 | erc-dental-2026 | erc-cannabis-2021 | erc-vivienda-2018 | erc-palestina-2026 | erc-industria-2026 | erc-cuestionario-pensiones | erc-europeas-2024 | erc-jornada-2024 | erc-catalunya-2024,2026-10-07
eh-bildu,Euskal Herria Bildu,software-publico,¿Debería priorizarse software libre en la contratación informática pública?,no_comparable_evidence,,No se ha encontrado una posición suficientemente clara en las fuentes consultadas.,,,bildu-2023 | bildu-gasteiz-programa | bildu-euskadi-2024 | navarra-nuclear-2025 | navarra-ebau-2023,2026-10-07
pnv,Euzko Alderdi Jeltzalea–Partido Nacionalista Vasco,software-publico,¿Debería priorizarse software libre en la contratación informática pública?,no_comparable_evidence,,No se ha encontrado una posición suficientemente clara en las fuentes consultadas.,,,pnv-2023 | congreso-jornada-2025 | pnv-euskadi-2024 | senado-smi-2022 | senado-pelotas-2021 | pnv-mordaza-2024 | pnv-irpf-2022 | pnv-palestina-2024 | pnv-fortunas-acuerdo-2023,2026-10-07
geroa-bai,Geroa Bai,software-publico,¿Debería priorizarse software libre en la contratación informática pública?,comparable,support,Propone utilizar software libre en todos los desarrollos y aplicaciones apoyados por la Administración Foral.,https://geroabai.eus/files/2016/12/basesprogram%C3%A1ticas2015castellano.pdf,geroa-bai-software-publico-geroa-bai-forales-2015-revision,geroa-bai-fiscalidad-2025 | geroa-bai-forales-2023 | geroa-bai-generales-2019 | navarra-nuclear-2025 | geroa-pensiones-enmienda-2014 | geroa-pelotas-2021 | navarra-ebau-2023 | geroa-irpf-2025 | geroa-bai-forales-2015,2026-10-07
iu,Izquierda Unida,software-publico,¿Debería priorizarse software libre en la contratación informática pública?,comparable,support,Propone uso preferente de programas de código abierto en las administraciones públicas.,https://izquierdaunida.org/wp-content/uploads/2019/05/Programa-completo-IU-Europeas-2019.pdf,iu-software-publico-iu-europeas-2019-revision,iu-2023 | iu-jornada-2024 | iu-palestina-2024 | iu-europeas-2019 | iu-nuclear-2026 | iu-mordaza-2025,2026-10-07
junts,Junts per Catalunya,software-publico,¿Debería priorizarse software libre en la contratación informática pública?,no_comparable_evidence,,No se ha encontrado una posición suficientemente clara en las fuentes consultadas.,,,congreso-jornada-2025 | junts-catalunya-2024 | senado-smi-2022 | senado-pelotas-2021 | senado-cooperacion-2022,2026-10-07
mas-madrid,Más Madrid,software-publico,¿Debería priorizarse software libre en la contratación informática pública?,related,,Propone fomentar software libre en las herramientas informáticas de salud madrileñas.,https://programa.masmadrid.org/pdf/Comunidad%20de%20Madrid/Programa%20M%C3%A1s%20Madrid%20-%20CM%202023.pdf,mas-madrid-software-publico-mas-madrid-cm-2023-revision,mas-madrid-aborto-2025 | mas-madrid-cm-2023 | mas-madrid-jornada-2024 | mas-madrid-alquiler-2026 | mas-madrid-mordaza | senado-cooperacion-2022 | mas-madrid-fortunas-carta-2023,2026-10-07
pp,Partido Popular,software-publico,¿Debería priorizarse software libre en la contratación informática pública?,no_comparable_evidence,,No se ha encontrado una posición suficientemente clara en las fuentes consultadas.,,,pp-2023 | congreso-jornada-2025 | pp-pension-ipc-2026 | pp-banca-jornada | pp-jornada-2025 | canarias-regularizacion-2026 | senado-smi-2022 | canarias-cadena-julio-2022 | senado-pelotas-2021 | pp-mordaza-pnl-2021 | canarias-cannabis-2024 | pp-alquiler-2025 | pp-palestina-2024 | pp-murcia-2025,2026-10-07
psoe,Partido Socialista Obrero Español,software-publico,¿Debería priorizarse software libre en la contratación informática pública?,no_comparable_evidence,,No se ha encontrado una posición suficientemente clara en las fuentes consultadas.,,,psoe-2023 | psoe-mayo-2024 | psoe-palestina-discurso | psoe-alquiler-2025 | psoe-defensa-plan-2025 | psoe-aborto-pnl-indexada-2025 | senado-pelotas-2021 | psoe-mordaza-2024 | psoe-mordaza-ppl-2024 | psoe-fortunas-2025 | psoe-desahucios-2026 | canarias-cannabis-2024 | psoe-regularizacion-2026,2026-10-07
podemos,Podemos,software-publico,¿Debería priorizarse software libre en la contratación informática pública?,comparable,conditional,Propone priorizar software libre en las administraciones cuando existan herramientas equivalentes al software propietario.,https://podemos.info/documento-programatico-de-cultura-y-comunicacion-elecciones-generales-de-2015/,podemos-software-publico-podemos-software-2015-revision,congreso-jornada-2025 | podemos-jornada-2019 | podemos-infantil-programa | podemos-alquiler-programa | podemos-pensiones-programa | podemos-smi-programa | podemos-cie-programa | podemos-cannabis-programa | podemos-vivienda-publica-programa | podemos-desahucios-programa | podemos-hidroelectricas-programa | podemos-nuclear-programa | podemos-permiso-nacimiento-programa | podemos-transporte-joven-europa | podemos-murcia-dental-2023 | podemos-murcia-regularizacion-2026 | podemos-andalucia-aborto-2023 | podemos-software-2015 | podemos-palestina-2016 | podemos-mordaza-declaracion | podemos-ganaderia-europa | podemos-tpan-europa | podemos-justicia-fiscal | podemos-murcia-igualdad-2017 | podemos-jubilacion-declaracion | podemos-cgpj-programa | podemos-cooperacion-programa,2026-10-07
sumar-2023,Sumar · coalición electoral de 2023,software-publico,¿Debería priorizarse software libre en la contratación informática pública?,comparable,support,Propone cláusulas en contratación pública para priorizar software libre y abierto.,https://movimientosumar.es/wp-content/uploads/2023/07/Un-Programa-para-ti.pdf,sumar-2023-software-publico,sumar-2023,2026-10-07
upn,Unión del Pueblo Navarro,software-publico,¿Debería priorizarse software libre en la contratación informática pública?,no_comparable_evidence,,No se ha encontrado una posición suficientemente clara en las fuentes consultadas.,,,upn-2023 | congreso-jornada-2025 | upn-forales-2023 | navarra-nuclear-votacion-2025 | navarra-ebau-2023 | upn-alquiler-2026,2026-10-07
vox,VOX,software-publico,¿Debería priorizarse software libre en la contratación informática pública?,no_comparable_evidence,,No se ha encontrado una posición suficientemente clara en las fuentes consultadas.,,,vox-2023 | congreso-jornada-2025 | vox-cannabis-2022 | vox-defensa-2025 | vox-regularizacion-2026 | senado-pelotas-2021 | vox-mordaza-2024 | canarias-cannabis-2024 | senado-cooperacion-2022 | vox-fortunas-2024,2026-10-07
